time_ms,iTOW,connected,hasFix,sats,lat_deg,lon_deg,alt_m,speed_kph,velN_mps,velE_mps,velD_mps,gX,gY,gZ,rollRate_dps,pitchRate_dps,yawRate_dps,yaw_deg,pitch_deg,lean_deg,can_valid,can_rpm,can_gear,can_speed,can_neutral,can_clutch,can_brake_switch,can_coolant_temp,can_throttle_demand_pct,can_throttle_actual_raw,can_rear_motion_raw,can_shift_event_raw,can_att_174_raw,can_att_178_raw,can_att_17c_raw
9580,3600,1,0,0,0.0000000,0.0000000,0.000,0.000,0.000,0.000,0.000,0.0400,0.0290,0.9990,-2.85,0.83,0.47,0.000,-2.293,3.938,1,0,0,0.0,1,0,1,64.0,0.0,109,0,0,25,15998
9645,3680,1,0,0,0.0000000,0.0000000,0.000,0.000,0.000,0.000,0.000,0.0400,0.0300,0.9990,-2.84,0.83,0.47,0.000,-2.293,3.877,1,0,0,0.0,1,0,1,64.0,0.0,109,0,0,22,15998
9732,3760,1,0,0,0.0000000,0.0000000,0.000,0.000,0.000,0.000,0.000,0.0400,0.0310,1.0000,-2.92,0.83,0.46,0.000,-2.291,3.817,1,0,0,0.0,1,0,1,64.0,0.0,109,0,0,22,11646
9795,3840,1,0,0,0.0000000,0.0000000,0.000,0.000,0.000,0.000,0.000,0.0400,0.0310,1.0000,-3.00,0.82,0.47,0.000,-2.291,3.754,1,0,0,0.0,1,0,1,64.0,0.0,109,0,0,-6,11646
9883,3880,1,0,0,0.0000000,0.0000000,0.000,0.000,0.000,0.000,0.000,0.0400,0.0310,1.0000,-3.03,0.81,0.47,0.000,-2.291,3.721,1,0,0,0.0,1,0,1,64.0,0.0,109,0,0,-6,11646
9945,4000,1,0,0,0.0000000,0.0000000,0.000,0.000,0.000,0.000,0.000,0.0400,0.0290,0.9990,-3.07,0.84,0.47,0.000,-2.293,3.616,1,0,0,0.0,1,0,1,64.0,0.0,109,0,0,-6,11646
10034,4080,1,0,0,0.0000000,0.0000000,0.000,0.000,0.000,0.000,0.000,0.0400,0.0270,0.9990,-3.02,0.84,0.47,0.000,-2.293,3.548,1,0,0,0.0,1,0,1,64.0,0.0,109,0,0,-6,11646
10099,4120,1,0,0,0.0000000,0.0000000,0.000,0.000,0.000,0.000,0.000,0.0400,0.0270,1.0000,-2.97,0.84,0.47,0.000,-2.291,3.517,1,0,0,0.0,1,0,1,64.0,0.0,109,0,0,-6,11646
10187,4200,1,0,0,0.0000000,0.0000000,0.000,0.000,0.000,0.000,0.000,0.0400,0.0270,1.0000,-2.89,0.83,0.48,0.000,-2.291,3.461,1,0,0,0.0,1,0,1,64.0,0.0,109,0,0,-6,11646
10249,4280,1,0,0,0.0000000,0.0000000,0.000,0.000,0.000,0.000,0.000,0.0400,0.0280,1.0000,-2.85,0.83,0.48,0.000,-2.291,3.414,1,0,0,0.0,1,0,1,64.0,0.0,109,0,0,22,11646
10337,4360,1,0,0,0.0000000,0.0000000,0.000,0.000,0.000,0.000,0.000,0.0400,0.0300,1.0000,-2.84,0.83,0.47,0.000,-2.291,3.373,1,0,0,0.0,1,0,1,64.0,0.0,109,0,0,8,11646
10402,4440,1,0,0,0.0000000,0.0000000,0.000,0.000,0.000,0.000,0.000,0.0400,0.0300,0.9990,-2.86,0.83,0.46,0.000,-2.293,3.334,1,0,0,0.0,1,0,1,64.0,0.0,109,0,0,25,11646
10489,4520,1,0,0,0.0000000,0.0000000,0.000,0.000,0.000,0.000,0.000,0.0400,0.0300,0.9990,-2.88,0.83,0.46,0.000,-2.293,3.295,1,0,0,0.0,1,0,1,64.0,0.0,109,0,0,8,14462
10551,4600,1,0,0,0.0000000,0.0000000,0.000,0.000,0.000,0.000,0.000,0.0410,0.0320,0.9990,-2.95,0.83,0.47,0.000,-2.350,3.257,1,0,0,0.0,1,0,1,64.0,0.0,109,0,0,17,10110
10641,4680,1,0,0,0.0000000,0.0000000,0.000,0.000,0.000,0.000,0.000,0.0400,0.0340,0.9990,-3.08,0.82,0.47,0.000,-2.293,3.216,1,0,0,0.0,1,0,1,64.0,0.0,109,0,0,-6,12926
10705,4720,1,0,0,0.0000000,0.0000000,0.000,0.000,0.000,0.000,0.000,0.0400,0.0340,0.9990,-3.17,0.82,0.48,0.000,-2.293,3.191,1,0,0,0.0,1,0,1,64.0,0.0,109,0,0,-34,6526
10792,4800,1,0,0,0.0000000,0.0000000,0.000,0.000,0.000,0.000,0.000,0.0410,0.0290,0.9990,-3.31,0.83,0.49,0.000,-2.350,3.126,1,0,0,0.0,1,0,1,64.0,0.0,109,0,0,-45,18558
10857,4880,1,0,0,0.0000000,0.0000000,0.000,0.000,0.000,0.000,0.000,0.0410,0.0220,0.9990,-3.21,0.84,0.48,0.000,-2.350,3.052,1,0,0,0.0,1,0,1,64.0,0.0,109,0,0,14,-29825
10946,5000,1,0,0,0.0000000,0.0000000,0.000,0.000,0.000,0.000,0.000,0.0400,0.0200,1.0000,-2.71,0.84,0.47,0.000,-2.291,2.976,1,0,0,0.0,1,0,1,64.0,0.0,109,0,0,14,-29825
11008,5040,1,0,0,0.0000000,0.0000000,0.000,0.000,0.000,0.000,0.000,0.0400,0.0210,1.0000,-2.56,0.83,0.47,0.000,-2.291,2.966,1,0,0,0.0,1,0,1,64.0,0.0,109,0,0,56,-29825
11099,5120,1,0,0,0.0000000,0.0000000,0.000,0.000,0.000,0.000,0.000,0.0390,0.0250,0.9990,-2.29,0.83,0.45,0.000,-2.236,2.968,1,0,0,0.0,1,0,1,64.0,0.0,109,0,0,56,-29825
11160,5200,1,0,0,0.0000000,0.0000000,0.000,0.000,0.000,0.000,0.000,0.0390,0.0310,0.9990,-2.20,0.82,0.43,0.000,-2.236,2.994,1,0,0,0.0,1,0,1,64.0,0.0,109,0,0,126,15998
11251,5280,1,0,0,0.0000000,0.0000000,0.000,0.000,0.000,0.000,0.000,0.0380,0.0310,0.9980,-2.28,0.80,0.41,0.000,-2.181,3.021,1,0,0,0.0,1,0,1,64.0,0.0,109,0,0,95,6526
11313,5360,1,0,0,0.0000000,0.0000000,0.000,0.000,0.000,0.000,0.000,0.0400,0.0310,0.9990,-2.38,0.81,0.45,0.000,-2.293,3.044,1,0,0,0.0,1,0,1,64.0,0.0,109,0,0,90,15998
11401,5440,1,0,0,0.0000000,0.0000000,0.000,0.000,0.000,0.000,0.000,0.0440,0.0370,0.9990,-2.46,0.82,0.47,0.000,-2.522,3.061,1,0,0,0.0,1,0,1,64.0,0.0,109,0,0,76,14462
11461,5520,1,0,0,0.0000000,0.0000000,0.000,0.000,0.000,0.000,0.000,0.0440,0.0360,0.9980,-2.59,0.83,0.45,0.000,-2.524,3.068,1,0,0,0.0,1,0,1,64.0,0.0,109,0,0,76,14462
11553,5600,1,0,0,0.0000000,0.0000000,0.000,0.000,0.000,0.000,0.000,0.0400,0.0330,0.9980,-2.67,0.83,0.44,0.000,-2.295,3.064,1,0,0,0.0,1,0,1,64.0,0.0,109,0,0,64,5246
11616,5640,1,0,0,0.0000000,0.0000000,0.000,0.000,0.000,0.000,0.000,0.0400,0.0330,0.9990,-2.66,0.83,0.45,0.000,-2.293,3.062,1,0,0,0.0,1,0,1,64.0,0.0,109,0,0,53,-1666
11703,5760,1,0,0,0.0000000,0.0000000,0.000,0.000,0.000,0.000,0.000,0.0400,0.0360,0.9990,-2.73,0.82,0.46,0.000,-2.293,3.062,1,0,0,0.0,1,0,1,64.0,0.0,109,0,0,53,-1666
11768,5800,1,0,0,0.0000000,0.0000000,0.000,0.000,0.000,0.000,0.000,0.0400,0.0380,0.9990,-2.81,0.82,0.45,0.000,-2.293,3.060,1,0,0,0.0,1,0,1,64.0,0.0,109,0,0,42,-1666
11856,5880,1,0,0,0.0000000,0.0000000,0.000,0.000,0.000,0.000,0.000,0.0410,0.0370,0.9990,-2.98,0.83,0.47,0.000,-2.350,3.043,1,0,0,0.0,1,0,1,64.0,0.0,109,0,0,42,-1666
11922,5960,1,0,0,0.0000000,0.0000000,0.000,0.000,0.000,0.000,0.000,0.0410,0.0360,0.9990,-3.13,0.82,0.49,0.000,-2.350,3.014,1,0,0,0.0,1,0,1,64.0,0.0,108,0,0,-11,-1666
12014,6040,1,0,0,0.0000000,0.0000000,0.000,0.000,0.000,0.000,0.000,0.0400,0.0340,0.9990,-3.19,0.82,0.49,0.000,-2.293,2.975,1,0,0,0.0,1,0,1,64.0,0.0,108,0,0,-36,11646
12081,6120,1,0,0,0.0000000,0.0000000,0.000,0.000,0.000,0.000,0.000,0.0400,0.0310,0.9990,-3.18,0.83,0.49,0.000,-2.293,2.930,1,0,0,0.0,1,0,1,64.0,0.0,108,0,0,-36,18046
12191,6240,1,0,0,0.0000000,0.0000000,0.000,0.000,0.000,0.000,0.000,0.0400,0.0310,0.9990,-3.01,0.82,0.47,0.000,-2.293,2.874,1,0,0,0.0,1,0,1,64.0,0.0,108,0,0,-36,18046
12257,219935482,1,0,0,0.0000000,0.0000000,0.000,0.000,0.000,0.000,0.000,0.0400,0.0310,0.9990,-2.95,0.82,0.47,0.000,-2.293,2.862,1,0,0,0.0,1,0,1,64.0,0.0,108,0,0,6,10366
12346,219935600,1,0,0,0.0000000,0.0000000,0.000,0.000,0.000,0.000,0.000,0.0410,0.0330,0.9990,-2.94,0.82,0.46,0.000,-2.350,2.835,1,0,0,0.0,1,0,1,64.0,0.0,108,0,0,6,10366
12409,219935640,1,0,0,0.0000000,0.0000000,0.000,0.000,0.000,0.000,0.000,0.0400,0.0330,0.9990,-2.94,0.83,0.47,0.000,-2.293,2.826,1,0,0,0.0,1,0,1,64.0,0.0,109,0,0,6,10366
12499,219935760,1,0,0,0.0000000,0.0000000,0.000,0.000,0.000,0.000,0.000,0.0400,0.0320,0.9990,-2.98,0.83,0.48,0.000,-2.293,2.796,1,0,0,0.0,1,0,1,64.0,0.0,109,0,0,6,6526
12562,219935800,1,0,0,0.0000000,0.0000000,0.000,0.000,0.000,0.000,0.000,0.0400,0.0320,0.9990,-2.99,0.83,0.48,0.000,-2.293,2.785,1,0,0,0.0,1,0,1,64.0,0.0,109,0,0,-6,11646
12652,219935880,1,0,0,0.0000000,0.0000000,0.000,0.000,0.000,0.000,0.000,0.0400,0.0350,0.9990,-3.04,0.83,0.47,0.000,-2.293,2.765,1,0,0,0.0,1,0,1,64.0,0.0,109,0,0,-28,-3970
12714,219935960,1,0,0,0.0000000,0.0000000,0.000,0.000,0.000,0.000,0.000,0.0400,0.0360,0.9990,-3.19,0.82,0.49,0.000,-2.293,2.741,1,0,0,0.0,1,0,1,64.0,0.0,109,0,0,-28,-3970
12804,219936040,1,0,0,0.0000000,0.0000000,0.000,0.000,0.000,0.000,0.000,0.0400,0.0400,0.9980,-3.46,0.83,0.51,0.000,-2.295,2.706,1,0,0,0.0,1,0,1,64.0,0.0,109,0,0,-50,-15234
12867,219936120,1,0,0,0.0000000,0.0000000,0.000,0.000,0.000,0.000,0.000,0.0390,0.0750,0.9960,-4.38,0.84,0.63,0.000,-2.242,2.676,1,0,0,0.0,1,0,1,64.0,0.0,109,0,0,-50,-2948
12955,219936200,1,0,0,0.0000000,0.0000000,0.000,0.000,0.000,0.000,0.000,0.0400,0.1100,0.9820,-7.49,1.07,0.87,0.000,-2.333,2.549,1,0,0,0.0,1,0,1,64.0,0.0,109,0,0,-50,-2948
13018,219936240,1,0,0,0.0000000,0.0000000,0.000,0.000,0.000,0.000,0.000,0.0400,0.0950,0.9810,-9.23,1.30,0.92,0.000,-2.335,2.372,1,0,0,0.0,1,0,1,64.0,0.0,109,0,0,-884,23163
13106,219936360,1,0,0,0.0000000,0.0000000,0.000,0.000,0.000,0.000,0.000,0.0470,-0.0360,1.0210,-11.07,1.12,0.51,0.000,-2.636,1.373,1,0,0,0.0,1,0,1,64.0,0.0,109,0,0,-1346,23163
13170,219936400,1,0,0,0.0000000,0.0000000,0.000,0.000,0.000,0.000,0.000,0.0530,-0.0790,1.0130,-9.56,0.79,0.37,0.000,-2.995,1.006,1,0,0,0.0,1,0,1,64.0,0.0,109,0,0,-1197,-30846
13258,219936480,1,0,0,0.0000000,0.0000000,0.000,0.000,0.000,0.000,0.000,0.0470,-0.1020,0.9940,-5.43,0.74,0.49,0.000,-2.707,0.483,1,0,0,0.0,1,0,1,64.0,0.0,109,0,0,-400,-10877
13321,219936560,1,0,0,0.0000000,0.0000000,0.000,0.000,0.000,0.000,0.000,0.0370,-0.0670,1.0090,-1.69,0.71,0.56,0.000,-2.100,0.341,1,0,0,0.0,1,0,1,64.0,0.0,109,0,0,165,-8574
13411,219936640,1,0,0,0.0000000,0.0000000,0.000,0.000,0.000,0.000,0.000,0.0420,-0.0030,0.9920,0.00,0.72,0.55,0.000,-2.424,0.523,1,0,0,0.0,1,0,1,64.0,0.0,109,0,0,523,-15488
13474,219936720,1,0,0,0.0000000,0.0000000,0.000,0.000,0.000,0.000,0.000,0.0360,0.0490,0.9940,-1.03,0.90,0.61,0.000,-2.074,0.790,1,0,0,0.0,1,0,1,64.0,0.0,109,0,0,495,22910
13561,219936800,1,0,0,0.0000000,0.0000000,0.000,0.000,0.000,0.000,0.000,0.0270,0.0580,1.0040,-3.89,0.87,0.50,0.000,-1.540,0.901,1,0,0,0.0,1,0,1,64.0,0.0,109,0,0,3,-3458
13625,219936840,1,0,0,0.0000000,0.0000000,0.000,0.000,0.000,0.000,0.000,0.0290,0.0380,1.0010,-5.00,0.83,0.49,0.000,-1.659,0.856,1,0,0,0.0,1,0,1,64.0,0.0,109,0,0,-456,-3458
13716,219936920,1,0,0,0.0000000,0.0000000,0.000,0.000,0.000,0.000,0.000,0.0330,-0.0040,1.0020,-5.81,0.79,0.51,0.000,-1.886,0.640,1,0,0,0.0,1,0,1,64.0,0.0,109,0,0,-456,-3458
13778,219937000,1,0,0,0.0000000,0.0000000,0.000,0.000,0.000,0.000,0.000,0.0370,-0.0380,0.9990,-5.03,0.80,0.52,0.000,-2.121,0.379,1,0,0,0.0,1,0,1,64.0,0.0,109,1,0,-456,-3458
13869,219937080,1,0,0,0.0000000,0.0000000,0.000,0.000,0.000,0.000,0.000,0.0440,-0.0420,0.9990,-3.35,0.81,0.49,0.000,-2.522,0.229,1,0,0,0.0,1,0,1,64.0,0.0,109,1,0,-17,-3458
13931,219937160,1,0,0,0.0000000,0.0000000,0.000,0.000,0.000,0.000,0.000,0.0450,-0.0260,0.9990,-2.06,0.81,0.41,0.000,-2.579,0.214,1,0,0,0.0,1,0,1,64.0,0.0,109,1,0,131,23680
14020,219937240,1,0,0,0.0000000,0.0000000,0.000,0.000,0.000,0.000,0.000,0.0370,-0.0030,1.0010,-1.51,0.83,0.41,0.000,-2.117,0.303,1,0,0,0.0,1,0,1,64.0,0.0,109,1,0,249,25215
14083,219937320,1,0,0,0.0000000,0.0000000,0.000,0.000,0.000,0.000,0.000,0.0370,0.0120,1.0000,-1.97,0.83,0.46,0.000,-2.119,0.423,1,0,0,0.0,1,0,1,64.0,0.0,109,1,0,185,-13185
14173,219937400,1,0,0,0.0000000,0.0000000,0.000,0.000,0.000,0.000,0.000,0.0410,0.0130,0.9990,-2.77,0.83,0.46,0.000,-2.350,0.488,1,0,0,0.0,1,0,1,64.0,0.0,109,1,0,-56,-21121
14234,219937480,1,0,0,0.0000000,0.0000000,0.000,0.000,0.000,0.000,0.000,0.0390,0.0030,1.0000,-3.37,0.82,0.49,0.000,-2.233,0.475,1,0,0,0.0,1,0,1,64.0,0.0,109,1,0,-56,-21121
14325,219937560,1,0,0,0.0000000,0.0000000,0.000,0.000,0.000,0.000,0.000,0.0390,-0.0040,1.0000,-3.48,0.83,0.49,0.000,-2.233,0.427,1,0,0,0.0,1,0,1,64.0,0.0,109,1,0,-73,19327
14388,219937640,1,0,0,0.0000000,0.0000000,0.000,0.000,0.000,0.000,0.000,0.0390,-0.0090,1.0000,-3.35,0.84,0.46,0.000,-2.233,0.375,1,0,0,0.0,1,0,1,64.0,0.0,109,1,0,-76,26495
14475,219937720,1,0,0,0.0000000,0.0000000,0.000,0.000,0.000,0.000,0.000,0.0390,-0.0110,1.0000,-3.14,0.83,0.46,0.000,-2.233,0.337,1,0,0,0.0,1,0,1,64.0,0.0,109,1,0,-76,26495
14538,219937800,1,0,0,0.0000000,0.0000000,0.000,0.000,0.000,0.000,0.000,0.0400,-0.0110,1.0000,-2.91,0.83,0.46,0.000,-2.291,0.317,1,0,0,0.0,1,0,1,64.0,0.0,109,1,0,-6,30591
14627,219937880,1,0,0,0.0000000,0.0000000,0.000,0.000,0.000,0.000,0.000,0.0390,-0.0090,1.0000,-2.68,0.83,0.45,0.000,-2.233,0.320,1,0,0,0.0,1,0,1,64.0,0.0,109,1,0,31,30079
14689,219937920,1,0,0,0.0000000,0.0000000,0.000,0.000,0.000,0.000,0.000,0.0390,-0.0080,1.0000,-2.61,0.83,0.44,0.000,-2.233,0.327,1,0,0,0.0,1,0,1,64.0,0.0,109,1,0,56,27775
14778,219938040,1,0,0,0.0000000,0.0000000,0.000,0.000,0.000,0.000,0.000,0.0400,-0.0010,1.0000,-2.55,0.82,0.46,0.000,-2.291,0.372,1,0,0,0.0,1,0,1,64.0,0.0,109,1,0,56,27775
14843,219938080,1,0,0,0.0000000,0.0000000,0.000,0.000,0.000,0.000,0.000,0.0390,0.0010,1.0000,-2.65,0.83,0.46,0.000,-2.233,0.387,1,0,0,0.0,1,0,1,64.0,0.0,109,1,0,62,11647
14933,219938160,1,0,0,0.0000000,0.0000000,0.000,0.000,0.000,0.000,0.000,0.0400,0.0020,1.0000,-2.92,0.83,0.47,0.000,-2.291,0.403,1,0,0,0.0,1,0,1,64.0,0.0,109,1,0,-8,2175
14998,219938240,1,0,0,0.0000000,0.0000000,0.000,0.000,0.000,0.000,0.000,0.0390,-0.0020,1.0000,-3.16,0.84,0.47,0.000,-2.233,0.392,1,0,0,0.0,1,0,1,64.0,0.0,109,1,0,-8,25215
15085,219938320,1,0,0,0.0000000,0.0000000,0.000,0.000,0.000,0.000,0.000,0.0390,-0.0080,1.0000,-3.16,0.84,0.47,0.000,-2.233,0.364,1,0,0,0.0,1,0,1,64.0,0.0,109,1,0,-22,30079
15147,219938400,1,0,0,0.0000000,0.0000000,0.000,0.000,0.000,0.000,0.000,0.0390,-0.0110,1.0000,-2.94,0.83,0.46,0.000,-2.233,0.341,1,0,0,0.0,1,0,1,64.0,0.0,109,1,0,-20,-31360
15235,219938480,1,0,0,0.0000000,0.0000000,0.000,0.000,0.000,0.000,0.000,0.0390,-0.0090,1.0000,-2.64,0.82,0.45,0.000,-2.233,0.344,1,0,0,0.0,1,0,1,64.0,0.0,109,1,0,48,-31360
15297,219938520,1,0,0,0.0000000,0.0000000,0.000,0.000,0.000,0.000,0.000,0.0400,-0.0060,1.0000,-2.57,0.82,0.45,0.000,-2.291,0.355,1,0,0,0.0,1,0,1,64.0,0.0,109,1,0,59,24191
15385,219938640,1,0,0,0.0000000,0.0000000,0.000,0.000,0.000,0.000,0.000,0.0390,0.0000,1.0000,-2.64,0.83,0.46,0.000,-2.233,0.399,1,0,0,0.0,1,0,1,64.0,0.0,109,1,0,73,24191
15449,219938680,1,0,0,0.0000000,0.0000000,0.000,0.000,0.000,0.000,0.000,0.0390,0.0010,1.0000,-2.73,0.84,0.47,0.000,-2.233,0.411,1,0,0,0.0,1,0,1,64.0,0.0,109,1,0,42,24191
15537,219938760,1,0,0,0.0000000,0.0000000,0.000,0.000,0.000,0.000,0.000,0.0390,0.0000,1.0000,-2.93,0.83,0.48,0.000,-2.233,0.420,1,0,0,0.0,1,0,1,64.0,0.0,109,1,0,0,4991
15599,219938840,1,0,0,0.0000000,0.0000000,0.000,0.000,0.000,0.000,0.000,0.0390,-0.0020,1.0000,-3.06,0.83,0.46,0.000,-2.233,0.413,1,0,0,0.0,1,0,1,64.0,0.0,109,1,0,-6,12415
15689,219938920,1,0,0,0.0000000,0.0000000,0.000,0.000,0.000,0.000,0.000,0.0390,-0.0050,1.0000,-3.02,0.84,0.46,0.000,-2.233,0.399,1,0,0,0.0,1,0,1,64.0,0.0,109,1,0,-11,24959
15751,219939000,1,0,0,0.0000000,0.0000000,0.000,0.000,0.000,0.000,0.000,0.0390,-0.0070,1.0000,-2.91,0.84,0.45,0.000,-2.233,0.389,1,0,0,0.0,1,0,1,64.0,0.0,109,1,0,-6,24959
15839,219939080,1,0,0,0.0000000,0.0000000,0.000,0.000,0.000,0.000,0.000,0.0390,-0.0050,1.0000,-2.78,0.82,0.45,0.000,-2.233,0.392,1,0,0,0.0,1,0,1,64.0,0.0,109,1,0,25,24959
15902,219939160,1,0,0,0.0000000,0.0000000,0.000,0.000,0.000,0.000,0.000,0.0390,-0.0030,1.0000,-2.74,0.82,0.45,0.000,-2.233,0.404,1,0,0,0.0,1,0,1,64.0,0.0,109,1,0,25,24959
15991,219939240,1,0,0,0.0000000,0.0000000,0.000,0.000,0.000,0.000,0.000,0.0390,-0.0010,1.0000,-2.80,0.82,0.45,0.000,-2.233,0.417,1,0,0,0.0,1,0,1,64.0,0.0,109,1,0,39,14975
16054,219939280,1,0,0,0.0000000,0.0000000,0.000,0.000,0.000,0.000,0.000,0.0390,-0.0010,1.0000,-2.85,0.82,0.45,0.000,-2.233,0.421,1,0,0,0.0,1,0,1,64.0,0.0,109,1,0,31,11391
16142,219939400,1,0,0,0.0000000,0.0000000,0.000,0.000,0.000,0.000,0.000,0.0390,-0.0020,1.0000,-2.93,0.82,0.46,0.000,-2.233,0.424,1,0,0,0.0,1,0,1,64.0,0.0,109,1,0,11,18815
16207,219939440,1,0,0,0.0000000,0.0000000,0.000,0.000,0.000,0.000,0.000,0.0390,-0.0030,1.0000,-2.94,0.82,0.46,0.000,-2.233,0.422,1,0,0,0.0,1,0,1,64.0,0.0,109,1,0,11,18815
16297,219939520,1,0,0,0.0000000,0.0000000,0.000,0.000,0.000,0.000,0.000,0.0390,-0.0030,0.9990,-2.93,0.82,0.46,0.000,-2.236,0.419,1,0,0,0.0,1,0,1,64.0,0.0,109,1,0,11,18815
16359,219939600,1,0,0,0.0000000,0.0000000,0.000,0.000,0.000,0.000,0.000,0.0390,-0.0030,1.0000,-2.92,0.83,0.46,0.000,-2.233,0.417,1,0,0,0.0,1,0,1,64.0,0.0,109,1,0,11,18815
16448,219939680,1,0,0,0.0000000,0.0000000,0.000,0.000,0.000,0.000,0.000,0.0390,-0.0020,1.0000,-2.94,0.84,0.47,0.000,-2.233,0.415,1,0,0,0.0,1,0,1,64.0,0.0,109,1,0,6,18815
16508,219939760,1,0,0,0.0000000,0.0000000,0.000,0.000,0.000,0.000,0.000,0.0400,-0.0030,1.0000,-2.95,0.82,0.47,0.000,-2.291,0.412,1,0,0,0.0,1,0,1,64.0,0.0,109,1,0,8,14975
16600,219939840,1,0,0,0.0000000,0.0000000,0.000,0.000,0.000,0.000,0.000,0.0390,-0.0040,1.0000,-2.94,0.82,0.46,0.000,-2.233,0.408,1,0,0,0.0,1,0,1,64.0,0.0,109,1,0,8,14975
16661,219939880,1,0,0,0.0000000,0.0000000,0.000,0.000,0.000,0.000,0.000,0.0390,-0.0050,1.0000,-2.91,0.83,0.46,0.000,-2.233,0.405,1,0,0,0.0,1,0,1,64.0,0.0,109,1,0,6,22399
16750,219940000,1,0,0,0.0000000,0.0000000,0.000,0.000,0.000,0.000,0.000,0.0390,-0.0050,1.0000,-2.73,0.83,0.46,0.000,-2.233,0.409,1,0,0,0.0,1,0,1,64.0,0.0,109,1,0,28,22399
16813,219940040,1,0,0,0.0000000,0.0000000,0.000,0.000,0.000,0.000,0.000,0.0390,-0.0040,1.0000,-2.67,0.83,0.46,0.000,-2.233,0.417,1,0,0,0.0,1,0,1,64.0,0.0,109,1,0,50,22399
16903,219940120,1,0,0,0.0000000,0.0000000,0.000,0.000,0.000,0.000,0.000,0.0390,-0.0010,1.0000,-2.67,0.83,0.46,0.000,-2.233,0.437,1,0,0,0.0,1,0,1,64.0,0.0,109,1,0,48,12159
16966,219940200,1,0,0,0.0000000,0.0000000,0.000,0.000,0.000,0.000,0.000,0.0390,0.0000,1.0000,-2.76,0.84,0.46,0.000,-2.233,0.456,1,0,0,0.0,1,0,1,64.0,0.0,109,1,0,3,9599
17055,219940280,1,0,0,0.0000000,0.0000000,0.000,0.000,0.000,0.000,0.000,0.0390,0.0010,1.0000,-2.94,0.83,0.46,0.000,-2.233,0.464,1,0,0,0.0,1,0,1,64.0,0.0,109,1,0,3,9599
17116,219940360,1,0,0,0.0000000,0.0000000,0.000,0.000,0.000,0.000,0.000,0.0390,0.0000,1.0000,-3.09,0.83,0.47,0.000,-2.233,0.457,1,0,0,0.0,1,0,1,64.0,0.0,109,1,0,-17,9599
17206,219940440,1,0,0,0.0000000,0.0000000,0.000,0.000,0.000,0.000,0.000,0.0390,-0.0030,1.0000,-3.14,0.83,0.47,0.000,-2.233,0.439,1,0,0,0.0,1,0,1,64.0,0.0,109,1,0,-8,9599
17270,219940520,1,0,0,0.0000000,0.0000000,0.000,0.000,0.000,0.000,0.000,0.0390,-0.0060,1.0000,-3.05,0.82,0.47,0.000,-2.233,0.419,1,0,0,0.0,1,0,1,64.0,0.0,109,1,0,-8,9599
17357,219940600,1,0,0,0.0000000,0.0000000,0.000,0.000,0.000,0.000,0.000,0.0390,-0.0060,1.0000,-2.89,0.82,0.47,0.000,-2.233,0.408,1,0,0,0.0,1,0,1,64.0,0.0,109,1,0,-8,9599
17418,219940680,1,0,0,0.0000000,0.0000000,0.000,0.000,0.000,0.000,0.000,0.0400,-0.0040,1.0000,-2.75,0.83,0.46,0.000,-2.291,0.413,1,0,0,0.0,1,0,1,64.0,0.0,109,1,0,36,28031
17508,219940760,1,0,0,0.0000000,0.0000000,0.000,0.000,0.000,0.000,0.000,0.0400,-0.0010,1.0000,-2.76,0.84,0.46,0.000,-2.291,0.428,1,0,0,0.0,1,0,1,64.0,0.0,109,1,0,45,28031
17572,219940800,1,0,0,0.0000000,0.0000000,0.000,0.000,0.000,0.000,0.000,0.0390,0.0000,1.0000,-2.80,0.84,0.46,0.000,-2.233,0.435,1,0,0,0.0,1,0,1,64.0,0.0,109,1,0,20,10623
17658,219940920,1,0,0,0.0000000,0.0000000,0.000,0.000,0.000,0.000,0.000,0.0390,0.0000,1.0000,-2.97,0.83,0.46,0.000,-2.233,0.442,1,0,0,0.0,1,0,1,64.0,0.0,109,1,0,3,8063
17722,219940960,1,0,0,0.0000000,0.0000000,0.000,0.000,0.000,0.000,0.000,0.0390,-0.0020,1.0000,-3.02,0.84,0.46,0.000,-2.233,0.438,1,0,0,0.0,1,0,1,64.0,0.0,109,1,0,-3,14975
17810,219941040,1,0,0,0.0000000,0.0000000,0.000,0.000,0.000,0.000,0.000,0.0390,-0.0040,1.0000,-3.01,0.83,0.46,0.000,-2.233,0.427,1,0,0,0.0,1,0,1,64.0,0.0,109,1,0,3,23423
17876,219941120,1,0,0,0.0000000,0.0000000,0.000,0.000,0.000,0.000,0.000,0.0390,-0.0050,1.0000,-2.93,0.83,0.46,0.000,-2.233,0.417,1,0,0,0.0,1,0,1,64.0,0.0,109,1,0,17,21375
17969,219941200,1,0,0,0.0000000,0.0000000,0.000,0.000,0.000,0.000,0.000,0.0390,-0.0030,1.0000,-2.87,0.83,0.45,0.000,-2.233,0.418,1,0,0,0.0,1,0,1,64.0,0.0,109,1,0,17,21375
18029,219941280,1,0,0,0.0000000,0.0000000,0.000,0.000,0.000,0.000,0.000,0.0390,-0.0010,1.0000,-2.87,0.82,0.45,0.000,-2.233,0.424,1,0,0,0.0,1,0,1,64.0,0.0,109,1,0,17,21375
18119,219941360,1,0,0,0.0000000,0.0000000,0.000,0.000,0.000,0.000,0.000,0.0390,0.0000,1.0000,-2.94,0.82,0.47,0.000,-2.233,0.429,1,0,0,0.0,1,0,1,64.0,0.0,109,1,0,6,14975
18181,219941440,1,0,0,0.0000000,0.0000000,0.000,0.000,0.000,0.000,0.000,0.0390,0.0030,1.0000,-3.10,0.83,0.49,0.000,-2.233,0.428,1,0,0,0.0,1,0,1,65.0,0.0,109,1,0,3,13183
18271,219941520,1,0,0,0.0000000,0.0000000,0.000,0.000,0.000,0.000,0.000,0.0390,0.0130,1.0000,-3.64,0.83,0.54,0.000,-2.233,0.413,1,0,0,0.0,1,0,1,65.0,0.0,109,1,0,-25,-641
18333,219941560,1,0,0,0.0000000,0.0000000,0.000,0.000,0.000,0.000,0.000,0.0400,0.0140,0.9990,-4.05,0.82,0.54,0.000,-2.293,0.387,1,0,0,0.0,1,0,1,65.0,0.0,109,1,0,-123,-24705
18423,219941680,1,0,0,0.0000000,0.0000000,0.000,0.000,0.000,0.000,0.000,0.0390,-0.0090,1.0010,-5.09,0.82,0.54,0.000,-2.231,0.184,1,0,0,0.0,1,0,1,65.0,0.0,109,1,0,-336,32127
18488,219941720,1,0,0,0.0000000,0.0000000,0.000,0.000,0.000,0.000,0.000,0.0390,-0.0260,1.0020,-4.95,0.80,0.51,0.000,-2.229,0.082,1,0,0,0.0,1,0,1,65.0,0.0,109,1,0,-193,-16511
18577,219941800,1,0,0,0.0000000,0.0000000,0.000,0.000,0.000,0.000,0.000,0.0390,-0.0630,0.9990,-3.54,0.75,0.37,0.000,-2.236,-0.107,1,0,0,0.0,1,0,1,65.0,0.0,109,1,0,-193,-16511
18640,219941880,1,0,0,0.0000000,0.0000000,0.000,0.000,0.000,0.000,0.000,0.0390,-0.0970,0.9960,-0.19,0.82,0.19,0.000,-2.242,-0.150,1,0,0,0.0,1,0,1,65.0,0.0,109,1,0,204,-16511
18728,219941960,1,0,0,0.0000000,0.0000000,0.000,0.000,0.000,0.000,0.000,0.0370,-0.1170,0.9930,4.63,1.04,-0.02,0.000,-2.134,0.098,1,0,0,0.0,1,0,1,65.0,0.0,109,1,0,204,-16511
18792,219942000,1,0,0,0.0000000,0.0000000,0.000,0.000,0.000,0.000,0.000,0.0370,-0.1180,0.9930,6.51,1.11,-0.10,0.000,-2.134,0.341,1,0,0,0.0,1,0,1,65.0,0.0,109,1,0,1438,-6525
18883,219942120,1,0,0,0.0000000,0.0000000,0.000,0.000,0.000,0.000,0.000,0.0410,-0.0750,0.9790,15.01,1.45,-0.37,0.000,-2.398,1.782,1,0,0,0.0,1,0,1,65.0,0.0,109,1,0,2927,-17279
18945,219942160,1,0,0,0.0000000,0.0000000,0.000,0.000,0.000,0.000,0.000,0.0420,-0.0510,0.9890,17.36,1.51,-0.43,0.000,-2.432,2.494,1,0,0,0.0,1,0,1,65.0,0.0,109,1,0,2927,-17279
19033,219942280,1,0,0,0.0000000,0.0000000,0.000,0.000,0.000,0.000,0.000,0.0450,0.0530,1.0080,22.29,0.49,-0.50,0.000,-2.556,5.185,1,0,0,0.0,1,0,1,65.0,0.0,109,1,0,3604,-22657
19096,219942360,1,0,0,0.0000000,0.0000000,0.000,0.000,0.000,0.000,0.000,0.0410,0.1520,0.9640,22.92,0.10,-0.46,0.000,-2.435,7.306,1,0,0,0.0,1,0,1,65.0,0.0,109,1,0,3604,27257
19185,219942400,1,0,0,0.0000000,0.0000000,0.000,0.000,0.000,0.000,0.000,0.0360,0.1930,0.9620,22.21,0.17,-0.38,0.000,-2.143,8.383,1,0,0,0.0,1,0,1,65.0,0.0,109,1,0,3604,27257
19248,219942480,1,0,0,0.0000000,0.0000000,0.000,0.000,0.000,0.000,0.000,0.0340,0.2550,0.9620,19.44,0.20,-0.39,0.000,-2.024,10.427,1,0,0,0.0,1,0,1,65.0,0.0,109,1,0,3604,27257
19337,219942600,1,0,0,0.0000000,0.0000000,0.000,0.000,0.000,0.000,0.000,0.0360,0.2720,0.9550,14.77,0.51,-0.35,0.000,-2.159,12.943,1,0,0,0.0,1,0,1,65.0,0.0,109,1,0,3604,27257
19401,219942640,1,0,0,0.0000000,0.0000000,0.000,0.000,0.000,0.000,0.000,0.0370,0.2840,0.9550,13.72,0.61,-0.19,0.000,-2.219,13.679,1,0,0,0.0,1,0,1,65.0,0.0,109,1,0,2518,6007
19489,219942720,1,0,0,0.0000000,0.0000000,0.000,0.000,0.000,0.000,0.000,0.0440,0.3150,0.9540,11.01,0.78,0.08,0.000,-2.641,15.007,1,0,0,0.0,1,0,1,65.0,0.0,109,1,0,2157,-28810
19554,219942800,1,0,0,0.0000000,0.0000000,0.000,0.000,0.000,0.000,0.000,0.0520,0.3300,0.9520,8.40,0.83,0.10,0.000,-3.126,16.116,1,0,0,0.0,1,0,1,65.0,0.0,109,1,0,1824,16757
19640,219942880,1,0,0,0.0000000,0.0000000,0.000,0.000,0.000,0.000,0.000,0.0490,0.3130,0.9530,6.17,0.83,-0.01,0.000,-2.943,16.979,1,0,0,0.0,1,0,1,65.0,0.0,109,1,0,1374,-24971
19703,219942920,1,0,0,0.0000000,0.0000000,0.000,0.000,0.000,0.000,0.000,0.0400,0.2860,0.9530,5.65,0.79,-0.09,0.000,-2.403,17.320,1,0,0,0.0,1,0,1,65.0,0.0,109,1,0,1119,13430
19792,219943040,1,0,0,0.0000000,0.0000000,0.000,0.000,0.000,0.000,0.000,0.0290,0.2900,0.9470,7.18,0.69,0.04,0.000,-1.754,18.387,1,0,0,0.0,1,0,1,65.0,0.0,109,1,0,1416,29559
19854,219943080,1,0,0,0.0000000,0.0000000,0.000,0.000,0.000,0.000,0.000,0.0300,0.3140,0.9430,7.50,0.69,0.16,0.000,-1.822,18.807,1,0,0,0.0,1,0,1,65.0,0.0,109,1,0,1416,29559
19941,219943200,1,0,0,0.0000000,0.0000000,0.000,0.000,0.000,0.000,0.000,0.0420,0.3730,0.9320,6.18,0.75,0.17,0.000,-2.580,20.083,1,0,0,0.0,1,0,1,65.0,0.0,109,1,0,1290,26995
20006,219943240,1,0,0,0.0000000,0.0000000,0.000,0.000,0.000,0.000,0.000,0.0420,0.3850,0.9340,5.26,0.77,0.15,0.000,-2.575,20.461,1,0,0,0.0,1,0,1,65.0,0.0,109,1,0,907,26995
20096,219943320,1,0,0,0.0000000,0.0000000,0.000,0.000,0.000,0.000,0.000,0.0400,0.3900,0.9290,3.03,0.74,0.17,0.000,-2.465,21.084,1,0,0,0.0,1,0,1,65.0,0.0,109,1,0,907,26995
20159,219943400,1,0,0,0.0000000,0.0000000,0.000,0.000,0.000,0.000,0.000,0.0390,0.3830,0.9270,1.63,0.74,0.27,0.000,-2.409,21.536,1,0,0,0.0,1,0,1,65.0,0.0,109,1,0,691,32627
20249,219943480,1,0,0,0.0000000,0.0000000,0.000,0.000,0.000,0.000,0.000,0.0380,0.3960,0.9280,0.36,0.74,0.51,0.000,-2.345,21.896,1,0,0,0.0,1,0,1,65.0,0.0,109,1,0,574,18803
20311,219943560,1,0,0,0.0000000,0.0000000,0.000,0.000,0.000,0.000,0.000,0.0410,0.4110,0.9220,-1.59,0.72,0.63,0.000,-2.546,22.137,1,0,0,0.0,1,0,1,65.0,0.0,109,1,0,355,-31117
20399,219943640,1,0,0,0.0000000,0.0000000,0.000,0.000,0.000,0.000,0.000,0.0420,0.3980,0.9210,-3.30,0.80,0.59,0.000,-2.611,22.213,1,0,0,0.0,1,0,1,65.0,0.0,109,1,0,20,-26253
20461,219943720,1,0,0,0.0000000,0.0000000,0.000,0.000,0.000,0.000,0.000,0.0430,0.3700,0.9250,-4.37,0.87,0.54,0.000,-2.662,22.140,1,0,0,0.0,1,0,1,65.0,0.0,109,1,0,-162,31603
20549,219943800,1,0,0,0.0000000,0.0000000,0.000,0.000,0.000,0.000,0.000,0.0440,0.3490,0.9280,-4.30,0.89,0.51,0.000,-2.715,22.000,1,0,0,0.0,1,0,1,65.0,0.0,109,1,0,-249,17780
20610,219943840,1,0,0,0.0000000,0.0000000,0.000,0.000,0.000,0.000,0.000,0.0430,0.3460,0.9290,-4.00,0.88,0.51,0.000,-2.650,21.937,1,0,0,0.0,1,0,1,65.0,0.0,109,1,0,-151,-24203
20702,219943920,1,0,0,0.0000000,0.0000000,0.000,0.000,0.000,0.000,0.000,0.0390,0.3510,0.9300,-3.32,0.84,0.51,0.000,-2.401,21.859,1,0,0,0.0,1,0,1,65.0,0.0,109,1,0,-28,28276
20770,219944000,1,0,0,0.0000000,0.0000000,0.000,0.000,0.000,0.000,0.000,0.0390,0.3570,0.9290,-3.04,0.83,0.50,0.000,-2.404,21.834,1,0,0,0.0,1,0,1,65.0,0.0,109,1,0,22,3700
20859,219944080,1,0,0,0.0000000,0.0000000,0.000,0.000,0.000,0.000,0.000,0.0430,0.3580,0.9280,-2.96,0.82,0.50,0.000,-2.653,21.821,1,0,0,0.0,1,0,1,65.0,0.0,109,1,0,20,3700
20927,219944160,1,0,0,0.0000000,0.0000000,0.000,0.000,0.000,0.000,0.000,0.0410,0.3590,0.9280,-2.86,0.82,0.49,0.000,-2.530,21.818,1,0,0,0.0,1,0,1,65.0,0.0,109,1,0,25,14708
21016,219944280,1,0,0,0.0000000,0.0000000,0.000,0.000,0.000,0.000,0.000,0.0410,0.3630,0.9280,-2.90,0.84,0.48,0.000,-2.530,21.826,1,0,0,0.0,1,0,1,65.0,0.0,109,1,0,31,2932
21080,219944320,1,0,0,0.0000000,0.0000000,0.000,0.000,0.000,0.000,0.000,0.0410,0.3620,0.9280,-2.96,0.84,0.47,0.000,-2.530,21.825,1,0,0,0.0,1,0,1,65.0,0.0,109,1,0,-14,884
21170,219944400,1,0,0,0.0000000,0.0000000,0.000,0.000,0.000,0.000,0.000,0.0410,0.3610,0.9280,-3.02,0.84,0.48,0.000,-2.530,21.818,1,0,0,0.0,1,0,1,65.0,0.0,109,1,0,-14,884
21233,219944480,1,0,0,0.0000000,0.0000000,0.000,0.000,0.000,0.000,0.000,0.0410,0.3600,0.9280,-3.02,0.83,0.48,0.000,-2.530,21.807,1,0,0,0.0,1,0,1,65.0,0.0,109,1,0,3,4980
21322,219944560,1,0,0,0.0000000,0.0000000,0.000,0.000,0.000,0.000,0.000,0.0410,0.3610,0.9290,-3.05,0.83,0.48,0.000,-2.527,21.795,1,0,0,0.0,1,0,1,65.0,0.0,109,1,0,3,2164
21386,219944640,1,0,0,0.0000000,0.0000000,0.000,0.000,0.000,0.000,0.000,0.0400,0.3600,0.9290,-3.09,0.84,0.50,0.000,-2.465,21.781,1,0,0,0.0,1,0,1,65.0,0.0,109,1,0,-11,10612
21475,219944720,1,0,0,0.0000000,0.0000000,0.000,0.000,0.000,0.000,0.000,0.0410,0.3580,0.9290,-3.06,0.84,0.49,0.000,-2.527,21.764,1,0,0,0.0,1,0,1,65.0,0.0,109,1,0,-11,11892
21536,219944760,1,0,0,0.0000000,0.0000000,0.000,0.000,0.000,0.000,0.000,0.0410,0.3580,0.9290,-3.03,0.83,0.48,0.000,-2.527,21.757,1,0,0,0.0,1,0,1,65.0,0.0,109,1,0,0,14196
21627,219944880,1,0,0,0.0000000,0.0000000,0.000,0.000,0.000,0.000,0.000,0.0400,0.3590,0.9290,-2.95,0.83,0.48,0.000,-2.465,21.744,1,0,0,0.0,1,0,1,65.0,0.0,109,1,0,0,14196
21688,219944920,1,0,0,0.0000000,0.0000000,0.000,0.000,0.000,0.000,0.000,0.0410,0.3590,0.9290,-2.94,0.83,0.47,0.000,-2.527,21.742,1,0,0,0.0,1,0,1,65.0,0.0,109,1,0,17,4468
21778,219945000,1,0,0,0.0000000,0.0000000,0.000,0.000,0.000,0.000,0.000,0.0410,0.3600,0.9290,-2.96,0.84,0.47,0.000,-2.527,21.737,1,0,0,0.0,1,0,1,65.0,0.0,109,1,0,11,4468
21840,219945080,1,0,0,0.0000000,0.0000000,0.000,0.000,0.000,0.000,0.000,0.0400,0.3620,0.9280,-3.03,0.84,0.46,0.000,-2.468,21.733,1,0,0,0.0,1,0,1,65.0,0.0,109,1,0,11,116
21930,219945160,1,0,0,0.0000000,0.0000000,0.000,0.000,0.000,0.000,0.000,0.0410,0.3590,0.9290,-3.14,0.83,0.46,0.000,-2.527,21.717,1,0,0,0.0,1,0,1,65.0,0.0,109,1,0,-20,6516
21991,219945240,1,0,0,0.0000000,0.0000000,0.000,0.000,0.000,0.000,0.000,0.0410,0.3550,0.9290,-3.09,0.83,0.46,0.000,-2.527,21.694,1,0,0,0.0,1,0,1,65.0,0.0,109,1,0,-17,21108
22079,219945320,1,0,0,0.0000000,0.0000000,0.000,0.000,0.000,0.000,0.000,0.0400,0.3580,0.9300,-2.97,0.84,0.47,0.000,-2.463,21.683,1,0,0,0.0,1,0,1,65.0,0.0,109,1,0,-17,21108
22140,219945400,1,0,0,0.0000000,0.0000000,0.000,0.000,0.000,0.000,0.000,0.0400,0.3600,0.9290,-2.98,0.84,0.47,0.000,-2.465,21.679,1,0,0,0.0,1,0,1,65.0,0.0,109,1,0,14,7028
22228,219945480,1,0,0,0.0000000,0.0000000,0.000,0.000,0.000,0.000,0.000,0.0410,0.3590,0.9290,-3.06,0.83,0.47,0.000,-2.527,21.671,1,0,0,0.0,1,0,1,65.0,0.0,109,1,0,0,8308
22291,219945520,1,0,0,0.0000000,0.0000000,0.000,0.000,0.000,0.000,0.000,0.0410,0.3590,0.9290,-3.10,0.84,0.47,0.000,-2.527,21.664,1,0,0,0.0,1,0,1,65.0,0.0,109,1,0,-11,8564
22379,219945600,1,0,0,0.0000000,0.0000000,0.000,0.000,0.000,0.000,0.000,0.0410,0.3590,0.9290,-3.16,0.84,0.48,0.000,-2.527,21.646,1,0,0,0.0,1,0,1,65.0,0.0,109,1,0,-11,12916
22442,219945680,1,0,0,0.0000000,0.0000000,0.000,0.000,0.000,0.000,0.000,0.0410,0.3580,0.9290,-3.19,0.84,0.48,0.000,-2.527,21.624,1,0,0,0.0,1,0,1,65.0,0.0,109,1,0,-34,12916
22531,219945760,1,0,0,0.0000000,0.0000000,0.000,0.000,0.000,0.000,0.000,0.0410,0.3580,0.9290,-3.23,0.84,0.48,0.000,-2.527,21.601,1,0,0,0.0,1,0,1,65.0,0.0,109,1,0,-34,12916
22596,219945840,1,0,0,0.0000000,0.0000000,0.000,0.000,0.000,0.000,0.000,0.0410,0.3560,0.9300,-3.26,0.84,0.47,0.000,-2.524,21.573,1,0,0,0.0,1,0,1,65.0,0.0,109,1,0,-39,12148
22686,219945920,1,0,0,0.0000000,0.0000000,0.000,0.000,0.000,0.000,0.000,0.0410,0.3510,0.9300,-3.13,0.85,0.46,0.000,-2.524,21.542,1,0,0,0.0,1,0,1,65.0,0.0,109,1,0,-34,26996
22747,219946000,1,0,0,0.0000000,0.0000000,0.000,0.000,0.000,0.000,0.000,0.0410,0.3530,0.9300,-2.91,0.84,0.47,0.000,-2.524,21.530,1,0,0,0.0,1,0,1,65.0,0.0,109,1,0,-34,26996
22838,219946080,1,0,0,0.0000000,0.0000000,0.000,0.000,0.000,0.000,0.000,0.0400,0.3550,0.9300,-2.81,0.83,0.47,0.000,-2.463,21.533,1,0,0,0.0,1,0,1,65.0,0.0,109,1,0,-34,26996
22900,219946120,1,0,0,0.0000000,0.0000000,0.000,0.000,0.000,0.000,0.000,0.0400,0.3560,0.9300,-2.80,0.82,0.47,0.000,-2.463,21.536,1,0,0,0.0,1,0,1,65.0,0.0,109,1,0,36,26996
22990,219946240,1,0,0,0.0000000,0.0000000,0.000,0.000,0.000,0.000,0.000,0.0410,0.3570,0.9290,-2.80,0.82,0.46,0.000,-2.527,21.551,1,0,0,0.0,1,0,1,65.0,0.0,109,1,0,31,26996
23051,219946280,1,0,0,0.0000000,0.0000000,0.000,0.000,0.000,0.000,0.000,0.0410,0.3560,0.9290,-2.80,0.83,0.46,0.000,-2.527,21.555,1,0,0,0.0,1,0,1,65.0,0.0,109,1,0,31,17268
23141,219946360,1,0,0,0.0000000,0.0000000,0.000,0.000,0.000,0.000,0.000,0.0420,0.3570,0.9290,-2.77,0.83,0.45,0.000,-2.589,21.565,1,0,0,0.0,1,0,1,65.0,0.0,109,1,0,31,17268
23204,219946440,1,0,0,0.0000000,0.0000000,0.000,0.000,0.000,0.000,0.000,0.0410,0.3590,0.9300,-2.80,0.83,0.45,0.000,-2.524,21.578,1,0,0,0.0,1,0,1,65.0,0.0,109,1,0,25,6260
23294,219946520,1,0,0,0.0000000,0.0000000,0.000,0.000,0.000,0.000,0.000,0.0400,0.3570,0.9300,-2.87,0.82,0.46,0.000,-2.463,21.584,1,0,0,0.0,1,0,1,65.0,0.0,109,1,0,17,19316
23357,219946600,1,0,0,0.0000000,0.0000000,0.000,0.000,0.000,0.000,0.000,0.0410,0.3560,0.9300,-2.87,0.83,0.46,0.000,-2.524,21.584,1,0,0,0.0,1,0,1,65.0,0.0,109,1,0,28,13428
23447,219946680,1,0,0,0.0000000,0.0000000,0.000,0.000,0.000,0.000,0.000,0.0410,0.3600,0.9300,-2.89,0.84,0.46,0.000,-2.524,21.589,1,0,0,0.0,1,0,1,65.0,0.0,109,1,0,28,13428
23510,219946760,1,0,0,0.0000000,0.0000000,0.000,0.000,0.000,0.000,0.000,0.0420,0.3690,0.9300,-3.19,0.84,0.49,0.000,-2.586,21.593,1,0,0,0.0,1,0,1,65.0,0.0,109,1,0,28,13428
23597,219946840,1,0,0,0.0000000,0.0000000,0.000,0.000,0.000,0.000,0.000,0.0450,0.3880,0.9290,-4.05,0.84,0.56,0.000,-2.773,21.578,1,0,0,0.0,1,0,1,65.0,0.0,109,1,0,-78,13428
23660,219946920,1,0,0,0.0000000,0.0000000,0.000,0.000,0.000,0.000,0.000,0.0460,0.4120,0.9270,-5.93,0.85,0.62,0.000,-2.841,21.488,1,0,0,0.0,1,0,1,65.0,0.0,109,1,0,-221,-2957
23747,219947000,1,0,0,0.0000000,0.0000000,0.000,0.000,0.000,0.000,0.000,0.0430,0.4120,0.9290,-9.03,0.89,0.68,0.000,-2.650,21.191,1,0,0,0.0,1,0,1,65.0,0.0,109,1,0,-680,20850
23813,219947040,1,0,0,0.0000000,0.0000000,0.000,0.000,0.000,0.000,0.000,0.0420,0.4030,0.9290,-10.41,0.90,0.71,0.000,-2.589,20.954,1,0,0,0.0,1,0,1,65.0,0.0,109,1,0,-1035,-20621
23903,219947160,1,0,0,0.0000000,0.0000000,0.000,0.000,0.000,0.000,0.000,0.0410,0.3840,0.9330,-14.28,1.01,0.96,0.000,-2.516,19.925,1,0,0,0.0,1,0,1,65.0,0.0,109,1,0,-1446,-16524
23968,219947200,1,0,0,0.0000000,0.0000000,0.000,0.000,0.000,0.000,0.000,0.0420,0.3890,0.9350,-15.67,1.05,1.09,0.000,-2.572,19.489,1,0,0,0.0,1,0,1,65.0,0.0,109,1,0,-2219,16499
24055,219947280,1,0,0,0.0000000,0.0000000,0.000,0.000,0.000,0.000,0.000,0.0430,0.3860,0.9370,-19.13,1.14,1.29,0.000,-2.628,18.441,1,0,0,0.0,1,0,1,65.0,0.0,109,1,0,-2219,16499
24128,219947360,1,0,0,0.0000000,0.0000000,0.000,0.000,0.000,0.000,0.000,0.0370,0.3570,0.9390,-23.48,1.26,1.49,0.000,-2.256,17.075,1,0,0,0.0,1,0,1,65.0,0.0,109,1,0,-3385,11893
24219,219947440,1,0,0,0.0000000,0.0000000,0.000,0.000,0.000,0.000,0.000,0.0350,0.3260,0.9440,-27.22,1.37,1.69,0.000,-2.123,15.377,1,0,0,0.0,1,0,1,65.0,0.0,109,1,0,-3385,11893
24282,219947520,1,0,0,0.0000000,0.0000000,0.000,0.000,0.000,0.000,0.000,0.0430,0.2760,0.9400,-30.72,1.55,1.85,0.000,-2.619,13.375,1,0,0,0.0,1,0,1,65.0,0.0,109,1,0,-3878,3190
24375,219947600,1,0,0,0.0000000,0.0000000,0.000,0.000,0.000,0.000,0.000,0.0490,0.1640,0.9640,-33.31,1.63,1.66,0.000,-2.910,10.991,1,0,0,0.0,1,0,1,65.0,0.0,109,1,0,-4544,-8580
24438,219947680,1,0,0,0.0000000,0.0000000,0.000,0.000,0.000,0.000,0.000,0.0500,0.0190,0.9870,-31.78,1.41,1.07,0.000,-2.900,8.411,1,0,0,0.0,1,0,1,65.0,0.0,109,1,0,-4544,-8580
24531,219947760,1,0,0,0.0000000,0.0000000,0.000,0.000,0.000,0.000,0.000,0.0340,-0.0470,1.0140,-25.88,0.59,0.96,0.000,-1.920,6.104,1,0,0,0.0,1,0,1,65.0,0.0,109,1,0,-4544,-8580
24594,219947840,1,0,0,0.0000000,0.0000000,0.000,0.000,0.000,0.000,0.000,0.0260,0.0180,0.9730,-20.28,0.30,1.83,0.000,-1.531,4.469,1,0,0,0.0,1,0,1,65.0,0.0,109,1,0,-2540,8577
24685,219947920,1,0,0,0.0000000,0.0000000,0.000,0.000,0.000,0.000,0.000,0.0260,0.0510,0.9880,-20.14,0.73,1.71,0.000,-1.507,3.096,1,0,0,0.0,1,0,1,65.0,0.0,109,1,0,-2244,-8836
24749,219948000,1,0,0,0.0000000,0.0000000,0.000,0.000,0.000,0.000,0.000,0.0330,0.0300,0.9950,-21.41,0.51,1.30,0.000,-1.900,1.651,1,0,0,0.0,1,0,1,65.0,0.0,109,1,0,-2694,-8836
24838,219948080,1,0,0,0.0000000,0.0000000,0.000,0.000,0.000,0.000,0.000,0.0470,0.0180,0.9700,-22.57,0.85,1.58,0.000,-2.774,0.164,1,0,0,0.0,1,0,1,65.0,0.0,109,1,0,-2694,-8836
24901,219948120,1,0,0,0.0000000,0.0000000,0.000,0.000,0.000,0.000,0.000,0.0480,0.0100,0.9830,-23.48,0.97,1.59,0.000,-2.796,-0.623,1,0,0,0.0,1,0,1,65.0,0.0,109,1,0,-2873,27518
24993,219948240,1,0,0,0.0000000,0.0000000,0.000,0.000,0.000,0.000,0.000,0.0350,-0.0310,0.9740,-27.08,1.41,1.63,0.000,-2.058,-3.253,1,0,0,0.0,1,0,1,65.0,0.0,109,1,0,-3313,-23424
25059,219948280,1,0,0,0.0000000,0.0000000,0.000,0.000,0.000,0.000,0.000,0.0280,-0.0520,1.0080,-28.22,1.24,1.67,0.000,-1.591,-4.228,1,0,0,0.0,1,0,1,65.0,0.0,109,1,0,-3313,-23424
25153,219948360,1,0,0,0.0000000,0.0000000,0.000,0.000,0.000,0.000,0.000,0.0370,-0.1200,1.0000,-29.81,0.36,1.55,0.000,-2.119,-6.332,1,0,0,0.0,1,0,1,65.0,0.0,109,1,0,-3313,-23424
25217,219948440,1,0,0,0.0000000,0.0000000,0.000,0.000,0.000,0.000,0.000,0.0490,-0.2080,0.9460,-29.16,0.15,1.54,0.000,-2.965,-8.564,1,0,0,0.0,1,0,1,65.0,0.0,109,1,0,-3903,8581
25306,219948560,1,0,0,0.0000000,0.0000000,0.000,0.000,0.000,0.000,0.000,0.0310,-0.2730,0.9630,-25.95,0.32,1.49,0.000,-1.844,-11.688,1,0,0,0.0,1,0,1,65.0,0.0,109,1,0,-3903,8581
25369,219948600,1,0,0,0.0000000,0.0000000,0.000,0.000,0.000,0.000,0.000,0.0300,-0.2830,0.9520,-24.63,0.36,1.47,0.000,-1.805,-12.626,1,0,0,0.0,1,0,1,65.0,0.0,109,1,0,-3206,-8824
25461,219948680,1,0,0,0.0000000,0.0000000,0.000,0.000,0.000,0.000,0.000,0.0300,-0.3010,0.9560,-22.97,0.46,1.34,0.000,-1.797,-14.371,1,0,0,0.0,1,0,1,65.0,0.0,109,1,0,-3206,-8824
25525,219948720,1,0,0,0.0000000,0.0000000,0.000,0.000,0.000,0.000,0.000,0.0330,-0.3150,0.9530,-22.21,0.46,1.22,0.000,-1.983,-15.195,1,0,0,0.0,1,0,1,65.0,0.0,109,1,0,-2787,-21367
25617,219948840,1,0,0,0.0000000,0.0000000,0.000,0.000,0.000,0.000,0.000,0.0380,-0.3690,0.9420,-19.07,0.63,1.15,0.000,-2.310,-17.466,1,0,0,0.0,1,0,1,65.0,0.0,109,1,0,-2440,21898
25683,219948920,1,0,0,0.0000000,0.0000000,0.000,0.000,0.000,0.000,0.000,0.0380,-0.3990,0.9440,-16.65,0.58,1.05,0.000,-2.305,-18.758,1,0,0,0.0,1,0,1,65.0,0.0,109,1,0,-2132,2187
25771,219949000,1,0,0,0.0000000,0.0000000,0.000,0.000,0.000,0.000,0.000,0.0370,-0.4290,0.9340,-13.19,0.59,0.74,0.000,-2.269,-19.819,1,0,0,0.0,1,0,1,65.0,0.0,109,1,0,-1679,-372
25833,219949080,1,0,0,0.0000000,0.0000000,0.000,0.000,0.000,0.000,0.000,0.0290,-0.4440,0.9320,-9.70,0.65,0.62,0.000,-1.782,-20.610,1,0,0,0.0,1,0,1,65.0,0.0,109,1,0,-1242,-23667
25926,219949160,1,0,0,0.0000000,0.0000000,0.000,0.000,0.000,0.000,0.000,0.0300,-0.4430,0.9330,-6.31,0.64,0.51,0.000,-1.842,-21.107,1,0,0,0.0,1,0,1,65.0,0.0,109,1,0,-657,-10611
25991,219949200,1,0,0,0.0000000,0.0000000,0.000,0.000,0.000,0.000,0.000,0.0340,-0.4370,0.9310,-4.79,0.64,0.46,0.000,-2.092,-21.250,1,0,0,0.0,1,0,1,65.0,0.0,109,1,0,-213,-10611
26079,219949320,1,0,0,0.0000000,0.0000000,0.000,0.000,0.000,0.000,0.000,0.0460,-0.3980,0.9250,-1.42,0.81,0.40,0.000,-2.847,-21.291,1,0,0,0.0,1,0,1,65.0,0.0,109,1,0,176,-24692
26146,219949360,1,0,0,0.0000000,0.0000000,0.000,0.000,0.000,0.000,0.000,0.0440,-0.3910,0.9280,-0.84,0.88,0.37,0.000,-2.715,-21.230,1,0,0,0.0,1,0,1,65.0,0.0,109,1,0,325,-6261
26236,219949440,1,0,0,0.0000000,0.0000000,0.000,0.000,0.000,0.000,0.000,0.0390,-0.3790,0.9330,0.07,0.96,0.30,0.000,-2.394,-21.036,1,0,0,0.0,1,0,1,65.0,0.0,109,1,0,445,-11125
26300,219949520,1,0,0,0.0000000,0.0000000,0.000,0.000,0.000,0.000,0.000,0.0410,-0.3590,0.9360,0.48,0.97,0.35,0.000,-2.508,-20.765,1,0,0,0.0,1,0,1,65.0,0.0,109,1,0,445,-11125
26390,219949640,1,0,0,0.0000000,0.0000000,0.000,0.000,0.000,0.000,0.000,0.0380,-0.3360,0.9390,-0.39,0.99,0.37,0.000,-2.317,-20.346,1,0,0,0.0,1,0,1,65.0,0.0,109,1,0,445,26761
26455,219949680,1,0,0,0.0000000,0.0000000,0.000,0.000,0.000,0.000,0.000,0.0370,-0.3350,0.9400,-0.78,0.98,0.37,0.000,-2.254,-20.237,1,0,0,0.0,1,0,1,65.0,0.0,109,1,0,353,-32374
26546,219949760,1,0,0,0.0000000,0.0000000,0.000,0.000,0.000,0.000,0.000,0.0370,-0.3380,0.9420,-1.44,0.92,0.41,0.000,-2.249,-20.067,1,0,0,0.0,1,0,1,65.0,0.0,109,1,0,232,-23926
26612,219949840,1,0,0,0.0000000,0.0000000,0.000,0.000,0.000,0.000,0.000,0.0370,-0.3400,0.9420,-1.97,0.86,0.43,0.000,-2.249,-19.952,1,0,0,0.0,1,0,1,65.0,0.0,109,1,0,232,-23926
26707,219949920,1,0,0,0.0000000,0.0000000,0.000,0.000,0.000,0.000,0.000,0.0380,-0.3390,0.9410,-2.33,0.83,0.42,0.000,-2.312,-19.873,1,0,0,0.0,1,0,1,65.0,0.0,109,1,0,56,-25974
26770,219950000,1,0,0,0.0000000,0.0000000,0.000,0.000,0.000,0.000,0.000,0.0400,-0.3400,0.9420,-2.66,0.82,0.44,0.000,-2.431,-19.823,1,0,0,0.0,1,0,1,65.0,0.0,109,1,0,53,-24694
26863,219950080,1,0,0,0.0000000,0.0000000,0.000,0.000,0.000,0.000,0.000,0.0390,-0.3450,0.9410,-2.94,0.82,0.46,0.000,-2.373,-19.809,1,0,0,0.0,1,0,1,65.0,0.0,109,1,0,-3,-24694
26926,219950160,1,0,0,0.0000000,0.0000000,0.000,0.000,0.000,0.000,0.000,0.0390,-0.3470,0.9410,-3.00,0.83,0.45,0.000,-2.373,-19.809,1,0,0,0.0,1,0,1,65.0,0.0,109,1,0,-3,-8054
27017,219950240,1,0,0,0.0000000,0.0000000,0.000,0.000,0.000,0.000,0.000,0.0400,-0.3480,0.9410,-3.00,0.84,0.45,0.000,-2.434,-19.812,1,0,0,0.0,1,0,1,65.0,0.0,109,1,0,0,-8310
27081,219950320,1,0,0,0.0000000,0.0000000,0.000,0.000,0.000,0.000,0.000,0.0380,-0.3500,0.9410,-2.86,0.85,0.45,0.000,-2.312,-19.813,1,0,0,0.0,1,0,1,65.0,0.0,109,1,0,3,-7542
27172,219950400,1,0,0,0.0000000,0.0000000,0.000,0.000,0.000,0.000,0.000,0.0380,-0.3510,0.9410,-2.62,0.86,0.44,0.000,-2.312,-19.800,1,0,0,0.0,1,0,1,65.0,0.0,109,1,0,39,906
27233,219950480,1,0,0,0.0000000,0.0000000,0.000,0.000,0.000,0.000,0.000,0.0390,-0.3490,0.9400,-2.49,0.85,0.44,0.000,-2.376,-19.769,1,0,0,0.0,1,0,1,65.0,0.0,109,1,0,62,-11894
27326,219950560,1,0,0,0.0000000,0.0000000,0.000,0.000,0.000,0.000,0.000,0.0390,-0.3460,0.9410,-2.38,0.85,0.43,0.000,-2.373,-19.726,1,0,0,0.0,1,0,1,65.0,0.0,109,1,0,81,-6006
27389,219950600,1,0,0,0.0000000,0.0000000,0.000,0.000,0.000,0.000,0.000,0.0390,-0.3450,0.9410,-2.37,0.86,0.43,0.000,-2.373,-19.702,1,0,0,0.0,1,0,1,65.0,0.0,109,1,0,87,-6006
27480,219950720,1,0,0,0.0000000,0.0000000,0.000,0.000,0.000,0.000,0.000,0.0380,-0.3400,0.9420,-2.48,0.85,0.44,0.000,-2.310,-19.626,1,0,0,0.0,1,0,1,65.0,0.0,109,1,0,78,-20854
27544,219950760,1,0,0,0.0000000,0.0000000,0.000,0.000,0.000,0.000,0.000,0.0380,-0.3390,0.9420,-2.58,0.84,0.45,0.000,-2.310,-19.605,1,0,0,0.0,1,0,1,65.0,0.0,109,1,0,59,-29302
27633,219950880,1,0,0,0.0000000,0.0000000,0.000,0.000,0.000,0.000,0.000,0.0390,-0.3430,0.9430,-2.88,0.85,0.45,0.000,-2.368,-19.574,1,0,0,0.0,1,0,1,65.0,0.0,109,1,0,17,-21110
27747,219950960,1,0,0,0.0000000,0.0000000,0.000,0.000,0.000,0.000,0.000,0.0390,-0.3440,0.9430,-2.87,0.85,0.46,0.000,-2.368,-19.568,1,0,0,0.0,1,0,1,65.0,0.0,109,1,0,25,-10870
27812,219951040,1,0,0,0.0000000,0.0000000,0.000,0.000,0.000,0.000,0.000,0.0390,-0.3410,0.9420,-2.88,0.85,0.46,0.000,-2.371,-19.558,1,0,0,0.0,1,0,1,65.0,0.0,109,1,0,36,-20342
27902,219951120,1,0,0,0.0000000,0.0000000,0.000,0.000,0.000,0.000,0.000,0.0390,-0.3390,0.9420,-3.10,0.85,0.47,0.000,-2.371,-19.556,1,0,0,0.0,1,0,1,65.0,0.0,109,1,0,-20,-27254
27969,219951200,1,0,0,0.0000000,0.0000000,0.000,0.000,0.000,0.000,0.000,0.0380,-0.3410,0.9430,-3.24,0.84,0.48,0.000,-2.308,-19.569,1,0,0,0.0,1,0,1,65.0,0.0,109,1,0,-50,-20342
28059,219951280,1,0,0,0.0000000,0.0000000,0.000,0.000,0.000,0.000,0.000,0.0380,-0.3420,0.9430,-3.36,0.83,0.48,0.000,-2.308,-19.593,1,0,0,0.0,1,0,1,65.0,0.0,109,1,0,-50,-20342
28123,219951360,1,0,0,0.0000000,0.0000000,0.000,0.000,0.000,0.000,0.000,0.0390,-0.3440,0.9420,-3.46,0.83,0.48,0.000,-2.371,-19.630,1,0,0,0.0,1,0,1,65.0,0.0,109,1,0,-73,-14710
28214,219951440,1,0,0,0.0000000,0.0000000,0.000,0.000,0.000,0.000,0.000,0.0390,-0.3470,0.9420,-3.47,0.83,0.48,0.000,-2.371,-19.674,1,0,0,0.0,1,0,1,65.0,0.0,109,1,0,-73,-11126
28279,219951520,1,0,0,0.0000000,0.0000000,0.000,0.000,0.000,0.000,0.000,0.0390,-0.3480,0.9410,-3.43,0.83,0.47,0.000,-2.373,-19.717,1,0,0,0.0,1,0,1,65.0,0.0,109,1,0,-73,-11126
28369,219951600,1,0,0,0.0000000,0.0000000,0.000,0.000,0.000,0.000,0.000,0.0390,-0.3470,0.9410,-3.39,0.83,0.48,0.000,-2.373,-19.754,1,0,0,0.0,1,0,1,65.0,0.0,109,1,0,-73,-11126
28432,219951680,1,0,0,0.0000000,0.0000000,0.000,0.000,0.000,0.000,0.000,0.0390,-0.3480,0.9410,-3.40,0.83,0.49,0.000,-2.373,-19.790,1,0,0,0.0,1,0,1,65.0,0.0,109,1,0,-62,-13686
28522,219951760,1,0,0,0.0000000,0.0000000,0.000,0.000,0.000,0.000,0.000,0.0390,-0.3490,0.9410,-3.38,0.82,0.48,0.000,-2.373,-19.827,1,0,0,0.0,1,0,1,65.0,0.0,109,1,0,-56,-7542
28585,219951800,1,0,0,0.0000000,0.0000000,0.000,0.000,0.000,0.000,0.000,0.0390,-0.3480,0.9410,-3.38,0.83,0.48,0.000,-2.373,-19.843,1,0,0,0.0,1,0,1,65.0,0.0,109,1,0,-56,-7542
28677,219951920,1,0,0,0.0000000,0.0000000,0.000,0.000,0.000,0.000,0.000,0.0390,-0.3490,0.9400,-3.41,0.83,0.48,0.000,-2.376,-19.896,1,0,0,0.0,1,0,1,65.0,0.0,109,1,0,-70,-4470
28740,219951960,1,0,0,0.0000000,0.0000000,0.000,0.000,0.000,0.000,0.000,0.0390,-0.3500,0.9400,-3.41,0.82,0.49,0.000,-2.376,-19.915,1,0,0,0.0,1,0,1,65.0,0.0,109,1,0,-67,-5238
28830,219952040,1,0,0,0.0000000,0.0000000,0.000,0.000,0.000,0.000,0.000,0.0380,-0.3530,0.9400,-3.39,0.83,0.48,0.000,-2.315,-19.955,1,0,0,0.0,1,0,1,65.0,0.0,109,1,0,-67,-5238
28896,219952120,1,0,0,0.0000000,0.0000000,0.000,0.000,0.000,0.000,0.000,0.0390,-0.3560,0.9390,-3.25,0.83,0.46,0.000,-2.378,-19.992,1,0,0,0.0,1,0,1,65.0,0.0,109,1,0,-70,7306
28987,219952200,1,0,0,0.0000000,0.0000000,0.000,0.000,0.000,0.000,0.000,0.0390,-0.3560,0.9390,-3.07,0.82,0.47,0.000,-2.378,-20.016,1,0,0,0.0,1,0,1,65.0,0.0,109,1,0,-17,10378
29050,219952280,1,0,0,0.0000000,0.0000000,0.000,0.000,0.000,0.000,0.000,0.0390,-0.3540,0.9390,-2.87,0.83,0.46,0.000,-2.378,-20.022,1,0,0,0.0,1,0,1,65.0,0.0,109,1,0,-17,10378
29144,219952360,1,0,0,0.0000000,0.0000000,0.000,0.000,0.000,0.000,0.000,0.0390,-0.3560,0.9400,-2.69,0.84,0.45,0.000,-2.376,-20.014,1,0,0,0.0,1,0,1,65.0,0.0,109,1,0,48,9610
29209,219952440,1,0,0,0.0000000,0.0000000,0.000,0.000,0.000,0.000,0.000,0.0390,-0.3710,0.9400,-2.25,0.86,0.41,0.000,-2.376,-20.002,1,0,0,0.0,1,0,1,65.0,0.0,109,1,0,48,9610
29299,219952520,1,0,0,0.0000000,0.0000000,0.000,0.000,0.000,0.000,0.000,0.0390,-0.4090,0.9400,-0.39,0.88,0.23,0.000,-2.376,-19.946,1,0,0,0.0,1,0,1,65.0,0.0,109,1,0,48,9610
29364,219952600,1,0,0,0.0000000,0.0000000,0.000,0.000,0.000,0.000,0.000,0.0370,-0.4340,0.9390,2.90,0.91,0.00,0.000,-2.256,-19.727,1,0,0,0.0,1,0,1,65.0,0.0,109,1,0,613,9610
29454,219952680,1,0,0,0.0000000,0.0000000,0.000,0.000,0.000,0.000,0.000,0.0380,-0.4210,0.9410,6.85,0.93,-0.09,0.000,-2.312,-19.207,1,0,0,0.0,1,0,1,65.0,0.0,109,1,0,1323,32652
29518,219952760,1,0,0,0.0000000,0.0000000,0.000,0.000,0.000,0.000,0.000,0.0430,-0.3840,0.9430,10.65,1.00,-0.19,0.000,-2.611,-18.325,1,0,0,0.0,1,0,1,65.0,0.0,109,1,0,1323,32652
29612,219952840,1,0,0,0.0000000,0.0000000,0.000,0.000,0.000,0.000,0.000,0.0400,-0.3610,0.9440,13.42,1.10,-0.38,0.000,-2.426,-17.202,1,0,0,0.0,1,0,1,65.0,0.0,109,1,0,2557,-6774
29679,219952920,1,0,0,0.0000000,0.0000000,0.000,0.000,0.000,0.000,0.000,0.0390,-0.3470,0.9480,16.74,1.22,-0.56,0.000,-2.356,-15.835,1,0,0,0.0,1,0,1,65.0,0.0,109,1,0,3134,26761
29771,219953000,1,0,0,0.0000000,0.0000000,0.000,0.000,0.000,0.000,0.000,0.0460,-0.3220,0.9450,20.19,1.38,-0.67,0.000,-2.787,-14.221,1,0,0,0.0,1,0,1,65.0,0.0,109,1,0,3134,26761
29837,219953080,1,0,0,0.0000000,0.0000000,0.000,0.000,0.000,0.000,0.000,0.0490,-0.2330,0.9510,23.44,1.67,-0.45,0.000,-2.950,-12.262,1,0,0,0.0,1,0,1,65.0,0.0,109,1,0,3629,-30327
29926,219953120,1,0,0,0.0000000,0.0000000,0.000,0.000,0.000,0.000,0.000,0.0460,-0.1780,0.9620,23.90,1.70,-0.26,0.000,-2.738,-11.164,1,0,0,0.0,1,0,1,65.0,0.0,108,1,0,3629,-30327
29989,219953240,1,0,0,0.0000000,0.0000000,0.000,0.000,0.000,0.000,0.000,0.0140,-0.0100,1.0110,19.36,1.12,0.04,0.000,-0.793,-7.861,1,0,0,0.0,1,0,1,65.0,0.0,109,1,0,3699,-30327
30080,219953320,1,0,0,0.0000000,0.0000000,0.000,0.000,0.000,0.000,0.000,0.0160,0.0280,1.0090,12.10,0.35,0.04,0.000,-0.908,-6.174,1,0,0,0.0,1,0,1,65.0,0.0,109,1,0,2644,-30327
30144,219953360,1,0,0,0.0000000,0.0000000,0.000,0.000,0.000,0.000,0.000,0.0350,0.0090,0.9810,8.96,0.29,-0.12,0.000,-2.043,-5.564,1,0,0,0.0,1,0,1,65.0,0.0,109,1,0,1900,3966
30233,219953480,1,0,0,0.0000000,0.0000000,0.000,0.000,0.000,0.000,0.000,0.0530,-0.0690,0.9910,5.12,0.73,-0.36,0.000,-3.061,-4.360,1,0,0,0.0,1,0,1,65.0,0.0,109,1,0,990,-30078
30300,219953520,1,0,0,0.0000000,0.0000000,0.000,0.000,0.000,0.000,0.000,0.0230,-0.0680,1.0090,5.13,0.73,-0.24,0.000,-1.306,-4.024,1,0,0,0.0,1,0,1,65.0,0.0,109,1,0,990,-30078
30391,219953640,1,0,0,0.0000000,0.0000000,0.000,0.000,0.000,0.000,0.000,0.0270,-0.0980,0.9940,5.43,0.40,-0.14,0.000,-1.556,-3.105,1,0,0,0.0,1,0,1,65.0,0.0,109,1,0,990,-30078
30454,219953680,1,0,0,0.0000000,0.0000000,0.000,0.000,0.000,0.000,0.000,0.0560,-0.1080,0.9870,6.38,0.36,-0.17,0.000,-3.247,-2.792,1,0,0,0.0,1,0,1,65.0,0.0,109,1,0,1209,28802
30547,219953760,1,0,0,0.0000000,0.0000000,0.000,0.000,0.000,0.000,0.000,0.0590,-0.0940,0.9800,9.44,0.72,-0.27,0.000,-3.445,-1.993,1,0,0,0.0,1,0,1,65.0,0.0,109,1,0,1718,31106
30610,219953840,1,0,0,0.0000000,0.0000000,0.000,0.000,0.000,0.000,0.000,0.0390,-0.0280,0.9970,11.27,0.86,-0.15,0.000,-2.240,-0.931,1,0,0,0.0,1,0,1,65.0,0.0,109,1,0,1718,31106
30702,219953920,1,0,0,0.0000000,0.0000000,0.000,0.000,0.000,0.000,0.000,0.0420,0.0740,0.9930,10.02,0.83,0.38,0.000,-2.422,0.281,1,0,0,0.0,1,0,1,65.0,0.0,109,1,0,1718,31106
30766,219954000,1,0,0,0.0000000,0.0000000,0.000,0.000,0.000,0.000,0.000,0.0430,0.1400,0.9880,5.78,0.95,0.82,0.000,-2.492,1.351,1,0,0,0.0,1,0,1,65.0,0.0,109,1,0,674,-24966
30857,219954080,1,0,0,0.0000000,0.0000000,0.000,0.000,0.000,0.000,0.000,0.0460,0.1250,0.9960,0.35,1.09,0.55,0.000,-2.644,1.978,1,0,0,0.0,1,0,1,65.0,0.0,109,1,0,674,-24966
30920,219954160,1,0,0,0.0000000,0.0000000,0.000,0.000,0.000,0.000,0.000,0.0440,0.0580,1.0010,-3.36,0.98,0.18,0.000,-2.517,2.103,1,0,0,0.0,1,0,1,65.0,0.0,109,1,0,-134,-24966
31013,219954240,1,0,0,0.0000000,0.0000000,0.000,0.000,0.000,0.000,0.000,0.0270,0.0300,1.0020,-4.10,0.87,0.40,0.000,-1.544,2.036,1,0,0,0.0,1,0,1,65.0,0.0,109,1,0,-134,-24966
31076,219954320,1,0,0,0.0000000,0.0000000,0.000,0.000,0.000,0.000,0.000,0.0350,0.0090,1.0020,-3.98,0.81,0.45,0.000,-2.001,1.916,1,0,0,0.0,1,0,1,65.0,0.0,109,1,0,-106,-21889
31166,219954400,1,0,0,0.0000000,0.0000000,0.000,0.000,0.000,0.000,0.000,0.0590,0.0180,0.9960,-3.56,0.82,0.47,0.000,-3.390,1.837,1,0,0,0.0,1,0,1,65.0,0.0,109,1,0,-106,12159
31230,219954440,1,0,0,0.0000000,0.0000000,0.000,0.000,0.000,0.000,0.000,0.0730,0.0270,0.9890,-3.59,0.99,0.50,0.000,-4.221,1.816,1,0,0,0.0,1,0,1,65.0,0.0,109,1,0,-50,12159
31321,219954560,1,0,0,0.0000000,0.0000000,0.000,0.000,0.000,0.000,0.000,0.0930,0.0190,0.9980,-4.35,3.22,0.54,0.000,-5.324,1.686,1,0,0,0.0,1,0,1,65.0,0.0,109,1,0,-50,12159
31383,219954600,1,0,0,0.0000000,0.0000000,0.000,0.000,0.000,0.000,0.000,0.0410,0.0050,1.0090,-4.23,3.57,0.55,0.000,-2.327,1.617,1,0,0,0.0,1,0,1,65.0,0.0,109,1,0,-227,17023
31474,219954720,1,0,0,0.0000000,0.0000000,0.000,0.000,0.000,0.000,0.000,-0.1750,0.0100,1.0400,-3.47,-0.26,0.43,0.000,9.552,1.481,1,0,0,0.0,1,0,1,65.0,0.0,109,2,0,-104,16511
31538,219954760,1,0,0,0.0000000,0.0000000,0.000,0.000,0.000,0.000,0.000,-0.1920,0.0150,1.0080,-3.40,-2.70,0.48,0.000,10.784,1.461,1,0,0,0.0,1,0,1,65.0,0.0,109,2,0,-104,16511
31629,219954840,1,0,0,0.0000000,0.0000000,0.000,0.000,0.000,0.000,0.000,-0.0770,0.0040,1.0130,-3.36,-7.71,0.35,0.000,4.347,1.399,1,0,0,0.0,1,0,1,65.0,0.0,109,2,0,-104,16511
31693,219954920,1,0,0,0.0000000,0.0000000,0.000,0.000,0.000,0.000,0.000,0.2720,-0.0110,0.9820,-2.42,-7.31,0.04,0.000,-15.482,1.360,1,0,0,0.0,1,0,1,65.0,0.0,109,2,0,11,14463
31785,219955000,1,0,0,0.0000000,0.0000000,0.000,0.000,0.000,0.000,0.000,0.4060,0.0070,0.8960,-1.61,-0.56,0.35,0.000,-24.376,1.426,1,0,0,0.0,1,0,1,65.0,0.0,109,2,0,235,127
31850,219955080,1,0,0,0.0000000,0.0000000,0.000,0.000,0.000,0.000,0.000,0.2770,0.0440,0.9490,-1.59,6.89,0.69,0.000,-16.272,1.568,1,0,0,0.0,1,0,1,65.0,0.0,109,2,0,235,127
31943,219955160,1,0,0,0.0000000,0.0000000,0.000,0.000,0.000,0.000,0.000,0.0570,0.0440,1.0100,-2.90,10.38,0.63,0.000,-3.230,1.655,1,0,0,0.0,1,0,1,65.0,0.0,109,2,0,-173,127
32005,219955240,1,0,0,0.0000000,0.0000000,0.000,0.000,0.000,0.000,0.000,-0.1490,0.0330,1.0090,-4.20,8.34,0.42,0.000,8.400,1.633,1,0,0,0.0,1,0,1,65.0,0.0,109,2,0,-173,21117
32096,219955320,1,0,0,0.0000000,0.0000000,0.000,0.000,0.000,0.000,0.000,-0.2320,0.0410,1.0820,-5.30,2.49,0.30,0.000,12.102,1.510,1,0,0,0.0,1,0,1,65.0,0.0,109,2,0,-322,16766
32161,219955400,1,0,0,0.0000000,0.0000000,0.000,0.000,0.000,0.000,0.000,-0.0710,0.0190,1.0110,-6.13,-2.19,0.48,0.000,4.017,1.282,1,0,0,0.0,1,0,1,65.0,0.0,109,2,0,-322,16766
32249,219955480,1,0,0,0.0000000,0.0000000,0.000,0.000,0.000,0.000,0.000,0.0520,-0.0070,0.9660,-6.17,-3.79,0.57,0.000,-3.081,1.001,1,0,0,0.0,1,0,1,65.0,0.0,109,3,0,-434,16766
32313,219955520,1,0,0,0.0000000,0.0000000,0.000,0.000,0.000,0.000,0.000,0.0860,-0.0110,0.9960,-5.75,-3.26,0.45,0.000,-4.935,0.868,1,0,0,0.0,1,0,1,65.0,0.0,109,3,0,-400,1663
32403,219955640,1,0,0,0.0000000,0.0000000,0.000,0.000,0.000,0.000,0.000,0.1290,-0.0200,0.9820,-4.48,-0.97,0.39,0.000,-7.484,0.552,1,0,0,0.0,1,0,1,65.0,0.0,109,3,0,-297,-8320
32468,219955680,1,0,0,0.0000000,0.0000000,0.000,0.000,0.000,0.000,0.000,0.1150,-0.0200,0.9840,-4.06,-0.12,0.46,0.000,-6.666,0.484,1,0,0,0.0,1,0,1,65.0,0.0,109,3,0,-8,-8576
32558,219955800,1,0,0,0.0000000,0.0000000,0.000,0.000,0.000,0.000,0.000,0.0320,-0.0170,1.0010,-2.75,1.15,0.48,0.000,-1.831,0.391,1,0,0,0.0,1,0,1,65.0,0.0,109,3,0,-8,-8576
32623,219955840,1,0,0,0.0000000,0.0000000,0.000,0.000,0.000,0.000,0.000,0.0260,-0.0170,1.0060,-2.43,1.10,0.43,0.000,-1.480,0.394,1,0,0,0.0,1,0,1,65.0,0.0,109,3,0,70,-12928
32719,219955920,1,0,0,0.0000000,0.0000000,0.000,0.000,0.000,0.000,0.000,0.0460,-0.0090,0.9980,-1.99,0.81,0.41,0.000,-2.639,0.443,1,0,0,0.0,1,0,1,65.0,0.0,109,3,0,176,23679
32784,219956000,1,0,0,0.0000000,0.0000000,0.000,0.000,0.000,0.000,0.000,0.0700,-0.0020,0.9890,-1.77,0.98,0.42,0.000,-4.049,0.526,1,0,0,0.0,1,0,1,65.0,0.0,109,3,0,173,19327
32877,219956080,1,0,0,0.0000000,0.0000000,0.000,0.000,0.000,0.000,0.000,0.1480,0.0170,0.9940,-2.01,2.70,0.54,0.000,-8.469,0.630,1,0,0,0.0,1,0,1,65.0,0.0,109,3,0,196,-9601
32941,219956160,1,0,0,0.0000000,0.0000000,0.000,0.000,0.000,0.000,0.000,0.1670,0.0270,0.9650,-2.97,5.63,0.80,0.000,-9.818,0.702,1,0,0,0.0,1,0,1,65.0,0.0,109,3,0,20,13694
33032,219956280,1,0,0,0.0000000,0.0000000,0.000,0.000,0.000,0.000,0.000,-0.1870,0.0090,1.0060,-4.04,4.43,0.67,0.000,10.530,0.650,1,0,0,0.0,1,0,1,65.0,0.0,109,4,0,-90,24958
33097,219956320,1,0,0,0.0000000,0.0000000,0.000,0.000,0.000,0.000,0.000,-0.2650,0.0110,1.1090,-4.26,2.04,0.52,0.000,13.439,0.607,1,0,0,0.0,1,0,1,65.0,0.0,109,4,0,-232,-3969
33186,219956400,1,0,0,0.0000000,0.0000000,0.000,0.000,0.000,0.000,0.000,-0.2040,-0.0110,1.0060,-4.33,-5.33,0.47,0.000,11.463,0.476,1,0,0,0.0,1,0,1,65.0,0.0,109,4,0,-232,-3969
33252,219956480,1,0,0,0.0000000,0.0000000,0.000,0.000,0.000,0.000,0.000,-0.0170,-0.0210,0.9870,-3.89,-10.00,0.33,0.000,0.987,0.352,1,0,0,0.0,1,0,1,65.0,0.0,109,4,0,-232,-3969
33342,219956560,1,0,0,0.0000000,0.0000000,0.000,0.000,0.000,0.000,0.000,0.2990,-0.0080,0.9990,-3.35,-8.39,0.02,0.000,-16.662,0.275,1,0,0,0.0,1,0,1,65.0,0.0,109,4,0,-34,18559
33404,219956640,1,0,0,0.0000000,0.0000000,0.000,0.000,0.000,0.000,0.000,0.4100,-0.0010,0.8690,-3.14,-1.33,0.38,0.000,-25.258,0.252,1,0,0,0.0,1,0,1,65.0,0.0,109,4,0,-48,-13952
33496,219956720,1,0,0,0.0000000,0.0000000,0.000,0.000,0.000,0.000,0.000,0.4280,0.0180,0.8860,-3.36,7.95,0.96,0.000,-25.784,0.264,1,0,0,0.0,1,0,1,65.0,0.0,109,4,0,11,-3969
33560,219956760,1,0,0,0.0000000,0.0000000,0.000,0.000,0.000,0.000,0.000,0.3540,0.0080,1.0530,-3.80,13.49,1.14,0.000,-18.582,0.244,1,0,0,0.0,1,0,1,65.0,0.0,109,4,0,-50,126
33650,219956880,1,0,0,0.0000000,0.0000000,0.000,0.000,0.000,0.000,0.000,-0.0350,0.0060,0.9440,-5.18,7.90,-0.09,0.000,2.123,0.079,1,0,0,0.0,1,0,1,65.0,0.0,109,5,0,-50,126
33714,219956960,1,0,0,0.0000000,0.0000000,0.000,0.000,0.000,0.000,0.000,-0.3300,-0.0090,0.8620,-5.35,1.05,-0.28,0.000,20.948,-0.125,1,0,0,0.0,1,0,1,65.0,0.0,109,5,0,-783,-20607
33805,219957040,1,0,0,0.0000000,0.0000000,0.000,0.000,0.000,0.000,0.000,-0.4900,-0.0480,1.1760,-4.80,-0.89,0.12,0.000,22.620,-0.311,1,0,0,0.0,1,0,1,65.0,0.0,109,5,0,-389,-12414
33868,219957080,1,0,0,0.0000000,0.0000000,0.000,0.000,0.000,0.000,0.000,-0.3690,-0.0220,1.1710,-4.43,-3.55,0.23,0.000,17.490,-0.375,1,0,0,0.0,1,0,1,65.0,0.0,109,7,0,-297,-14208
33960,219957200,1,0,0,0.0000000,0.0000000,0.000,0.000,0.000,0.000,0.000,0.3700,-0.0380,0.8800,-3.61,-5.72,0.24,0.000,-22.805,-0.568,1,0,0,0.0,1,0,1,65.0,0.0,109,7,0,-297,-14208
34023,219957240,1,0,0,0.0000000,0.0000000,0.000,0.000,0.000,0.000,0.000,0.3870,-0.0270,0.9010,-3.13,-2.58,0.29,0.000,-23.245,-0.588,1,0,0,0.0,1,0,1,65.0,0.0,109,7,0,-17,1664
34113,219957360,1,0,0,0.0000000,0.0000000,0.000,0.000,0.000,0.000,0.000,0.0470,-0.0190,1.0000,-2.38,4.76,0.57,0.000,-2.691,-0.575,1,0,0,0.0,1,0,1,65.0,0.0,109,7,0,53,-4736
34181,219957400,1,0,0,0.0000000,0.0000000,0.000,0.000,0.000,0.000,0.000,-0.0260,-0.0290,1.0200,-2.36,4.61,0.51,0.000,1.460,-0.563,1,0,0,0.0,1,0,1,65.0,0.0,109,7,0,76,-4736
34270,219957480,1,0,0,0.0000000,0.0000000,0.000,0.000,0.000,0.000,0.000,-0.0690,-0.0220,1.0120,-2.15,2.94,0.41,0.000,3.900,-0.508,1,0,0,0.0,1,0,1,65.0,0.0,109,7,0,123,14464
34335,219957560,1,0,0,0.0000000,0.0000000,0.000,0.000,0.000,0.000,0.000,-0.0010,-0.0180,1.0130,-1.94,1.03,0.33,0.000,0.057,-0.442,1,0,0,0.0,1,0,1,65.0,0.0,109,7,0,115,-12160
34426,219957640,1,0,0,0.0000000,0.0000000,0.000,0.000,0.000,0.000,0.000,0.0620,-0.0120,0.9900,-1.98,0.57,0.45,0.000,-3.584,-0.357,1,0,0,0.0,1,0,1,65.0,0.0,109,7,0,140,-31872
34491,219957720,1,0,0,0.0000000,0.0000000,0.000,0.000,0.000,0.000,0.000,0.0400,-0.0140,0.9990,-2.06,0.80,0.49,0.000,-2.293,-0.282,1,0,0,0.0,1,0,1,65.0,0.0,109,7,0,134,-31872
34581,219957800,1,0,0,0.0000000,0.0000000,0.000,0.000,0.000,0.000,0.000,0.0860,-0.0020,0.9850,-2.19,1.43,0.46,0.000,-4.990,-0.206,1,0,0,0.0,1,0,1,65.0,0.0,109,7,0,134,-31872
34647,219957880,1,0,0,0.0000000,0.0000000,0.000,0.000,0.000,0.000,0.000,0.1170,0.0000,0.9920,-2.62,2.96,0.67,0.000,-6.727,-0.146,1,0,0,0.0,1,0,1,65.0,0.0,109,7,0,78,-21121
34737,219957960,1,0,0,0.0000000,0.0000000,0.000,0.000,0.000,0.000,0.000,-0.0410,-0.0120,1.0260,-3.08,3.28,0.60,0.000,2.288,-0.136,1,0,0,0.0,1,0,1,65.0,0.0,109,7,0,78,-21121
34801,219958040,1,0,0,0.0000000,0.0000000,0.000,0.000,0.000,0.000,0.000,-0.1440,-0.0190,1.0650,-3.02,0.82,0.33,0.000,7.700,-0.158,1,0,0,0.0,1,0,1,65.0,0.0,109,7,0,78,-21121
34891,219958080,1,0,0,0.0000000,0.0000000,0.000,0.000,0.000,0.000,0.000,-0.1400,-0.0360,1.0160,-2.73,-1.39,0.32,0.000,7.846,-0.177,1,0,0,0.0,1,0,1,65.0,0.0,109,7,0,59,-21121
34954,219958200,1,0,0,0.0000000,0.0000000,0.000,0.000,0.000,0.000,0.000,-0.0660,-0.0540,0.9870,0.26,-7.85,0.06,0.000,3.826,-0.080,1,0,0,0.0,1,0,1,65.0,0.0,109,7,0,372,-28030
35044,219958280,1,0,0,0.0000000,0.0000000,0.000,0.000,0.000,0.000,0.000,0.1800,-0.0160,1.0260,1.62,-8.88,-0.14,0.000,-9.951,0.211,1,0,0,0.0,1,0,1,65.0,0.0,109,7,0,663,-21120
35109,219958320,1,0,0,0.0000000,0.0000000,0.000,0.000,0.000,0.000,0.000,0.3000,0.0090,0.9860,1.74,-6.98,-0.04,0.000,-16.923,0.411,1,0,0,0.0,1,0,1,65.0,0.0,109,8,0,663,-21120
35197,219958440,1,0,0,0.0000000,0.0000000,0.000,0.000,0.000,0.000,0.000,0.5130,0.0720,0.8810,-0.82,7.28,0.82,0.000,-30.212,1.011,1,0,0,0.0,1,0,1,65.0,0.0,109,8,0,663,-21120
35262,219958480,1,0,0,0.0000000,0.0000000,0.000,0.000,0.000,0.000,0.000,0.4710,0.0490,1.0060,-1.92,12.50,1.14,0.000,-25.089,1.097,1,0,0,0.0,1,0,1,65.0,0.0,109,8,0,235,-21120
35353,219958560,1,0,0,0.0000000,0.0000000,0.000,0.000,0.000,0.000,0.000,0.1880,0.0480,1.1110,-3.65,14.30,1.06,0.000,-9.604,1.160,1,0,0,0.0,1,0,1,65.0,0.0,109,8,0,235,-21120
35417,219958640,1,0,0,0.0000000,0.0000000,0.000,0.000,0.000,0.000,0.000,-0.2710,0.0210,0.9010,-5.12,4.94,1.55,0.000,16.740,1.055,1,0,0,0.0,1,0,1,65.0,0.0,109,8,0,-439,-27266
35506,219958760,1,0,0,0.0000000,0.0000000,0.000,0.000,0.000,0.000,0.000,-0.5200,-0.0380,1.2560,-3.76,-0.64,0.32,0.000,22.490,0.748,1,0,0,0.0,1,0,1,65.0,0.0,109,10,0,-439,-27266
35573,219958800,1,0,0,0.0000000,0.0000000,0.000,0.000,0.000,0.000,0.000,-0.2680,0.0080,1.1100,-3.29,-3.87,0.22,0.000,13.574,0.738,1,0,0,0.0,1,0,1,65.0,0.0,109,10,0,143,-27266
35664,219958880,1,0,0,0.0000000,0.0000000,0.000,0.000,0.000,0.000,0.000,0.2450,0.0000,0.8690,-3.14,-6.49,0.22,0.000,-15.745,0.690,1,0,0,0.0,1,0,1,65.0,0.0,109,10,0,53,-27266
35728,219958960,1,0,0,0.0000000,0.0000000,0.000,0.000,0.000,0.000,0.000,0.3430,-0.0050,0.9170,-2.56,-1.55,0.41,0.000,-20.508,0.686,1,0,0,0.0,1,0,1,65.0,0.0,109,10,0,98,12159
35820,219959040,1,0,0,0.0000000,0.0000000,0.000,0.000,0.000,0.000,0.000,0.0770,0.0060,0.9960,-2.45,3.41,0.39,0.000,-4.421,0.727,1,0,0,0.0,1,0,1,65.0,0.0,109,10,0,98,12159
35888,219959120,1,0,0,0.0000000,0.0000000,0.000,0.000,0.000,0.000,0.000,-0.0650,0.0000,1.0080,-2.50,2.88,0.48,0.000,3.690,0.760,1,0,0,0.0,1,0,1,65.0,0.0,109,10,0,78,12159
35978,219959200,1,0,0,0.0000000,0.0000000,0.000,0.000,0.000,0.000,0.000,-0.0030,-0.0030,1.0080,-2.36,1.01,0.36,0.000,0.171,0.786,1,0,0,0.0,1,0,1,65.0,0.0,109,10,0,78,12159
36042,219959280,1,0,0,0.0000000,0.0000000,0.000,0.000,0.000,0.000,0.000,0.0680,0.0080,0.9960,-2.03,0.78,0.38,0.000,-3.906,0.842,1,0,0,0.0,1,0,1,65.0,0.0,109,10,0,98,22399
36133,219959360,1,0,0,0.0000000,0.0000000,0.000,0.000,0.000,0.000,0.000,0.0510,0.0690,0.9730,-2.96,1.43,1.13,0.000,-3.000,0.975,1,0,0,0.0,1,0,1,65.0,0.0,109,10,0,-22,22399
36197,219959400,1,0,0,0.0000000,0.0000000,0.000,0.000,0.000,0.000,0.000,0.0380,0.0830,0.9880,-4.39,1.74,1.41,0.000,-2.203,1.005,1,0,0,0.0,1,0,1,65.0,0.0,109,10,0,-890,-26499
36288,219959520,1,0,0,0.0000000,0.0000000,0.000,0.000,0.000,0.000,0.000,0.0440,-0.0280,1.0100,-8.91,1.85,0.14,0.000,-2.494,0.524,1,0,0,0.0,1,0,1,65.0,0.0,109,11,0,-890,-20099
36350,219959600,1,0,0,0.0000000,0.0000000,0.000,0.000,0.000,0.000,0.000,0.0210,-0.0980,1.0240,-5.98,1.38,-0.52,0.000,-1.175,0.012,1,0,0,0.0,1,0,1,65.0,0.0,109,11,0,-1111,24961
36440,219959680,1,0,0,0.0000000,0.0000000,0.000,0.000,0.000,0.000,0.000,0.0270,-0.0630,1.0580,-1.68,1.03,0.55,0.000,-1.462,-0.112,1,0,0,0.0,1,0,1,65.0,0.0,109,11,0,76,24961
36504,219959720,1,0,0,0.0000000,0.0000000,0.000,0.000,0.000,0.000,0.000,0.0320,-0.0480,1.0240,-0.56,0.90,0.83,0.000,-1.790,-0.060,1,0,0,0.0,1,0,1,65.0,0.0,109,11,0,532,31872
36595,219959840,1,0,0,0.0000000,0.0000000,0.000,0.000,0.000,0.000,0.000,-0.0930,-0.0050,0.9950,0.94,-0.96,0.23,0.000,5.340,0.308,1,0,0,0.0,1,0,1,65.0,0.0,109,11,0,548,19327
36658,219959880,1,0,0,0.0000000,0.0000000,0.000,0.000,0.000,0.000,0.000,-0.1380,0.0110,0.9700,0.91,-2.74,0.32,0.000,8.097,0.476,1,0,0,0.0,1,0,1,65.0,0.0,109,11,0,548,19327
36751,219959960,1,0,0,0.0000000,0.0000000,0.000,0.000,0.000,0.000,0.000,-0.0910,0.0160,1.0170,0.15,-7.52,0.28,0.000,5.113,0.772,1,0,0,0.0,1,0,1,65.0,0.0,109,11,0,548,19327
36813,219960040,1,0,0,0.0000000,0.0000000,0.000,0.000,0.000,0.000,0.000,0.1860,0.0260,1.0260,-0.44,-8.23,0.09,0.000,-10.275,1.016,1,0,0,0.0,1,0,1,65.0,0.0,109,11,0,394,-24705
36903,219960120,1,0,0,0.0000000,0.0000000,0.000,0.000,0.000,0.000,0.000,0.3780,0.0640,0.8950,-1.78,-3.20,0.41,0.000,-22.897,1.264,1,0,0,0.0,1,0,1,65.0,0.0,109,12,0,-25,-642
36969,219960200,1,0,0,0.0000000,0.0000000,0.000,0.000,0.000,0.000,0.000,0.4800,0.0720,0.9060,-4.57,7.72,1.04,0.000,-27.915,1.362,1,0,0,0.0,1,0,1,65.0,0.0,109,12,0,-25,-642
37059,219960280,1,0,0,0.0000000,0.0000000,0.000,0.000,0.000,0.000,0.000,0.3350,0.0080,1.0510,-5.40,15.63,0.83,0.000,-17.679,1.155,1,0,0,0.0,1,0,1,65.0,0.0,109,12,0,-25,-642
37124,219960360,1,0,0,0.0000000,0.0000000,0.000,0.000,0.000,0.000,0.000,0.0000,0.0000,0.8600,-5.50,9.17,0.62,0.000,-0.000,0.922,1,0,0,0.0,1,0,1,65.0,0.0,109,12,0,-25,-642
37215,219960440,1,0,0,0.0000000,0.0000000,0.000,0.000,0.000,0.000,0.000,-0.3730,-0.0370,0.8720,-5.06,2.23,0.61,0.000,23.159,0.707,1,0,0,0.0,1,0,1,65.0,0.0,109,12,0,-316,20864
37279,219960520,1,0,0,0.0000000,0.0000000,0.000,0.000,0.000,0.000,0.000,-0.5510,-0.0200,1.2800,-4.02,-1.06,0.19,0.000,23.290,0.556,1,0,0,0.0,1,0,1,65.0,0.0,109,12,0,-316,20864
37372,219960600,1,0,0,0.0000000,0.0000000,0.000,0.000,0.000,0.000,0.000,0.0120,-0.0160,1.0330,-4.45,-8.00,0.29,0.000,-0.666,0.440,1,0,0,0.0,1,0,1,65.0,0.0,109,12,0,-218,20864
37434,219960640,1,0,0,0.0000000,0.0000000,0.000,0.000,0.000,0.000,0.000,0.2720,0.0030,0.8690,-4.10,-7.54,0.29,0.000,-17.380,0.400,1,0,0,0.0,1,0,1,65.0,0.0,109,12,0,-126,-6273
37523,219960760,1,0,0,0.0000000,0.0000000,0.000,0.000,0.000,0.000,0.000,0.2440,-0.0080,0.9680,-3.41,1.22,0.45,0.000,-14.148,0.277,1,0,0,0.0,1,0,1,65.0,0.0,109,15,0,-62,11391
37589,219960800,1,0,0,0.0000000,0.0000000,0.000,0.000,0.000,0.000,0.000,0.1010,-0.0110,0.9920,-3.35,3.37,0.47,0.000,-5.814,0.253,1,0,0,0.0,1,0,1,65.0,0.0,109,15,0,-62,11391
37678,219960920,1,0,0,0.0000000,0.0000000,0.000,0.000,0.000,0.000,0.000,-0.0470,-0.0240,0.9900,-2.57,2.43,0.40,0.000,2.718,0.198,1,0,0,0.0,1,0,1,65.0,0.0,109,15,0,-62,11391
37742,219960960,1,0,0,0.0000000,0.0000000,0.000,0.000,0.000,0.000,0.000,-0.0380,-0.0230,1.0350,-2.24,1.68,0.36,0.000,2.103,0.206,1,0,0,0.0,1,0,1,65.0,0.0,109,15,0,118,14208
37835,219961040,1,0,0,0.0000000,0.0000000,0.000,0.000,0.000,0.000,0.000,0.0630,0.0000,1.0010,-1.80,0.98,0.45,0.000,-3.601,0.290,1,0,0,0.0,1,0,1,65.0,0.0,109,15,0,148,-13441
37899,219961120,1,0,0,0.0000000,0.0000000,0.000,0.000,0.000,0.000,0.000,0.0790,0.0130,0.9700,-2.24,1.28,0.70,0.000,-4.656,0.391,1,0,0,0.0,1,0,1,65.0,0.0,109,15,0,148,-13441
37991,219961200,1,0,0,0.0000000,0.0000000,0.000,0.000,0.000,0.000,0.000,0.0200,0.0070,0.9990,-3.05,1.81,0.63,0.000,-1.147,0.428,1,0,0,0.0,1,0,1,65.0,0.0,109,15,0,148,-13441
38056,219961280,1,0,0,0.0000000,0.0000000,0.000,0.000,0.000,0.000,0.000,0.0100,-0.0140,1.0210,-3.08,1.62,0.39,0.000,-0.561,0.392,1,0,0,0.0,1,0,1,65.0,0.0,109,15,0,-87,17279
38147,219961400,1,0,0,0.0000000,0.0000000,0.000,0.000,0.000,0.000,0.000,0.0440,-0.0240,1.0080,-1.55,0.91,0.39,0.000,-2.499,0.403,1,0,0,0.0,1,0,1,65.0,0.0,109,15,0,87,7808
38213,219961440,1,0,0,0.0000000,0.0000000,0.000,0.000,0.000,0.000,0.000,0.0310,-0.0180,1.0120,-1.12,0.80,0.42,0.000,-1.755,0.456,1,0,0,0.0,1,0,1,65.0,0.0,109,15,0,232,9856
38304,219961520,1,0,0,0.0000000,0.0000000,0.000,0.000,0.000,0.000,0.000,0.0340,-0.0090,1.0020,-0.40,0.55,0.36,0.000,-1.943,0.610,1,0,0,0.0,1,0,1,65.0,0.0,109,15,0,411,19327
38368,219961600,1,0,0,0.0000000,0.0000000,0.000,0.000,0.000,0.000,0.000,0.0450,-0.0050,0.9940,0.05,0.58,0.33,0.000,-2.592,0.821,1,0,0,0.0,1,0,1,65.0,0.0,109,15,0,411,-3201
38459,219961680,1,0,0,0.0000000,0.0000000,0.000,0.000,0.000,0.000,0.000,0.0320,0.0120,0.9960,0.25,0.86,0.30,0.000,-1.840,1.073,1,0,0,0.0,1,0,1,65.0,0.0,109,15,0,411,-3201
38528,219961760,1,0,0,0.0000000,0.0000000,0.000,0.000,0.000,0.000,0.000,0.0280,0.0300,1.0030,0.00,0.83,0.36,0.000,-1.599,1.339,1,0,0,0.0,1,0,1,65.0,0.0,109,15,0,470,-3201
38618,219961840,1,0,0,0.0000000,0.0000000,0.000,0.000,0.000,0.000,0.000,0.0330,0.0520,1.0020,-1.10,0.69,0.45,0.000,-1.886,1.578,1,0,0,0.0,1,0,1,65.0,0.0,109,15,0,470,-3201
38682,219961920,1,0,0,0.0000000,0.0000000,0.000,0.000,0.000,0.000,0.000,0.0330,0.0600,0.9990,-2.84,0.65,0.51,0.000,-1.892,1.715,1,0,0,0.0,1,0,1,65.0,0.0,109,15,0,143,-3201
38778,219962000,1,0,0,0.0000000,0.0000000,0.000,0.000,0.000,0.000,0.000,0.0320,0.0390,0.9980,-4.38,0.63,0.46,0.000,-1.837,1.686,1,0,0,0.0,1,0,1,65.0,0.0,109,15,0,-190,-30338
38843,219962080,1,0,0,0.0000000,0.0000000,0.000,0.000,0.000,0.000,0.000,0.0380,0.0090,0.9970,-4.81,0.68,0.35,0.000,-2.183,1.528,1,0,0,0.0,1,0,1,65.0,0.0,109,15,0,-190,-30338
38942,219962160,1,0,0,0.0000000,0.0000000,0.000,0.000,0.000,0.000,0.000,0.0440,-0.0010,0.9960,-4.29,0.79,0.43,0.000,-2.529,1.372,1,0,0,0.0,1,0,1,65.0,0.0,109,15,0,-123,20095
39010,219962240,1,0,0,0.0000000,0.0000000,0.000,0.000,0.000,0.000,0.000,0.0480,0.0030,0.9980,-3.70,0.84,0.54,0.000,-2.754,1.271,1,0,0,0.0,1,0,1,65.0,0.0,109,15,0,-112,14463
39100,219962320,1,0,0,0.0000000,0.0000000,0.000,0.000,0.000,0.000,0.000,0.0490,0.0120,0.9990,-3.61,0.86,0.55,0.000,-2.808,1.213,1,0,0,0.0,1,0,1,65.0,0.0,109,15,0,-64,14463
39164,219962400,1,0,0,0.0000000,0.0000000,0.000,0.000,0.000,0.000,0.000,0.0430,0.0090,1.0000,-3.64,0.90,0.48,0.000,-2.462,1.152,1,0,0,0.0,1,0,1,65.0,0.0,109,15,0,-101,-16001
39255,219962480,1,0,0,0.0000000,0.0000000,0.000,0.000,0.000,0.000,0.000,0.0370,0.0010,1.0010,-3.41,0.87,0.45,0.000,-2.117,1.090,1,0,0,0.0,1,0,1,65.0,0.0,109,15,0,-95,-2177
39319,219962560,1,0,0,0.0000000,0.0000000,0.000,0.000,0.000,0.000,0.000,0.0360,0.0000,1.0000,-3.08,0.85,0.50,0.000,-2.062,1.051,1,0,0,0.0,1,0,1,65.0,0.0,109,15,0,-95,-2177
39407,219962640,1,0,0,0.0000000,0.0000000,0.000,0.000,0.000,0.000,0.000,0.0360,0.0060,0.9990,-2.79,0.82,0.49,0.000,-2.064,1.045,1,0,0,0.0,1,0,1,65.0,0.0,109,15,0,42,-4993
39472,219962720,1,0,0,0.0000000,0.0000000,0.000,0.000,0.000,0.000,0.000,0.0370,0.0100,0.9990,-2.77,0.82,0.46,0.000,-2.121,1.055,1,0,0,0.0,1,0,1,65.0,0.0,109,15,0,31,-11393
39561,219962800,1,0,0,0.0000000,0.0000000,0.000,0.000,0.000,0.000,0.000,0.0380,0.0110,0.9990,-2.88,0.82,0.45,0.000,-2.178,1.066,1,0,0,0.0,1,0,1,65.0,0.0,109,15,0,31,-14209
39625,219962840,1,0,0,0.0000000,0.0000000,0.000,0.000,0.000,0.000,0.000,0.0380,0.0130,0.9990,-2.98,0.83,0.47,0.000,-2.178,1.068,1,0,0,0.0,1,0,1,65.0,0.0,109,15,0,-3,-15489
39716,219962960,1,0,0,0.0000000,0.0000000,0.000,0.000,0.000,0.000,0.000,0.0400,0.0110,0.9990,-3.26,0.83,0.49,0.000,-2.293,1.049,1,0,0,0.0,1,0,1,65.0,0.0,109,15,0,-17,-14209
39781,219963000,1,0,0,0.0000000,0.0000000,0.000,0.000,0.000,0.000,0.000,0.0400,0.0100,0.9990,-3.33,0.84,0.48,0.000,-2.293,1.034,1,0,0,0.0,1,0,1,65.0,0.0,109,15,0,-56,-18817
39871,219963120,1,0,0,0.0000000,0.0000000,0.000,0.000,0.000,0.000,0.000,0.0410,0.0050,0.9990,-3.40,0.83,0.48,0.000,-2.350,0.973,1,0,0,0.0,1,0,1,65.0,0.0,109,15,0,-73,-13953
39938,219963160,1,0,0,0.0000000,0.0000000,0.000,0.000,0.000,0.000,0.000,0.0390,0.0070,0.9970,-3.37,0.85,0.50,0.000,-2.240,0.955,1,0,0,0.0,1,0,1,65.0,0.0,109,15,0,-50,3711
40028,219963240,1,0,0,0.0000000,0.0000000,0.000,0.000,0.000,0.000,0.000,0.0380,0.0050,1.0010,-3.38,0.81,0.49,0.000,-2.174,0.916,1,0,0,0.0,1,0,1,65.0,0.0,109,15,0,-50,3711
40091,219963320,1,0,0,0.0000000,0.0000000,0.000,0.000,0.000,0.000,0.000,0.0390,0.0060,0.9970,-3.40,0.84,0.48,0.000,-2.240,0.877,1,230,0,0.0,1,0,1,65.0,0.0,109,15,0,-56,-19585
40184,219963400,1,0,0,0.0000000,0.0000000,0.000,0.000,0.000,0.000,0.000,0.0440,0.0120,0.9920,-3.23,0.93,0.55,0.000,-2.540,0.850,1,1015,0,0.0,1,0,1,65.0,0.0,109,15,0,-50,-16002
40249,219963480,1,0,0,0.0000000,0.0000000,0.000,0.000,0.000,0.000,0.000,0.0410,0.0060,1.0030,-3.21,0.82,0.50,0.000,-2.341,0.832,1,1015,0,0.0,1,0,1,65.0,0.0,109,15,0,-126,17278
40341,219963560,1,0,0,0.0000000,0.0000000,0.000,0.000,0.000,0.000,0.000,0.0400,0.0000,0.9920,-3.10,0.83,0.47,0.000,-2.309,0.787,1,1015,0,0.0,1,0,1,65.0,0.0,109,15,0,-126,17278
40406,219963600,1,0,0,0.0000000,0.0000000,0.000,0.000,0.000,0.000,0.000,0.0570,0.0150,0.9840,-2.92,0.81,0.51,0.000,-3.315,0.800,1,1484,0,0.0,1,0,1,65.0,0.0,109,15,0,-101,-20609
40497,219963720,1,0,0,0.0000000,0.0000000,0.000,0.000,0.000,0.000,0.000,0.0440,0.0020,0.9940,-2.33,0.81,0.49,0.000,-2.535,0.812,1,1343,0,0.0,1,0,1,65.0,0.0,109,15,0,-22,-128
40559,219963800,1,0,0,0.0000000,0.0000000,0.000,0.000,0.000,0.000,0.000,0.0130,0.0150,1.0270,-2.19,0.74,0.62,0.000,-0.725,0.907,1,1554,0,0.0,1,0,1,65.0,0.0,109,15,0,-22,-128
40649,219963880,1,0,0,0.0000000,0.0000000,0.000,0.000,0.000,0.000,0.000,0.0190,0.0280,1.0250,-2.31,0.69,0.66,0.000,-1.062,1.023,1,1437,0,0.0,1,0,1,65.0,0.0,109,15,0,-39,-128
40711,219963960,1,0,0,0.0000000,0.0000000,0.000,0.000,0.000,0.000,0.000,0.0340,-0.0070,1.0050,-3.22,0.84,0.34,0.000,-1.938,0.989,1,1394,0,0.0,1,0,1,65.0,0.0,109,15,0,42,8317
40803,219964040,1,0,0,0.0000000,0.0000000,0.000,0.000,0.000,0.000,0.000,0.0370,0.0080,1.0180,-3.26,0.77,0.60,0.000,-2.082,0.945,1,1519,0,0.0,1,0,1,65.0,0.0,109,15,0,-25,-387
40867,219964080,1,0,0,0.0000000,0.0000000,0.000,0.000,0.000,0.000,0.000,0.0280,-0.0190,1.0190,-3.85,0.89,0.38,0.000,-1.574,0.879,1,1519,0,0.0,1,0,1,65.0,0.0,109,15,0,59,-8834
40956,219964200,1,0,0,0.0000000,0.0000000,0.000,0.000,0.000,0.000,0.000,0.0200,-0.0060,1.0210,-3.93,0.90,0.51,0.000,-1.122,0.758,1,1347,0,0.0,1,0,1,65.0,0.0,109,15,0,59,-8834
41019,219964240,1,0,0,0.0000000,0.0000000,0.000,0.000,0.000,0.000,0.000,0.0240,0.0020,1.0150,-3.99,0.87,0.50,0.000,-1.355,0.714,1,1339,0,0.0,1,0,1,65.0,0.0,109,15,0,-50,7808
41112,219964320,1,0,0,0.0000000,0.0000000,0.000,0.000,0.000,0.000,0.000,0.0420,0.0000,0.9980,-4.01,0.87,0.48,0.000,-2.410,0.612,1,1386,0,0.0,1,0,1,65.0,0.0,107,15,0,-67,7808
41175,219964400,1,0,0,0.0000000,0.0000000,0.000,0.000,0.000,0.000,0.000,0.0490,-0.0060,0.9930,-3.88,0.84,0.49,0.000,-2.825,0.522,1,1437,0,0.0,1,0,1,65.0,0.0,107,15,0,-224,-25728
41265,219964480,1,0,0,0.0000000,0.0000000,0.000,0.000,0.000,0.000,0.000,0.0480,-0.0070,0.9780,-3.44,0.84,0.42,0.000,-2.810,0.480,1,1437,0,0.0,1,0,1,65.0,0.0,107,15,0,-154,-25728
41330,219964560,1,0,0,0.0000000,0.0000000,0.000,0.000,0.000,0.000,0.000,0.0410,-0.0140,1.0010,-2.96,0.79,0.45,0.000,-2.345,0.465,1,1324,0,0.0,1,0,1,65.0,0.0,107,15,0,-154,-25728
41421,219964640,1,0,0,0.0000000,0.0000000,0.000,0.000,0.000,0.000,0.000,0.0280,-0.0130,1.0190,-2.67,0.84,0.45,0.000,-1.574,0.476,1,1253,0,0.0,1,0,1,65.0,0.0,107,15,0,-42,-25728
41484,219964720,1,0,0,0.0000000,0.0000000,0.000,0.000,0.000,0.000,0.000,0.0500,0.0000,0.9840,-2.76,0.83,0.35,0.000,-2.909,0.487,1,1171,0,0.0,1,0,1,65.0,0.0,107,15,0,123,32382
41577,219964800,1,0,0,0.0000000,0.0000000,0.000,0.000,0.000,0.000,0.000,0.0350,0.0060,1.0060,-2.85,0.82,0.47,0.000,-1.993,0.508,1,1171,0,0.0,1,0,1,65.0,0.0,105,15,0,131,-25217
41642,219964880,1,0,0,0.0000000,0.0000000,0.000,0.000,0.000,0.000,0.000,0.0300,0.0070,1.0080,-3.00,0.84,0.55,0.000,-1.705,0.515,1,1296,0,0.0,1,0,1,65.0,0.0,105,15,0,131,-25217
41732,219964960,1,0,0,0.0000000,0.0000000,0.000,0.000,0.000,0.000,0.000,0.0560,0.0140,0.9820,-3.39,0.81,0.47,0.000,-3.264,0.489,1,1207,0,0.0,1,0,1,65.0,0.0,105,15,0,-76,-25217
41799,219965040,1,0,0,0.0000000,0.0000000,0.000,0.000,0.000,0.000,0.000,0.0310,-0.0180,1.0110,-3.66,0.84,0.42,0.000,-1.756,0.409,1,1207,0,0.0,1,0,1,65.0,0.0,105,15,0,-76,18558
41891,219965120,1,0,0,0.0000000,0.0000000,0.000,0.000,0.000,0.000,0.000,0.0270,-0.0070,1.0160,-3.25,0.87,0.53,0.000,-1.522,0.369,1,1277,0,0.0,1,0,1,65.0,0.0,105,15,0,-90,18558
41956,219965160,1,0,0,0.0000000,0.0000000,0.000,0.000,0.000,0.000,0.000,0.0410,-0.0070,0.9930,-3.30,0.83,0.41,0.000,-2.364,0.349,1,1277,0,0.0,1,0,1,65.0,0.0,105,15,0,64,-20352
42046,219965280,1,0,0,0.0000000,0.0000000,0.000,0.000,0.000,0.000,0.000,0.0200,-0.0160,1.0360,-2.82,0.83,0.51,0.000,-1.106,0.364,1,1277,0,0.0,1,0,1,65.0,0.0,105,15,0,78,29312
42110,219965320,1,0,0,0.0000000,0.0000000,0.000,0.000,0.000,0.000,0.000,0.0570,0.0050,0.9740,-2.86,0.84,0.38,0.000,-3.349,0.376,1,1308,0,0.0,1,0,1,65.0,0.0,105,15,0,-22,29312
42200,219965440,1,0,0,0.0000000,0.0000000,0.000,0.000,0.000,0.000,0.000,0.0170,-0.0130,1.0350,-2.82,0.86,0.51,0.000,-0.941,0.364,1,1335,0,0.0,1,0,1,65.0,0.0,105,15,0,-22,29312
42264,219965480,1,0,0,0.0000000,0.0000000,0.000,0.000,0.000,0.000,0.000,0.0600,0.0060,0.9660,-3.04,0.84,0.35,0.000,-3.554,0.370,1,1269,0,0.0,1,0,1,65.0,0.0,105,15,0,28,-31618
42356,219965560,1,0,0,0.0000000,0.0000000,0.000,0.000,0.000,0.000,0.000,0.0300,-0.0090,1.0150,-3.22,0.85,0.39,0.000,-1.693,0.368,1,1269,0,0.0,1,0,1,65.0,0.0,105,15,0,34,18048
42420,219965640,1,0,0,0.0000000,0.0000000,0.000,0.000,0.000,0.000,0.000,0.0500,0.0040,0.9800,-3.29,0.83,0.39,0.000,-2.921,0.339,1,1199,0,0.0,1,0,1,65.0,0.0,105,15,0,34,18048
42512,219965720,1,0,0,0.0000000,0.0000000,0.000,0.000,0.000,0.000,0.000,0.0390,0.0000,0.9960,-3.33,0.83,0.46,0.000,-2.242,0.311,1,1156,0,0.0,1,0,1,65.0,0.0,105,15,0,34,18048
42578,219965800,1,0,0,0.0000000,0.0000000,0.000,0.000,0.000,0.000,0.000,0.0540,-0.0090,0.9840,-3.40,0.84,0.40,0.000,-3.141,0.264,1,1156,0,0.0,1,0,1,65.0,0.0,105,15,0,-112,8831
42668,219965880,1,0,0,0.0000000,0.0000000,0.000,0.000,0.000,0.000,0.000,0.0310,0.0000,0.9950,-2.90,0.87,0.55,0.000,-1.785,0.248,1,1289,0,0.0,1,0,1,65.0,0.0,105,15,0,-112,8831
42733,219965960,1,0,0,0.0000000,0.0000000,0.000,0.000,0.000,0.000,0.000,0.0550,0.0010,0.9680,-3.09,0.87,0.36,0.000,-3.252,0.211,1,1324,0,0.0,1,0,1,65.0,0.0,106,15,0,42,8831
42823,219966040,1,0,0,0.0000000,0.0000000,0.000,0.000,0.000,0.000,0.000,0.0410,0.0100,0.9920,-2.80,0.84,0.54,0.000,-2.367,0.251,1,1324,0,0.0,1,0,1,65.0,0.0,106,15,0,76,6014
42890,219966120,1,0,0,0.0000000,0.0000000,0.000,0.000,0.000,0.000,0.000,0.0530,0.0000,0.9760,-3.32,0.86,0.36,0.000,-3.108,0.235,1,1324,0,0.0,1,0,1,65.0,0.0,106,15,0,70,-22143
42979,219966200,1,0,0,0.0000000,0.0000000,0.000,0.000,0.000,0.000,0.000,0.0190,-0.0050,1.0250,-3.27,0.81,0.56,0.000,-1.062,0.239,1,1304,0,0.0,1,0,1,65.0,0.0,106,15,0,70,-22143
43043,219966280,1,0,0,0.0000000,0.0000000,0.000,0.000,0.000,0.000,0.000,0.0410,-0.0170,0.9960,-3.99,0.81,0.34,0.000,-2.357,0.176,1,1265,0,0.0,1,0,1,65.0,0.0,104,15,0,70,-22143
43136,219966360,1,0,0,0.0000000,0.0000000,0.000,0.000,0.000,0.000,0.000,0.0170,-0.0160,1.0250,-3.72,0.82,0.54,0.000,-0.950,0.129,1,1265,0,0.0,1,0,1,65.0,0.0,104,15,0,-196,-128
43199,219966440,1,0,0,0.0000000,0.0000000,0.000,0.000,0.000,0.000,0.000,0.0360,-0.0040,1.0030,-3.35,0.85,0.55,0.000,-2.056,0.071,1,1242,0,0.0,1,0,1,65.0,0.0,104,15,0,-196,-128
43289,219966520,1,0,0,0.0000000,0.0000000,0.000,0.000,0.000,0.000,0.000,0.0390,-0.0180,1.0000,-3.02,0.82,0.44,0.000,-2.233,0.037,1,1210,0,0.0,1,0,1,65.0,0.0,104,15,0,8,-128
43352,219966600,1,0,0,0.0000000,0.0000000,0.000,0.000,0.000,0.000,0.000,0.0300,-0.0110,1.0130,-2.49,0.86,0.50,0.000,-1.696,0.047,1,1210,0,0.0,1,0,1,65.0,0.0,104,15,0,42,7041
43444,219966680,1,0,0,0.0000000,0.0000000,0.000,0.000,0.000,0.000,0.000,0.0360,-0.0030,1.0000,-2.31,0.84,0.47,0.000,-2.062,0.090,1,1210,0,0.0,1,0,1,65.0,0.0,104,15,0,126,-21121
43509,219966720,1,0,0,0.0000000,0.0000000,0.000,0.000,0.000,0.000,0.000,0.0390,-0.0160,0.9970,-2.56,0.86,0.38,0.000,-2.240,0.095,1,1152,0,0.0,1,0,1,65.0,0.0,104,15,0,126,-31873
43598,219966840,1,0,0,0.0000000,0.0000000,0.000,0.000,0.000,0.000,0.000,0.0450,-0.0020,0.9920,-2.72,0.84,0.42,0.000,-2.597,0.151,1,1128,0,0.0,1,0,1,65.0,0.0,104,15,0,126,-31873
43664,219966880,1,0,0,0.0000000,0.0000000,0.000,0.000,0.000,0.000,0.000,0.0370,-0.0040,1.0030,-2.81,0.84,0.43,0.000,-2.113,0.158,1,1128,0,0.0,1,0,1,65.0,0.0,104,15,0,20,9856
43755,219966960,1,0,0,0.0000000,0.0000000,0.000,0.000,0.000,0.000,0.000,0.0410,0.0000,0.9950,-2.87,0.84,0.48,0.000,-2.360,0.170,1,1128,0,0.0,1,0,1,65.0,0.0,104,15,0,-50,-2434
43819,219967040,1,0,0,0.0000000,0.0000000,0.000,0.000,0.000,0.000,0.000,0.0260,-0.0110,1.0170,-3.10,0.85,0.49,0.000,-1.464,0.169,1,1339,0,0.0,1,0,1,65.0,0.0,104,15,0,-50,-2434
43909,219967160,1,0,0,0.0000000,0.0000000,0.000,0.000,0.000,0.000,0.000,0.0280,-0.0230,1.0180,-3.19,0.85,0.50,0.000,-1.576,0.143,1,1257,0,0.0,1,0,1,65.0,0.0,105,15,0,-50,-2434
43972,219967200,1,0,0,0.0000000,0.0000000,0.000,0.000,0.000,0.000,0.000,0.0590,-0.0110,0.9770,-2.99,0.83,0.42,0.000,-3.456,0.135,1,1257,0,0.0,1,0,1,65.0,0.0,105,15,0,67,-1152
44065,219967280,1,0,0,0.0000000,0.0000000,0.000,0.000,0.000,0.000,0.000,0.0210,-0.0540,1.0310,-1.64,0.78,0.37,0.000,-1.167,0.124,1,1257,0,0.0,1,0,1,65.0,0.0,105,15,0,232,-32126
44128,219967360,1,0,0,0.0000000,0.0000000,0.000,0.000,0.000,0.000,0.000,0.0460,-0.0450,0.9780,0.45,0.89,0.20,0.000,-2.693,0.221,1,1242,0,0.0,1,0,1,65.0,0.0,104,15,0,232,-32126
44219,219967440,1,0,0,0.0000000,0.0000000,0.000,0.000,0.000,0.000,0.000,0.0460,-0.0690,0.9790,3.28,1.09,0.03,0.000,-2.690,0.503,1,1281,0,0.0,1,0,1,65.0,0.0,104,15,0,232,-32126
44283,219967520,1,0,0,0.0000000,0.0000000,0.000,0.000,0.000,0.000,0.000,0.0400,-0.0700,0.9910,7.54,1.27,-0.03,0.000,-2.311,1.086,1,1281,0,0.0,1,0,1,65.0,0.0,104,15,0,1242,-10111
44372,219967600,1,0,0,0.0000000,0.0000000,0.000,0.000,0.000,0.000,0.000,0.0350,-0.0360,1.0120,11.38,1.18,0.00,0.000,-1.981,2.000,1,1281,0,0.0,1,0,1,65.0,0.0,104,15,0,2090,15488
44437,219967680,1,0,0,0.0000000,0.0000000,0.000,0.000,0.000,0.000,0.000,0.0300,0.0420,1.0190,13.86,0.53,-0.16,0.000,-1.686,3.236,1,1183,0,0.0,1,0,1,65.0,0.0,104,15,0,2462,29565
44533,219967760,1,0,0,0.0000000,0.0000000,0.000,0.000,0.000,0.000,0.000,0.0510,0.1010,0.9580,13.93,0.19,-0.27,0.000,-3.047,4.627,1,1285,0,0.0,1,0,1,65.0,0.0,104,15,0,2462,29565
44596,219967800,1,0,0,0.0000000,0.0000000,0.000,0.000,0.000,0.000,0.000,0.0160,0.1320,0.9980,13.76,0.20,-0.07,0.000,-0.918,5.350,1,1425,0,0.0,1,0,1,65.0,0.0,104,15,0,2381,-2694
44686,219967920,1,0,0,0.0000000,0.0000000,0.000,0.000,0.000,0.000,0.000,0.0560,0.1970,0.9510,9.65,0.42,0.01,0.000,-3.370,7.263,1,1425,0,0.0,1,0,1,65.0,0.0,104,15,0,2096,10872
44750,219968000,1,0,0,0.0000000,0.0000000,0.000,0.000,0.000,0.000,0.000,0.0390,0.1720,1.0010,6.65,0.55,-0.01,0.000,-2.231,8.244,1,1148,0,0.0,1,0,1,65.0,0.0,104,15,0,1726,-8328
44838,219968080,1,0,0,0.0000000,0.0000000,0.000,0.000,0.000,0.000,0.000,0.0520,0.1240,0.9790,5.84,0.71,-0.13,0.000,-3.040,8.958,1,1148,0,0.0,1,0,1,65.0,0.0,104,15,0,1248,-4230
44905,219968120,1,0,0,0.0000000,0.0000000,0.000,0.000,0.000,0.000,0.000,0.0560,0.1090,0.9780,6.44,0.73,-0.20,0.000,-3.277,9.284,1,1171,0,0.0,1,0,1,65.0,0.0,104,15,0,1186,27004
44997,219968240,1,0,0,0.0000000,0.0000000,0.000,0.000,0.000,0.000,0.000,0.0810,0.1310,0.9550,9.99,0.89,-0.22,0.000,-4.848,10.526,1,1171,0,0.0,1,0,1,65.0,0.0,104,15,0,1617,31868
45061,219968280,1,0,0,0.0000000,0.0000000,0.000,0.000,0.000,0.000,0.000,0.0720,0.1530,0.9560,11.26,0.79,-0.22,0.000,-4.307,11.064,1,1171,0,0.0,1,0,1,65.0,0.0,105,15,0,2090,17785
45152,219968400,1,0,0,0.0000000,0.0000000,0.000,0.000,0.000,0.000,0.000,0.0550,0.2410,0.9430,12.42,0.56,0.00,0.000,-3.338,12.923,1,1171,0,0.0,1,0,1,65.0,0.0,105,15,0,2333,-16008
45218,219968440,1,0,0,0.0000000,0.0000000,0.000,0.000,0.000,0.000,0.000,0.0110,0.2570,0.9900,12.06,0.59,0.11,0.000,-0.637,13.554,1,1222,0,0.0,1,0,1,65.0,0.0,105,15,0,1984,22391
45309,219968520,1,0,0,0.0000000,0.0000000,0.000,0.000,0.000,0.000,0.000,0.0140,0.2930,0.9750,9.77,0.58,0.03,0.000,-0.823,14.739,1,1320,0,0.0,1,0,1,65.0,0.0,105,15,0,1984,22391
45374,219968600,1,0,0,0.0000000,0.0000000,0.000,0.000,0.000,0.000,0.000,0.0150,0.3130,0.9670,7.35,0.69,0.04,0.000,-0.889,15.751,1,1320,0,0.0,1,0,1,65.0,0.0,105,15,0,1984,22391
45464,219968680,1,0,0,0.0000000,0.0000000,0.000,0.000,0.000,0.000,0.000,0.0370,0.3220,0.9460,5.03,0.68,0.19,0.000,-2.240,16.570,1,1257,0,0.0,1,0,1,65.0,0.0,105,15,0,1091,-17035
45528,219968760,1,0,0,0.0000000,0.0000000,0.000,0.000,0.000,0.000,0.000,0.0620,0.3180,0.9300,3.32,0.74,0.22,0.000,-3.814,17.180,1,1214,0,0.0,1,0,1,65.0,0.0,105,15,0,893,26229
45618,219968800,1,0,0,0.0000000,0.0000000,0.000,0.000,0.000,0.000,0.000,0.0330,0.3140,0.9650,2.97,0.80,0.29,0.000,-1.959,17.438,1,1214,0,0.0,1,0,1,65.0,0.0,105,15,0,893,26229
45682,219968920,1,0,0,0.0000000,0.0000000,0.000,0.000,0.000,0.000,0.000,0.0550,0.2890,0.9370,2.66,0.78,0.16,0.000,-3.359,18.097,1,1214,0,0.0,1,0,1,65.0,0.0,105,15,0,730,-23177
45772,219969000,1,0,0,0.0000000,0.0000000,0.000,0.000,0.000,0.000,0.000,0.0540,0.3000,0.9290,3.48,0.78,0.15,0.000,-3.327,18.551,1,1214,0,0.0,1,0,1,65.0,0.0,105,15,0,800,8055
45835,219969080,1,0,0,0.0000000,0.0000000,0.000,0.000,0.000,0.000,0.000,0.0580,0.2980,0.9290,4.18,0.75,0.09,0.000,-3.572,19.060,1,1089,0,0.0,1,0,1,65.0,0.0,105,15,0,1074,-30858
45926,219969120,1,0,0,0.0000000,0.0000000,0.000,0.000,0.000,0.000,0.000,0.0390,0.3160,0.9550,4.62,0.78,0.19,0.000,-2.339,19.351,1,1179,0,0.0,1,0,1,65.0,0.0,105,15,0,1223,-5258
45990,219969200,1,0,0,0.0000000,0.0000000,0.000,0.000,0.000,0.000,0.000,0.0390,0.3390,0.9390,4.48,0.80,0.16,0.000,-2.378,19.973,1,1179,0,0.0,1,0,1,65.0,0.0,105,15,0,1069,31861
46080,219969320,1,0,0,0.0000000,0.0000000,0.000,0.000,0.000,0.000,0.000,0.0450,0.4000,0.9330,1.81,0.60,0.33,0.000,-2.761,20.840,1,1179,0,0.0,1,0,1,65.0,0.0,105,15,0,856,-32653
46145,219969360,1,0,0,0.0000000,0.0000000,0.000,0.000,0.000,0.000,0.000,0.0460,0.4170,0.9270,0.66,0.56,0.42,0.000,-2.841,21.059,1,1246,0,0.0,1,0,1,65.0,0.0,105,15,0,716,-6030
46235,219969480,1,0,0,0.0000000,0.0000000,0.000,0.000,0.000,0.000,0.000,0.0510,0.3690,0.9120,-2.12,0.50,0.37,0.000,-3.201,21.342,1,1156,0,0.0,1,0,1,65.0,0.0,105,15,0,241,-11916
46299,219969520,1,0,0,0.0000000,0.0000000,0.000,0.000,0.000,0.000,0.000,0.0420,0.3600,0.9170,-2.38,0.60,0.39,0.000,-2.622,21.376,1,1175,0,0.0,1,0,1,65.0,0.0,105,15,0,8,-8075
46391,219969600,1,0,0,0.0000000,0.0000000,0.000,0.000,0.000,0.000,0.000,0.0370,0.3500,0.9300,-2.12,0.73,0.47,0.000,-2.278,21.421,1,1175,0,0.0,1,0,1,65.0,0.0,105,15,0,14,-8075
46454,219969680,1,0,0,0.0000000,0.0000000,0.000,0.000,0.000,0.000,0.000,0.0530,0.3690,0.9210,-2.08,0.80,0.57,0.000,-3.294,21.501,1,1183,0,0.0,1,0,1,65.0,0.0,105,15,0,283,-11916
46546,219969800,1,0,0,0.0000000,0.0000000,0.000,0.000,0.000,0.000,0.000,0.0440,0.3820,0.9360,-3.67,0.93,0.60,0.000,-2.691,21.580,1,1234,0,0.0,1,0,1,65.0,0.0,105,15,0,137,-28300
46609,219969840,1,0,0,0.0000000,0.0000000,0.000,0.000,0.000,0.000,0.000,0.0540,0.3790,0.9280,-4.07,0.94,0.59,0.000,-3.330,21.558,1,1144,0,0.0,1,0,1,65.0,0.0,105,15,0,-201,-2700
46700,219969920,1,0,0,0.0000000,0.0000000,0.000,0.000,0.000,0.000,0.000,0.0390,0.3450,0.9380,-4.47,0.96,0.57,0.000,-2.381,21.426,1,1078,0,0.0,1,0,1,65.0,0.0,105,15,0,-313,32628
46764,219970000,1,0,0,0.0000000,0.0000000,0.000,0.000,0.000,0.000,0.000,0.0400,0.3450,0.9330,-4.34,0.89,0.58,0.000,-2.455,21.292,1,1136,0,0.0,1,0,1,65.0,0.0,105,15,0,-112,-17036
46855,219970080,1,0,0,0.0000000,0.0000000,0.000,0.000,0.000,0.000,0.000,0.0370,0.3420,0.9410,-4.09,0.90,0.59,0.000,-2.252,21.181,1,1105,0,0.0,1,0,1,65.0,0.0,105,15,0,-215,11125
46920,219970160,1,0,0,0.0000000,0.0000000,0.000,0.000,0.000,0.000,0.000,0.0460,0.3300,0.9310,-3.86,0.91,0.49,0.000,-2.829,21.059,1,1105,0,0.0,1,0,1,65.0,0.0,105,15,0,-215,11125
47010,219970240,1,0,0,0.0000000,0.0000000,0.000,0.000,0.000,0.000,0.000,0.0400,0.3370,0.9420,-3.54,0.90,0.49,0.000,-2.431,21.000,1,1175,0,0.0,1,0,1,65.0,0.0,105,15,0,-151,22645
47072,219970280,1,0,0,0.0000000,0.0000000,0.000,0.000,0.000,0.000,0.000,0.0540,0.3580,0.9250,-3.45,0.88,0.52,0.000,-3.341,20.993,1,1218,0,0.0,1,0,1,65.0,0.0,105,15,0,-3,-12684
47165,219970400,1,0,0,0.0000000,0.0000000,0.000,0.000,0.000,0.000,0.000,0.0510,0.3480,0.9160,-3.69,0.87,0.46,0.000,-3.187,20.924,1,1089,0,0.0,1,0,1,65.0,0.0,105,15,0,-154,27509
47229,219970440,1,0,0,0.0000000,0.0000000,0.000,0.000,0.000,0.000,0.000,0.0220,0.3340,0.9590,-3.45,0.90,0.56,0.000,-1.314,20.880,1,1089,0,0.0,1,0,1,65.0,0.0,105,15,0,-154,27509
47317,219970560,1,0,0,0.0000000,0.0000000,0.000,0.000,0.000,0.000,0.000,0.0540,0.3340,0.9260,-3.06,0.82,0.44,0.000,-3.337,20.833,1,1093,0,0.0,1,0,1,65.0,0.0,105,15,0,-112,27509
47387,219970600,1,0,0,0.0000000,0.0000000,0.000,0.000,0.000,0.000,0.000,0.0370,0.3420,0.9460,-2.65,0.88,0.51,0.000,-2.240,20.836,1,1167,0,0.0,1,0,1,65.0,0.0,105,15,0,115,-31371
47481,219970720,1,0,0,0.0000000,0.0000000,0.000,0.000,0.000,0.000,0.000,0.0510,0.3350,0.9210,-2.28,0.84,0.38,0.000,-3.169,20.861,1,1128,0,0.0,1,0,1,65.0,0.0,105,15,0,115,-31371
47545,219970760,1,0,0,0.0000000,0.0000000,0.000,0.000,0.000,0.000,0.000,0.0440,0.3390,0.9370,-2.12,0.80,0.38,0.000,-2.689,20.884,1,1320,0,0.0,1,0,1,65.0,0.0,104,15,0,64,25973
47636,219970880,1,0,0,0.0000000,0.0000000,0.000,0.000,0.000,0.000,0.000,0.0560,0.3510,0.9110,-1.94,0.75,0.39,0.000,-3.518,21.006,1,1320,0,0.0,1,0,1,65.0,0.0,104,15,0,95,2933
47701,219970920,1,0,0,0.0000000,0.0000000,0.000,0.000,0.000,0.000,0.000,0.0520,0.3520,0.9160,-1.99,0.78,0.38,0.000,-3.249,21.054,1,1246,0,0.0,1,0,1,65.0,0.0,104,15,0,95,2933
47790,219971000,1,0,0,0.0000000,0.0000000,0.000,0.000,0.000,0.000,0.000,0.0420,0.3500,0.9380,-2.19,0.80,0.37,0.000,-2.564,21.120,1,1199,0,0.0,1,0,1,65.0,0.0,104,15,0,95,2933
47856,219971080,1,0,0,0.0000000,0.0000000,0.000,0.000,0.000,0.000,0.000,0.0520,0.3500,0.9300,-2.25,0.81,0.39,0.000,-3.200,21.178,1,1199,0,0.0,1,0,1,65.0,0.0,104,15,0,118,-24458
47945,219971160,1,0,0,0.0000000,0.0000000,0.000,0.000,0.000,0.000,0.000,0.0400,0.3610,0.9370,-2.25,0.82,0.48,0.000,-2.444,21.250,1,1199,0,0.0,1,0,1,65.0,0.0,104,15,0,59,2165
48009,219971240,1,0,0,0.0000000,0.0000000,0.000,0.000,0.000,0.000,0.000,0.0570,0.3660,0.9110,-2.49,0.81,0.48,0.000,-3.580,21.305,1,1300,0,0.0,1,0,1,65.0,0.0,104,15,0,59,2165
48100,219971320,1,0,0,0.0000000,0.0000000,0.000,0.000,0.000,0.000,0.000,0.0530,0.3600,0.9240,-2.78,0.82,0.45,0.000,-3.283,21.315,1,1171,0,0.0,1,0,1,65.0,0.0,104,15,0,59,2165
48163,219971400,1,0,0,0.0000000,0.0000000,0.000,0.000,0.000,0.000,0.000,0.0440,0.3520,0.9240,-2.97,0.85,0.43,0.000,-2.726,21.327,1,1160,0,0.0,1,0,1,65.0,0.0,104,15,0,109,2165
48255,219971480,1,0,0,0.0000000,0.0000000,0.000,0.000,0.000,0.000,0.000,0.0420,0.3550,0.9320,-2.86,0.84,0.49,0.000,-2.580,21.320,1,1160,0,0.0,1,0,1,65.0,0.0,104,15,0,31,-16778
48321,219971560,1,0,0,0.0000000,0.0000000,0.000,0.000,0.000,0.000,0.000,0.0450,0.3530,0.9290,-3.05,0.81,0.41,0.000,-2.773,21.293,1,1160,0,0.0,1,0,1,65.0,0.0,104,15,0,-50,10099
48410,219971640,1,0,0,0.0000000,0.0000000,0.000,0.000,0.000,0.000,0.000,0.0530,0.3560,0.9080,-3.04,0.84,0.42,0.000,-3.341,21.299,1,1085,0,0.0,1,0,1,65.0,0.0,104,15,0,-31,10099
48474,219971720,1,0,0,0.0000000,0.0000000,0.000,0.000,0.000,0.000,0.000,0.0460,0.3680,0.9190,-2.87,0.86,0.52,0.000,-2.866,21.310,1,1167,0,0.0,1,0,1,65.0,0.0,105,15,0,81,24949
48566,219971800,1,0,0,0.0000000,0.0000000,0.000,0.000,0.000,0.000,0.000,0.0450,0.3580,0.9180,-3.22,0.86,0.42,0.000,-2.806,21.313,1,1167,0,0.0,1,0,1,65.0,0.0,105,15,0,-28,2677
48629,219971840,1,0,0,0.0000000,0.0000000,0.000,0.000,0.000,0.000,0.000,0.0430,0.3590,0.9270,-3.15,0.87,0.50,0.000,-2.656,21.312,1,1257,0,0.0,1,0,1,65.0,0.0,105,15,0,-28,2677
48720,219971960,1,0,0,0.0000000,0.0000000,0.000,0.000,0.000,0.000,0.000,0.0420,0.3380,0.9270,-3.56,0.85,0.37,0.000,-2.594,21.216,1,1328,0,0.0,1,0,1,65.0,0.0,105,15,0,-28,2677
48786,219972000,1,0,0,0.0000000,0.0000000,0.000,0.000,0.000,0.000,0.000,0.0580,0.3650,0.9120,-3.17,0.88,0.50,0.000,-3.639,21.229,1,1328,0,0.0,1,0,1,65.0,0.0,106,15,0,-28,2677
48874,219972120,1,0,0,0.0000000,0.0000000,0.000,0.000,0.000,0.000,0.000,0.0520,0.3510,0.9230,-3.11,0.90,0.44,0.000,-3.225,21.193,1,1328,0,0.0,1,0,1,65.0,0.0,106,15,0,81,27508
48939,219972160,1,0,0,0.0000000,0.0000000,0.000,0.000,0.000,0.000,0.000,0.0490,0.3530,0.9190,-2.97,0.87,0.46,0.000,-3.052,21.198,1,1359,0,0.0,1,0,1,64.0,0.0,105,15,0,81,29045
49033,219972240,1,0,0,0.0000000,0.0000000,0.000,0.000,0.000,0.000,0.000,0.0230,0.3430,0.9500,-2.90,0.86,0.47,0.000,-1.387,21.188,1,1300,0,0.0,1,0,1,64.0,0.0,105,15,0,81,29045
49095,219972320,1,0,0,0.0000000,0.0000000,0.000,0.000,0.000,0.000,0.000,0.0530,0.3620,0.9260,-2.66,0.77,0.53,0.000,-3.276,21.208,1,1300,0,0.0,1,0,1,64.0,0.0,105,15,0,-59,-140
49184,219972360,1,0,0,0.0000000,0.0000000,0.000,0.000,0.000,0.000,0.000,0.0550,0.3580,0.9140,-2.79,0.84,0.45,0.000,-3.444,21.228,1,1300,0,0.0,1,0,1,64.0,0.0,105,15,0,-20,18035
49251,219972480,1,0,0,0.0000000,0.0000000,0.000,0.000,0.000,0.000,0.000,0.0470,0.3540,0.9260,-2.68,0.83,0.48,0.000,-2.906,21.245,1,1128,0,0.0,1,0,1,64.0,0.0,105,15,0,-20,18035
49341,219972560,1,0,0,0.0000000,0.0000000,0.000,0.000,0.000,0.000,0.000,0.0460,0.3520,0.9270,-2.70,0.84,0.44,0.000,-2.841,21.255,1,1183,0,0.0,1,0,1,64.0,0.0,105,15,0,-20,18035
49405,219972640,1,0,0,0.0000000,0.0000000,0.000,0.000,0.000,0.000,0.000,0.0390,0.3480,0.9460,-2.61,0.83,0.49,0.000,-2.361,21.270,1,1183,0,0.0,1,0,1,64.0,0.0,105,15,0,-48,29044
49497,219972720,1,0,0,0.0000000,0.0000000,0.000,0.000,0.000,0.000,0.000,0.0560,0.3690,0.9090,-2.48,0.82,0.52,0.000,-3.525,21.317,1,1183,0,0.0,1,0,1,64.0,0.0,105,15,0,-34,-27020
49561,219972800,1,0,0,0.0000000,0.0000000,0.000,0.000,0.000,0.000,0.000,0.0320,0.3530,0.9490,-2.63,0.80,0.53,0.000,-1.931,21.353,1,1347,0,0.0,1,0,1,64.0,0.0,106,15,0,118,-27020
49650,219972880,1,0,0,0.0000000,0.0000000,0.000,0.000,0.000,0.000,0.000,0.0620,0.3650,0.9030,-2.89,0.86,0.42,0.000,-3.928,21.368,1,1375,0,0.0,1,0,1,64.0,0.0,106,15,0,76,-27020
49713,219972960,1,0,0,0.0000000,0.0000000,0.000,0.000,0.000,0.000,0.000,0.0480,0.3670,0.9240,-2.94,0.83,0.53,0.000,-2.974,21.385,1,1375,0,0.0,1,0,1,64.0,0.0,106,15,0,98,24949
49805,219973040,1,0,0,0.0000000,0.0000000,0.000,0.000,0.000,0.000,0.000,0.0610,0.3540,0.9070,-3.50,0.84,0.36,0.000,-3.848,21.350,1,1375,0,0.0,1,0,1,64.0,0.0,106,15,0,-134,-23435
49870,219973080,1,0,0,0.0000000,0.0000000,0.000,0.000,0.000,0.000,0.000,0.0530,0.3690,0.9130,-3.16,0.82,0.57,0.000,-3.322,21.365,1,1265,0,0.0,1,0,1,64.0,0.0,106,15,0,-106,-23435
49961,219973160,1,0,0,0.0000000,0.0000000,0.000,0.000,0.000,0.000,0.000,0.0240,0.3490,0.9530,-3.49,0.86,0.52,0.000,-1.443,21.279,1,1210,0,0.0,1,0,1,64.0,0.0,106,15,0,-106,-23435
50024,219973240,1,0,0,0.0000000,0.0000000,0.000,0.000,0.000,0.000,0.000,0.0480,0.3490,0.9230,-3.58,0.88,0.47,0.000,-2.977,21.230,1,1210,0,0.0,1,0,1,64.0,0.0,106,15,0,-31,-25740
50117,219973360,1,0,0,0.0000000,0.0000000,0.000,0.000,0.000,0.000,0.000,0.0270,0.3410,0.9500,-3.48,0.88,0.50,0.000,-1.628,21.127,1,1210,0,0.0,1,0,1,64.0,0.0,106,15,0,14,-12172
50180,219973400,1,0,0,0.0000000,0.0000000,0.000,0.000,0.000,0.000,0.000,0.0530,0.3440,0.9190,-3.60,0.86,0.39,0.000,-3.301,21.099,1,1238,0,0.0,1,0,1,64.0,0.0,106,15,0,14,-12172
50271,219973480,1,0,0,0.0000000,0.0000000,0.000,0.000,0.000,0.000,0.000,0.0280,0.3280,0.9580,-3.37,0.84,0.42,0.000,-1.674,21.044,1,1296,0,0.0,1,0,1,64.0,0.0,106,15,0,14,-12172
50336,219973560,1,0,0,0.0000000,0.0000000,0.000,0.000,0.000,0.000,0.000,0.0630,0.3570,0.9040,-2.96,0.84,0.43,0.000,-3.987,21.080,1,1296,0,0.0,1,0,1,64.0,0.0,106,15,0,-62,-31884
50427,219973640,1,0,0,0.0000000,0.0000000,0.000,0.000,0.000,0.000,0.000,0.0260,0.3290,0.9620,-2.94,0.83,0.42,0.000,-1.548,21.053,1,1296,0,0.0,1,0,1,64.0,0.0,106,15,0,-17,21363
50495,219973720,1,0,0,0.0000000,0.0000000,0.000,0.000,0.000,0.000,0.000,0.0400,0.3540,0.9390,-2.54,0.83,0.53,0.000,-2.439,21.102,1,1292,0,0.0,1,0,1,64.0,0.0,106,15,0,120,21363
50586,219973800,1,0,0,0.0000000,0.0000000,0.000,0.000,0.000,0.000,0.000,0.0270,0.3250,0.9660,-2.83,0.82,0.38,0.000,-1.601,21.048,1,1292,0,0.0,1,0,1,64.0,0.0,106,15,0,126,-17804
50651,219973880,1,0,0,0.0000000,0.0000000,0.000,0.000,0.000,0.000,0.000,0.0410,0.3610,0.9250,-2.47,0.86,0.50,0.000,-2.538,21.107,1,1265,0,0.0,1,0,1,64.0,0.0,106,15,0,126,-17804
50741,219973960,1,0,0,0.0000000,0.0000000,0.000,0.000,0.000,0.000,0.000,0.0230,0.3350,0.9610,-2.86,0.82,0.40,0.000,-1.371,21.060,1,1265,0,0.0,1,0,1,64.0,0.0,106,15,0,95,-11658
50806,219974040,1,0,0,0.0000000,0.0000000,0.000,0.000,0.000,0.000,0.000,0.0330,0.3610,0.9370,-2.59,0.87,0.56,0.000,-2.017,21.109,1,1265,0,0.0,1,0,1,64.0,0.0,106,15,0,-42,-13452
50897,219974120,1,0,0,0.0000000,0.0000000,0.000,0.000,0.000,0.000,0.000,0.0670,0.3660,0.9000,-2.85,0.84,0.48,0.000,-4.257,21.128,1,1304,0,0.0,1,0,1,64.0,0.0,105,15,0,-42,-13452
50960,219974200,1,0,0,0.0000000,0.0000000,0.000,0.000,0.000,0.000,0.000,0.0260,0.3770,0.9590,-3.45,0.84,0.66,0.000,-1.553,21.103,1,1304,0,0.0,1,0,1,64.0,0.0,106,15,0,-42,-13452
51053,219974280,1,0,0,0.0000000,0.0000000,0.000,0.000,0.000,0.000,0.000,0.0720,0.4050,0.8970,-5.24,0.80,0.64,0.000,-4.589,21.051,1,1304,0,0.0,1,0,1,64.0,0.0,106,15,0,-126,-13452
51115,219974360,1,0,0,0.0000000,0.0000000,0.000,0.000,0.000,0.000,0.000,0.0260,0.4050,0.9610,-7.98,0.79,0.82,0.000,-1.550,20.800,1,1304,0,0.0,1,0,1,64.0,0.0,106,15,0,-459,4212
51206,219974440,1,0,0,0.0000000,0.0000000,0.000,0.000,0.000,0.000,0.000,0.0720,0.4090,0.8830,-10.95,0.85,0.74,0.000,-4.662,20.351,1,1398,0,0.0,1,0,1,64.0,0.0,106,15,0,-979,22644
51269,219974480,1,0,0,0.0000000,0.0000000,0.000,0.000,0.000,0.000,0.000,0.0260,0.3890,0.9500,-12.04,0.84,0.98,0.000,-1.568,20.042,1,1398,0,0.0,1,0,1,64.0,0.0,106,15,0,-1393,-140
51362,219974600,1,0,0,0.0000000,0.0000000,0.000,0.000,0.000,0.000,0.000,0.0560,0.3550,0.9130,-16.14,1.04,1.07,0.000,-3.510,18.788,1,1398,0,0.0,1,0,1,64.0,0.0,105,15,0,-1393,-140
51425,219974640,1,0,0,0.0000000,0.0000000,0.000,0.000,0.000,0.000,0.000,0.0460,0.3530,0.9270,-16.80,1.03,1.29,0.000,-2.841,18.296,1,1398,0,0.0,1,0,1,64.0,0.0,105,15,0,-1931,30579
51516,219974720,1,0,0,0.0000000,0.0000000,0.000,0.000,0.000,0.000,0.000,0.0700,0.3290,0.9130,-19.12,1.18,1.26,0.000,-4.384,17.127,1,1398,0,0.0,1,0,1,64.0,0.0,105,15,0,-2241,21876
51582,219974800,1,0,0,0.0000000,0.0000000,0.000,0.000,0.000,0.000,0.000,0.0460,0.3230,0.9480,-21.69,1.36,1.57,0.000,-2.778,15.819,1,1398,0,0.0,1,0,1,64.0,0.0,105,15,0,-2496,21876
51675,219974880,1,0,0,0.0000000,0.0000000,0.000,0.000,0.000,0.000,0.000,0.0460,0.3210,0.9590,-25.21,1.41,1.76,0.000,-2.746,14.289,1,1398,0,0.0,1,0,1,63.0,0.0,105,15,0,-3735,21876
51737,219974960,1,0,0,0.0000000,0.0000000,0.000,0.000,0.000,0.000,0.000,0.0560,0.3030,0.9390,-29.40,1.40,1.95,0.000,-3.413,12.467,1,1187,0,0.0,1,0,1,63.0,0.0,104,15,0,-3735,21876
51828,219975080,1,0,0,0.0000000,0.0000000,0.000,0.000,0.000,0.000,0.000,0.0640,0.1280,0.9470,-34.17,1.05,1.46,0.000,-3.866,8.923,1,1339,0,0.0,1,0,1,63.0,0.0,104,15,0,-3735,21876
51894,219975120,1,0,0,0.0000000,0.0000000,0.000,0.000,0.000,0.000,0.000,0.0290,0.0460,0.9840,-33.32,0.97,1.28,0.000,-1.688,7.617,1,1253,0,0.0,1,0,1,63.0,0.0,104,15,0,-4594,7547
51986,219975200,1,0,0,0.0000000,0.0000000,0.000,0.000,0.000,0.000,0.000,0.0480,-0.0710,0.9600,-28.80,0.85,0.69,0.000,-2.862,5.077,1,1218,0,0.0,1,0,1,63.0,0.0,104,15,0,-3945,-28028
52051,219975280,1,0,0,0.0000000,0.0000000,0.000,0.000,0.000,0.000,0.000,0.0340,-0.0370,0.9840,-22.21,0.91,1.47,0.000,-1.979,3.203,1,1218,0,0.0,1,0,1,63.0,0.0,105,15,0,-3945,-28028
52143,219975360,1,0,0,0.0000000,0.0000000,0.000,0.000,0.000,0.000,0.000,0.0210,0.0210,1.0170,-20.86,0.89,1.94,0.000,-1.183,1.725,1,1218,0,0.0,1,0,1,63.0,0.0,105,15,0,-2364,16253
52209,219975440,1,0,0,0.0000000,0.0000000,0.000,0.000,0.000,0.000,0.000,0.0610,0.0170,0.9600,-22.46,0.83,1.38,0.000,-3.636,0.238,1,1367,0,0.0,1,0,1,63.0,0.0,104,15,0,-2924,-3202
52301,219975520,1,0,0,0.0000000,0.0000000,0.000,0.000,0.000,0.000,0.000,0.0160,0.0010,1.0070,-23.94,1.07,1.66,0.000,-0.910,-1.306,1,1367,0,0.0,1,0,1,63.0,0.0,104,15,0,-3008,-3202
52365,219975600,1,0,0,0.0000000,0.0000000,0.000,0.000,0.000,0.000,0.000,0.0550,-0.0100,0.9530,-27.32,1.07,1.66,0.000,-3.303,-3.061,1,1339,0,0.0,1,0,1,63.0,0.0,104,15,0,-3103,11134
52456,219975680,1,0,0,0.0000000,0.0000000,0.000,0.000,0.000,0.000,0.000,0.0170,-0.0890,1.0200,-30.21,1.11,1.57,0.000,-0.955,-5.104,1,1269,0,0.0,1,0,1,63.0,0.0,105,15,0,-3808,15488
52519,219975760,1,0,0,0.0000000,0.0000000,0.000,0.000,0.000,0.000,0.000,0.0510,-0.1430,0.9960,-30.95,0.53,1.55,0.000,-2.931,-7.359,1,1269,0,0.0,1,0,1,63.0,0.0,105,15,0,-3808,15488
52612,219975840,1,0,0,0.0000000,0.0000000,0.000,0.000,0.000,0.000,0.000,0.0570,-0.2550,0.9550,-29.53,0.25,1.34,0.000,-3.416,-9.660,1,1269,0,0.0,1,0,1,63.0,0.0,105,15,0,-3808,15488
52674,219975920,1,0,0,0.0000000,0.0000000,0.000,0.000,0.000,0.000,0.000,0.0230,-0.3060,0.9740,-26.20,0.49,1.44,0.000,-1.353,-11.802,1,1171,0,0.0,1,0,1,63.0,0.0,105,15,0,-3724,31366
52765,219976000,1,0,0,0.0000000,0.0000000,0.000,0.000,0.000,0.000,0.000,0.0260,-0.3290,0.9470,-22.35,0.46,1.35,0.000,-1.573,-13.654,1,1257,0,0.0,1,0,1,63.0,0.0,105,15,0,-3005,-15992
52830,219976040,1,0,0,0.0000000,0.0000000,0.000,0.000,0.000,0.000,0.000,0.0100,-0.3490,0.9660,-20.63,0.47,1.25,0.000,-0.593,-14.462,1,1164,0,0.0,1,0,1,63.0,0.0,105,15,0,-2521,4233
52921,219976160,1,0,0,0.0000000,0.0000000,0.000,0.000,0.000,0.000,0.000,0.0410,-0.3760,0.9410,-15.24,0.58,0.75,0.000,-2.495,-16.453,1,1164,0,0.0,1,0,1,63.0,0.0,105,15,0,-2521,4233
52985,219976200,1,0,0,0.0000000,0.0000000,0.000,0.000,0.000,0.000,0.000,0.0220,-0.3530,0.9560,-13.40,0.64,0.86,0.000,-1.318,-16.929,1,1230,0,0.0,1,0,1,63.0,0.0,105,15,0,-1609,-4213
53075,219976320,1,0,0,0.0000000,0.0000000,0.000,0.000,0.000,0.000,0.000,0.0550,-0.3040,0.9220,-11.37,0.62,0.81,0.000,-3.414,-18.020,1,1187,0,0.0,1,0,1,63.0,0.0,105,15,0,-1287,-20343
53140,219976360,1,0,0,0.0000000,0.0000000,0.000,0.000,0.000,0.000,0.000,0.0250,-0.3140,0.9770,-11.40,0.73,0.85,0.000,-1.466,-18.337,1,1269,0,0.0,1,0,1,63.0,0.0,105,15,0,-1197,17799
53237,219976440,1,0,0,0.0000000,0.0000000,0.000,0.000,0.000,0.000,0.000,0.0650,-0.3360,0.9190,-12.19,0.70,0.67,0.000,-4.046,-19.076,1,1265,0,0.0,1,0,1,63.0,0.0,105,15,0,-1295,27016
53301,219976520,1,0,0,0.0000000,0.0000000,0.000,0.000,0.000,0.000,0.000,0.0320,-0.3950,0.9600,-11.46,0.74,0.61,0.000,-1.909,-19.822,1,1265,0,0.0,1,0,1,63.0,0.0,105,15,0,-1295,27016
53389,219976640,1,0,0,0.0000000,0.0000000,0.000,0.000,0.000,0.000,0.000,0.0460,-0.3990,0.9280,-8.04,0.73,0.64,0.000,-2.838,-20.742,1,1136,0,0.0,1,0,1,63.0,0.0,105,15,0,-915,27016
53454,219976680,1,0,0,0.0000000,0.0000000,0.000,0.000,0.000,0.000,0.000,0.0310,-0.3990,0.9500,-7.28,0.77,0.71,0.000,-1.869,-20.943,1,1101,0,0.0,1,0,1,63.0,0.0,105,15,0,-688,-27509
53549,219976760,1,0,0,0.0000000,0.0000000,0.000,0.000,0.000,0.000,0.000,0.0480,-0.3750,0.9280,-6.64,0.77,0.65,0.000,-2.961,-21.267,1,1183,0,0.0,1,0,1,63.0,0.0,105,15,0,-495,-25460
53614,219976840,1,0,0,0.0000000,0.0000000,0.000,0.000,0.000,0.000,0.000,0.0360,-0.3640,0.9360,-6.76,0.79,0.64,0.000,-2.203,-21.548,1,1152,0,0.0,1,0,1,63.0,0.0,105,15,0,-450,-25460
53705,219976920,1,0,0,0.0000000,0.0000000,0.000,0.000,0.000,0.000,0.000,0.0550,-0.3960,0.9190,-6.86,0.80,0.53,0.000,-3.425,-21.895,1,1210,0,0.0,1,0,1,63.0,0.0,105,15,0,-557,24972
53771,219977000,1,0,0,0.0000000,0.0000000,0.000,0.000,0.000,0.000,0.000,0.0470,-0.4170,0.9250,-6.31,0.83,0.48,0.000,-2.909,-22.209,1,1210,0,0.0,1,0,1,63.0,0.0,105,15,0,-557,24972
53861,219977080,1,0,0,0.0000000,0.0000000,0.000,0.000,0.000,0.000,0.000,0.0450,-0.3900,0.9150,-5.41,0.82,0.60,0.000,-2.816,-22.453,1,1187,0,0.0,1,0,1,63.0,0.0,105,15,0,-557,24972
53927,219977160,1,0,0,0.0000000,0.0000000,0.000,0.000,0.000,0.000,0.000,0.0420,-0.3980,0.9170,-5.26,0.81,0.51,0.000,-2.622,-22.648,1,1109,0,0.0,1,0,1,63.0,0.0,105,15,0,-238,-16756
54019,219977240,1,0,0,0.0000000,0.0000000,0.000,0.000,0.000,0.000,0.000,0.0400,-0.3930,0.9160,-4.85,0.80,0.53,0.000,-2.500,-22.817,1,1109,0,0.0,1,0,1,63.0,0.0,105,15,0,-238,-16756
54081,219977320,1,0,0,0.0000000,0.0000000,0.000,0.000,0.000,0.000,0.000,0.0390,-0.4110,0.9200,-4.69,0.79,0.47,0.000,-2.427,-22.979,1,1195,0,0.0,1,0,1,63.0,0.0,105,15,0,-316,12428
54174,219977400,1,0,0,0.0000000,0.0000000,0.000,0.000,0.000,0.000,0.000,0.0390,-0.4130,0.9270,-4.39,0.82,0.48,0.000,-2.409,-23.121,1,1199,0,0.0,1,0,1,63.0,0.0,104,15,0,-118,-6005
54239,219977480,1,0,0,0.0000000,0.0000000,0.000,0.000,0.000,0.000,0.000,0.0390,-0.3970,0.9180,-3.97,0.81,0.57,0.000,-2.433,-23.213,1,1199,0,0.0,1,0,1,63.0,0.0,104,15,0,-76,-4725
54327,219977560,1,0,0,0.0000000,0.0000000,0.000,0.000,0.000,0.000,0.000,0.0460,-0.3990,0.9000,-3.83,0.79,0.50,0.000,-2.926,-23.298,1,1277,0,0.0,1,0,1,63.0,0.0,104,15,0,-76,-4725
54392,219977640,1,0,0,0.0000000,0.0000000,0.000,0.000,0.000,0.000,0.000,0.0330,-0.4170,0.9290,-3.53,0.81,0.49,0.000,-2.034,-23.352,1,1199,0,0.0,1,0,1,63.0,0.0,104,15,0,-90,19341
54482,219977720,1,0,0,0.0000000,0.0000000,0.000,0.000,0.000,0.000,0.000,0.0370,-0.4000,0.9230,-3.15,0.85,0.52,0.000,-2.296,-23.375,1,1214,0,0.0,1,0,1,63.0,0.0,104,15,0,-67,19341
54545,219977760,1,0,0,0.0000000,0.0000000,0.000,0.000,0.000,0.000,0.000,0.0340,-0.4030,0.9160,-3.16,0.85,0.50,0.000,-2.126,-23.381,1,1214,0,0.0,1,0,1,63.0,0.0,104,15,0,-67,12938
54636,219977880,1,0,0,0.0000000,0.0000000,0.000,0.000,0.000,0.000,0.000,0.0450,-0.4020,0.9130,-3.12,0.85,0.46,0.000,-2.822,-23.413,1,1214,0,0.0,1,0,1,63.0,0.0,105,15,0,-34,-26741
54701,219977920,1,0,0,0.0000000,0.0000000,0.000,0.000,0.000,0.000,0.000,0.0250,-0.4070,0.9360,-3.00,0.86,0.51,0.000,-1.530,-23.407,1,1292,0,0.0,1,0,1,63.0,0.0,105,15,0,-34,-26741
54792,219978000,1,0,0,0.0000000,0.0000000,0.000,0.000,0.000,0.000,0.000,0.0470,-0.3910,0.9140,-2.80,0.82,0.55,0.000,-2.944,-23.401,1,1218,0,0.0,1,0,1,63.0,0.0,105,15,0,-34,-26741
54856,219978080,1,0,6,0.0000000,0.0000000,0.000,0.000,0.000,0.000,0.000,0.0300,-0.4100,0.9380,-2.90,0.86,0.51,0.000,-1.832,-23.377,1,1218,0,0.0,1,0,1,63.0,0.0,105,15,0,-87,20875
54945,219978160,1,0,6,0.0000000,0.0000000,0.000,0.000,0.000,0.000,0.000,0.0270,-0.4120,0.9400,-2.94,0.86,0.50,0.000,-1.645,-23.372,1,1257,0,0.0,1,0,1,63.0,0.0,105,15,0,-87,20875
55011,219978240,1,0,6,0.0000000,0.0000000,0.000,0.000,0.000,0.000,0.000,0.0350,-0.3940,0.9170,-2.78,0.87,0.56,0.000,-2.186,-23.368,1,1257,0,0.0,1,0,1,63.0,0.0,105,15,0,-87,20875
55101,219978320,1,0,6,0.0000000,0.0000000,0.000,0.000,0.000,0.000,0.000,0.0610,-0.3880,0.8870,-3.00,0.82,0.45,0.000,-3.934,-23.382,1,1281,0,0.0,1,0,1,63.0,0.0,105,15,0,-87,20875
55166,219978400,1,0,6,0.0000000,0.0000000,0.000,0.000,0.000,0.000,0.000,0.0120,-0.4060,0.9510,-2.91,0.86,0.58,0.000,-0.723,-23.366,1,1281,0,0.0,1,0,1,63.0,0.0,105,15,0,-36,-14195
55257,219978480,1,0,6,0.0000000,0.0000000,0.000,0.000,0.000,0.000,0.000,0.0530,-0.3940,0.9000,-2.95,0.81,0.52,0.000,-3.370,-23.396,1,1281,0,0.0,1,0,1,63.0,0.0,105,15,0,-39,-29811
55321,219978560,1,0,6,0.0000000,0.0000000,0.000,0.000,0.000,0.000,0.000,0.0170,-0.4170,0.9430,-2.93,0.85,0.46,0.000,-1.033,-23.396,1,1261,0,0.0,1,0,1,63.0,0.0,105,15,0,-39,-29811
55413,219978640,1,0,6,0.0000000,0.0000000,0.000,0.000,0.000,0.000,0.000,0.0320,-0.4130,0.9320,-2.56,0.85,0.47,0.000,-1.966,-23.385,1,1222,0,0.0,1,0,1,63.0,0.0,105,15,0,-39,-29811
55477,219978720,1,0,6,0.0000000,0.0000000,0.000,0.000,0.000,0.000,0.000,0.0350,-0.4010,0.9190,-2.34,0.86,0.50,0.000,-2.181,-23.355,1,1222,0,0.0,1,0,1,63.0,0.0,105,15,0,171,-24692
55568,219978800,1,0,6,0.0000000,0.0000000,0.000,0.000,0.000,0.000,0.000,0.0430,-0.4120,0.9260,-2.93,0.84,0.35,0.000,-2.659,-23.313,1,1238,0,0.0,1,0,1,63.0,0.0,105,15,0,171,-24692
55631,219978880,1,0,6,0.0000000,0.0000000,0.000,0.000,0.000,0.000,0.000,0.0130,-0.4010,0.9450,-2.75,0.89,0.55,0.000,-0.788,-23.274,1,1308,0,0.0,1,0,1,63.0,0.0,105,15,0,-39,-24692
55724,219978920,1,0,6,0.0000000,0.0000000,0.000,0.000,0.000,0.000,0.000,0.0590,-0.4130,0.9070,-3.21,0.82,0.34,0.000,-3.722,-23.299,1,1273,0,0.0,1,0,1,63.0,0.0,105,15,0,-6,13706
55786,219979040,1,0,6,0.0000000,0.0000000,0.000,0.000,0.000,0.000,0.000,0.0070,-0.4030,0.9580,-2.77,0.84,0.58,0.000,-0.419,-23.234,1,1261,0,0.0,1,0,1,63.0,0.0,105,15,0,8,11146
55878,219979120,1,0,6,0.0000000,0.0000000,0.000,0.000,0.000,0.000,0.000,0.0550,-0.3860,0.8930,-2.86,0.82,0.49,0.000,-3.524,-23.250,1,1359,0,0.0,1,0,1,63.0,0.0,105,15,0,8,11146
55942,219979160,1,0,6,0.0000000,0.0000000,0.000,0.000,0.000,0.000,0.000,0.0670,-0.3930,0.8830,-3.08,0.80,0.41,0.000,-4.339,-23.260,1,1316,0,0.0,1,0,1,63.0,0.0,105,15,0,62,11146
56033,219979240,1,0,6,0.0000000,0.0000000,0.000,0.000,0.000,0.000,0.000,0.0340,-0.4190,0.9230,-3.45,0.86,0.33,0.000,-2.110,-23.274,1,1316,0,0.0,1,0,1,63.0,0.0,105,15,0,-98,18828
56098,219979320,1,0,6,0.0000000,0.0000000,0.000,0.000,0.000,0.000,0.000,0.0150,-0.4070,0.9560,-3.08,0.84,0.56,0.000,-0.899,-23.271,1,1285,0,0.0,1,0,1,63.0,0.0,105,15,0,-106,17292
56190,219979400,1,0,6,0.0000000,0.0000000,0.000,0.000,0.000,0.000,0.000,0.0440,-0.4160,0.9150,-3.50,0.84,0.34,0.000,-2.753,-23.299,1,1242,0,0.0,1,0,1,63.0,0.0,105,15,0,-106,17292
56254,219979480,1,0,6,0.0000000,0.0000000,0.000,0.000,0.000,0.000,0.000,0.0280,-0.4070,0.9410,-3.25,0.82,0.49,0.000,-1.704,-23.311,1,1242,0,0.0,1,0,1,63.0,0.0,105,15,0,-87,29578
56344,219979600,1,0,6,0.0000000,0.0000000,0.000,0.000,0.000,0.000,0.000,0.0360,-0.4030,0.9230,-3.27,0.82,0.48,0.000,-2.234,-23.346,1,1242,0,0.0,1,0,1,63.0,0.0,105,15,0,-42,23946
56413,219979640,1,0,6,0.0000000,0.0000000,0.000,0.000,0.000,0.000,0.000,0.0400,-0.4060,0.9180,-3.34,0.82,0.46,0.000,-2.495,-23.362,1,1242,0,0.0,1,0,1,63.0,0.0,105,15,0,-70,23946
56508,219979760,1,0,6,0.0000000,0.0000000,0.000,0.000,0.000,0.000,0.000,0.0420,-0.4070,0.9210,-3.27,0.83,0.52,0.000,-2.611,-23.399,1,1117,0,0.0,1,0,1,63.0,0.0,105,15,0,-70,23946
56574,219979800,1,0,6,0.0000000,0.0000000,0.000,0.000,0.000,0.000,0.000,0.0320,-0.4100,0.9250,-3.45,0.83,0.44,0.000,-1.981,-23.419,1,1117,0,0.0,1,0,1,63.0,0.0,105,15,0,-129,20108
56666,219979880,1,0,6,0.0000000,0.0000000,0.000,0.000,0.000,0.000,0.000,0.0110,-0.4140,0.9540,-3.18,0.86,0.56,0.000,-0.661,-23.442,1,1117,0,0.0,1,0,1,62.0,0.0,105,15,0,14,-4980
56730,219979920,1,0,6,0.0000000,0.0000000,0.000,0.000,0.000,0.000,0.000,0.0510,-0.4180,0.9010,-3.55,0.82,0.31,0.000,-3.240,-23.485,1,1289,0,0.0,1,0,1,62.0,0.0,105,15,0,14,-4980
56821,219980040,1,0,6,0.0000000,0.0000000,0.000,0.000,0.000,0.000,0.000,0.0320,-0.4260,0.9400,-3.11,0.83,0.44,0.000,-1.950,-23.494,1,1218,0,0.0,1,0,1,62.0,0.0,105,15,0,6,-4980
56886,219980120,1,0,6,0.0000000,0.0000000,0.000,0.000,0.000,0.000,0.000,0.0290,-0.4150,0.9280,-2.77,0.84,0.49,0.000,-1.790,-23.499,1,1218,0,0.0,1,0,1,62.0,0.0,105,15,0,3,15501
56975,219980200,1,0,6,0.0000000,0.0000000,0.000,0.000,0.000,0.000,0.000,0.0510,-0.4150,0.9040,-2.59,0.81,0.38,0.000,-3.229,-23.502,1,1218,0,0.0,1,0,1,62.0,0.0,105,15,0,8,-26995
57038,219980280,1,0,6,0.0000000,0.0000000,0.000,0.000,0.000,0.000,0.000,0.0430,-0.4340,0.9060,-2.02,0.84,0.31,0.000,-2.717,-23.480,1,1250,0,0.0,1,0,1,62.0,0.0,105,15,0,8,-26995
57131,219980360,1,0,6,0.0000000,0.0000000,0.000,0.000,0.000,0.000,0.000,0.0470,-0.4440,0.9110,-0.67,0.86,0.20,0.000,-2.953,-23.402,1,1238,0,0.0,1,0,1,62.0,0.0,105,15,0,8,-26995
57194,219980400,1,0,6,0.0000000,0.0000000,0.000,0.000,0.000,0.000,0.000,0.0480,-0.4610,0.9060,0.56,0.88,0.09,0.000,-3.033,-23.326,1,1238,0,0.0,1,0,1,62.0,0.0,105,15,0,613,27021
57286,219980520,1,0,6,0.0000000,0.0000000,0.000,0.000,0.000,0.000,0.000,0.0560,-0.4520,0.9000,4.42,0.91,0.00,0.000,-3.560,-22.760,1,1347,0,0.0,1,0,1,62.0,0.0,105,15,0,1086,30605
57348,219980600,1,0,6,0.0000000,0.0000000,0.000,0.000,0.000,0.000,0.000,0.0600,-0.4290,0.9010,7.48,0.88,-0.06,0.000,-3.810,-22.115,1,1347,0,0.0,1,0,1,62.0,0.0,105,15,0,1086,30605
57440,219980680,1,0,6,0.0000000,0.0000000,0.000,0.000,0.000,0.000,0.000,0.0370,-0.4230,0.9320,9.33,0.88,-0.27,0.000,-2.273,-21.247,1,1308,0,0.0,1,0,1,62.0,0.0,105,15,0,1086,30605
57507,219980720,1,0,6,0.0000000,0.0000000,0.000,0.000,0.000,0.000,0.000,0.0670,-0.3780,0.8980,10.66,0.85,-0.15,0.000,-4.267,-20.736,1,1308,0,0.0,1,0,1,62.0,0.0,105,15,0,1891,1674
57594,219980840,1,0,6,0.0000000,0.0000000,0.000,0.000,0.000,0.000,0.000,0.0380,-0.3470,0.9470,11.90,0.93,-0.38,0.000,-2.298,-18.984,1,1277,0,0.0,1,0,1,62.0,0.0,105,15,0,2129,-17527
57659,219980880,1,0,6,0.0000000,0.0000000,0.000,0.000,0.000,0.000,0.000,0.0630,-0.3130,0.9160,12.48,0.96,-0.29,0.000,-3.934,-18.367,1,1316,0,0.0,1,0,1,62.0,0.0,105,15,0,2129,-17527
57750,219980960,1,0,6,0.0000000,0.0000000,0.000,0.000,0.000,0.000,0.000,0.0690,-0.3200,0.9050,13.23,1.12,-0.63,0.000,-4.360,-17.145,1,1316,0,0.0,1,0,1,62.0,0.0,105,15,0,2129,-17527
57815,219981040,1,0,6,0.0000000,0.0000000,0.000,0.000,0.000,0.000,0.000,0.0620,-0.3370,0.9150,15.38,1.29,-0.72,0.000,-3.876,-15.897,1,1316,0,0.0,1,0,1,62.0,0.0,105,15,0,2409,-17527
57904,219981160,1,0,6,0.0000000,0.0000000,0.000,0.000,0.000,0.000,0.000,0.0720,-0.3040,0.9160,21.11,1.50,-0.85,0.000,-4.494,-13.559,1,1316,0,0.0,1,0,1,62.0,0.0,105,15,0,3044,-13429
57971,219981200,1,0,6,0.0000000,0.0000000,0.000,0.000,0.000,0.000,0.000,0.0740,-0.2700,0.9120,23.25,1.67,-0.91,0.000,-4.639,-12.581,1,1281,0,0.0,1,0,1,62.0,0.0,105,15,0,3044,-13429
58060,219981280,1,0,6,0.0000000,0.0000000,0.000,0.000,0.000,0.000,0.000,0.0370,-0.1770,0.9920,24.71,1.75,-0.46,0.000,-2.136,-10.349,1,1281,0,0.0,1,0,1,62.0,0.0,105,15,0,4099,6021
58129,219981360,1,0,6,0.0000000,0.0000000,0.000,0.000,0.000,0.000,0.000,0.0470,-0.0100,1.0150,22.50,1.11,0.27,0.000,-2.651,-7.981,1,1281,0,0.0,1,0,1,62.0,0.0,105,15,0,3120,10880
58219,219981440,1,0,6,0.0000000,0.0000000,0.000,0.000,0.000,0.000,0.000,0.0350,-0.0120,1.0320,15.84,0.34,0.03,0.000,-1.942,-6.061,1,1281,0,0.0,1,0,1,62.0,0.0,105,15,0,3120,10880
58284,219981520,1,0,6,0.0000000,0.0000000,0.000,0.000,0.000,0.000,0.000,0.0620,0.0120,0.9650,11.83,0.32,-0.08,0.000,-3.676,-4.592,1,1300,0,0.0,1,0,1,62.0,0.0,105,15,0,2305,25728
58375,219981600,1,0,6,0.0000000,0.0000000,0.000,0.000,0.000,0.000,0.000,0.0180,-0.0440,1.0310,8.46,0.54,-0.37,0.000,-1.000,-3.521,1,1210,0,0.0,1,0,1,62.0,0.0,105,15,0,1704,9857
58439,219981680,1,0,6,0.0000000,0.0000000,0.000,0.000,0.000,0.000,0.000,0.0270,-0.0300,0.9830,7.75,0.59,-0.33,0.000,-1.573,-2.607,1,1402,0,0.0,1,0,1,62.0,0.0,105,15,0,1704,9857
58530,219981760,1,0,6,0.0000000,0.0000000,0.000,0.000,0.000,0.000,0.000,0.0310,-0.0490,0.9570,7.65,0.93,-0.60,0.000,-1.855,-1.796,1,1402,0,0.0,1,0,1,62.0,0.0,105,15,0,1379,23425
58593,219981840,1,0,6,0.0000000,0.0000000,0.000,0.000,0.000,0.000,0.000,0.0400,-0.0370,0.9680,8.76,1.12,-0.15,0.000,-2.366,-0.934,1,1347,0,0.0,1,0,1,62.0,0.0,105,15,0,1572,-31104
58684,219981920,1,0,6,0.0000000,0.0000000,0.000,0.000,0.000,0.000,0.000,0.0350,0.0160,1.0120,9.58,0.87,0.51,0.000,-1.981,0.071,1,1292,0,0.0,1,0,1,62.0,0.0,105,15,0,2034,7807
58751,219981960,1,0,6,0.0000000,0.0000000,0.000,0.000,0.000,0.000,0.000,0.0580,0.0770,0.9910,8.95,0.77,0.65,0.000,-3.350,0.635,1,1339,0,0.0,1,0,1,62.0,0.0,105,15,0,1458,10364
58841,219982080,1,0,6,0.0000000,0.0000000,0.000,0.000,0.000,0.000,0.000,0.0210,0.1610,1.0190,2.94,1.02,0.80,0.000,-1.181,2.059,1,1339,0,0.0,1,0,1,62.0,0.0,105,15,0,1379,-24453
58905,219982120,1,0,6,0.0000000,0.0000000,0.000,0.000,0.000,0.000,0.000,0.0620,0.1790,0.9710,-0.47,1.04,0.70,0.000,-3.653,2.334,1,1328,0,0.0,1,0,1,62.0,0.0,105,15,0,492,18554
58994,219982240,1,0,6,0.0000000,0.0000000,0.000,0.000,0.000,0.000,0.000,0.0140,0.0560,1.0290,-7.63,0.93,0.44,0.000,-0.779,2.281,1,1308,0,0.0,1,0,1,62.0,0.0,105,15,0,-750,16764
59060,219982280,1,0,6,0.0000000,0.0000000,0.000,0.000,0.000,0.000,0.000,0.0440,0.0210,0.9990,-8.42,0.82,0.25,0.000,-2.522,2.055,1,1308,0,0.0,1,0,1,62.0,0.0,105,15,0,-750,16764
59148,219982400,1,0,6,0.0000000,0.0000000,0.000,0.000,0.000,0.000,0.000,0.0210,-0.0310,1.0280,-7.42,0.79,0.61,0.000,-1.170,1.381,1,1308,0,0.0,1,0,1,62.0,0.0,105,15,0,-792,-23170
59214,219982440,1,0,6,0.0000000,0.0000000,0.000,0.000,0.000,0.000,0.000,0.0500,-0.0400,0.9890,-6.91,0.76,0.34,0.000,-2.894,1.161,1,1335,0,0.0,1,0,1,62.0,0.0,105,15,0,-565,-21376
59306,219982520,1,0,6,0.0000000,0.0000000,0.000,0.000,0.000,0.000,0.000,0.0180,-0.0590,1.0310,-4.82,0.69,0.26,0.000,-1.000,0.856,1,1289,0,0.0,1,0,1,62.0,0.0,105,15,0,-179,-21376
59371,219982600,1,0,6,0.0000000,0.0000000,0.000,0.000,0.000,0.000,0.000,0.0470,0.0020,1.0010,-3.26,0.75,0.55,0.000,-2.688,0.766,1,1289,0,0.0,1,0,1,62.0,0.0,105,15,0,-179,-21376
59461,219982680,1,0,6,0.0000000,0.0000000,0.000,0.000,0.000,0.000,0.000,0.1180,0.0040,1.0110,-3.77,1.82,0.79,0.000,-6.657,0.746,1,1308,0,0.0,1,0,1,62.0,0.0,105,15,0,-73,29056
59531,219982760,1,0,6,0.0000000,0.0000000,0.000,0.000,0.000,0.000,0.000,0.1390,0.0240,0.9860,-3.83,3.98,0.85,0.000,-8.024,0.678,1,1328,0,0.0,1,0,1,62.0,0.0,105,15,0,-246,4477
59622,219982840,1,0,6,0.0000000,0.0000000,0.000,0.000,0.000,0.000,0.000,-0.1080,-0.0190,1.0300,-4.39,3.93,0.46,0.000,5.986,0.554,1,1328,0,0.0,1,0,1,62.0,0.0,105,15,0,-311,-10370
59685,219982920,1,0,6,0.0000000,0.0000000,0.000,0.000,0.000,0.000,0.000,-0.2300,0.0060,1.0640,-4.22,0.02,0.38,0.000,12.198,0.448,1,1257,0,0.0,1,0,1,62.0,0.0,105,15,0,-196,-9089
59778,219983000,1,0,6,0.0000000,0.0000000,0.000,0.000,0.000,0.000,0.000,-0.1890,-0.0060,1.0510,-4.42,-6.44,0.32,0.000,10.194,0.340,1,1300,0,0.0,1,0,1,62.0,0.0,105,15,0,-87,12927
59843,219983080,1,0,6,0.0000000,0.0000000,0.000,0.000,0.000,0.000,0.000,0.0540,-0.0150,1.0320,-4.50,-9.76,0.42,0.000,-2.995,0.226,1,1242,0,0.0,1,0,1,62.0,0.0,105,15,0,-252,-11904
59935,219983160,1,0,6,0.0000000,0.0000000,0.000,0.000,0.000,0.000,0.000,0.3830,-0.0090,0.9410,-4.34,-6.50,0.24,0.000,-22.147,0.072,1,1273,0,0.0,1,0,1,62.0,0.0,105,15,0,-218,11391
60001,219983240,1,0,6,0.0000000,0.0000000,0.000,0.000,0.000,0.000,0.000,0.4340,-0.0400,0.8980,-3.80,3.60,0.52,0.000,-25.794,-0.077,1,1273,0,0.0,1,0,1,62.0,0.0,105,17,0,-218,11391
60091,219983320,1,0,6,0.0000000,0.0000000,0.000,0.000,0.000,0.000,0.000,0.1880,-0.0400,0.9950,-2.68,10.41,0.76,0.000,-10.700,-0.109,1,1191,0,0.0,1,0,1,62.0,0.0,105,17,0,8,11391
60157,219983400,1,0,6,0.0000000,0.0000000,0.000,0.000,0.000,0.000,0.000,-0.0990,-0.0190,1.0160,-1.75,10.68,0.49,0.000,5.565,-0.061,1,1265,0,0.0,1,0,1,62.0,0.0,105,17,0,187,7296
60249,219983480,1,0,6,0.0000000,0.0000000,0.000,0.000,0.000,0.000,0.000,-0.2400,-0.0180,1.0600,-2.45,5.40,0.15,0.000,12.758,0.006,1,1265,0,0.0,1,0,1,62.0,0.0,105,17,0,187,7296
60310,219983560,1,0,6,0.0000000,0.0000000,0.000,0.000,0.000,0.000,0.000,-0.1010,-0.0020,1.0430,-2.52,0.40,0.39,0.000,5.531,0.040,1,1355,0,0.0,1,0,1,62.0,0.0,105,17,0,187,7296
60403,219983600,1,0,6,0.0000000,0.0000000,0.000,0.000,0.000,0.000,0.000,-0.0230,-0.0120,1.0100,-2.57,-0.90,0.47,0.000,1.305,0.050,1,1277,0,0.0,1,0,1,62.0,0.0,105,17,0,14,22142
60466,219983720,1,0,6,0.0000000,0.0000000,0.000,0.000,0.000,0.000,0.000,0.0500,0.0040,0.9930,-2.63,-1.84,0.45,0.000,-2.883,0.081,1,1277,0,0.0,1,0,1,62.0,0.0,105,18,0,-14,5758
60556,219983760,1,0,6,0.0000000,0.0000000,0.000,0.000,0.000,0.000,0.000,0.0290,-0.0010,1.0260,-2.53,-1.62,0.49,0.000,-1.619,0.104,1,1277,0,0.0,1,0,1,62.0,0.0,105,18,0,-14,5758
60622,219983840,1,0,6,0.0000000,0.0000000,0.000,0.000,0.000,0.000,0.000,0.0800,-0.0150,0.9780,-3.11,-1.17,0.22,0.000,-4.676,0.072,1,1277,0,0.0,1,0,1,62.0,0.0,105,18,0,-14,5758
60714,219983920,1,0,6,0.0000000,0.0000000,0.000,0.000,0.000,0.000,0.000,0.0780,-0.0260,1.0110,-2.75,-0.30,0.45,0.000,-4.412,0.077,1,1273,0,0.0,1,0,1,62.0,0.0,105,18,0,-3,-25471
60779,219984000,1,0,6,0.0000000,0.0000000,0.000,0.000,0.000,0.000,0.000,0.0760,0.0000,0.9720,-2.73,0.81,0.41,0.000,-4.471,0.109,1,1265,0,0.0,1,0,1,62.0,0.0,105,18,0,-3,27008
60871,219984080,1,0,6,0.0000000,0.0000000,0.000,0.000,0.000,0.000,0.000,0.0200,-0.0210,1.0330,-2.57,0.97,0.52,0.000,-1.109,0.142,1,1375,0,0.0,1,0,1,62.0,0.0,105,18,0,-3,27008
60933,219984160,1,0,6,0.0000000,0.0000000,0.000,0.000,0.000,0.000,0.000,0.0460,-0.0070,0.9850,-2.46,0.87,0.40,0.000,-2.674,0.160,1,1398,0,0.0,1,0,1,62.0,0.0,105,18,0,-34,27008
61024,219984280,1,0,6,0.0000000,0.0000000,0.000,0.000,0.000,0.000,0.000,0.0270,-0.0300,1.0120,-2.02,0.69,0.23,0.000,-1.528,0.201,1,1359,0,0.0,1,0,1,62.0,0.0,105,18,0,-28,27008
61088,219984320,1,0,6,0.0000000,0.0000000,0.000,0.000,0.000,0.000,0.000,0.0480,-0.0160,0.9850,-1.67,0.40,0.17,0.000,-2.790,0.239,1,1359,0,0.0,1,0,1,62.0,0.0,105,18,0,-28,27008
61179,219984400,1,0,6,0.0000000,0.0000000,0.000,0.000,0.000,0.000,0.000,0.0350,-0.0350,1.0150,-1.14,0.24,0.25,0.000,-1.975,0.343,1,1300,0,0.0,1,0,1,62.0,0.0,105,18,0,-28,27008
61241,219984480,1,0,6,0.0000000,0.0000000,0.000,0.000,0.000,0.000,0.000,0.2000,0.0270,0.9340,-1.07,2.08,0.53,0.000,-12.086,0.524,1,1253,0,0.0,1,0,1,62.0,0.0,105,18,0,417,27008
61334,219984560,1,0,6,0.0000000,0.0000000,0.000,0.000,0.000,0.000,0.000,0.2310,0.0310,0.9660,-1.99,5.49,0.90,0.000,-13.449,0.688,1,1226,0,0.0,1,0,1,62.0,0.0,105,18,0,64,30845
61400,219984600,1,0,6,0.0000000,0.0000000,0.000,0.000,0.000,0.000,0.000,0.1320,0.0480,0.9950,-2.63,7.36,1.04,0.000,-7.557,0.751,1,1226,0,0.0,1,0,1,62.0,0.0,105,18,0,-333,-12419
61489,219984680,1,0,6,0.0000000,0.0000000,0.000,0.000,0.000,0.000,0.000,-0.1900,0.0200,1.0060,-4.21,5.32,0.33,0.000,10.695,0.722,1,1304,0,0.0,1,0,1,62.0,0.0,105,18,0,-333,-12419
61555,219984760,1,0,6,0.0000000,0.0000000,0.000,0.000,0.000,0.000,0.000,-0.2780,-0.0100,1.0800,-4.76,-0.41,0.14,0.000,14.435,0.580,1,1324,0,0.0,1,0,1,62.0,0.0,105,18,0,-333,-12419
61643,219984880,1,0,6,0.0000000,0.0000000,0.000,0.000,0.000,0.000,0.000,-0.0910,0.0140,0.9910,-4.63,-9.83,0.40,0.000,5.247,0.378,1,1324,0,0.0,1,0,1,62.0,0.0,105,19,0,0,-27520
61708,219984920,1,0,6,0.0000000,0.0000000,0.000,0.000,0.000,0.000,0.000,0.0150,-0.0170,1.0480,-4.86,-10.75,0.27,0.000,-0.820,0.286,1,1324,0,0.0,1,0,1,62.0,0.0,105,19,0,-378,-27520
61799,219985040,1,0,6,0.0000000,0.0000000,0.000,0.000,0.000,0.000,0.000,0.4800,0.0030,0.8410,-4.86,-3.52,0.40,0.000,-29.716,0.103,1,1332,0,0.0,1,0,1,62.0,0.0,105,19,0,-378,-27520
61863,219985080,1,0,6,0.0000000,0.0000000,0.000,0.000,0.000,0.000,0.000,0.4360,-0.0100,0.8930,-4.79,1.60,0.66,0.000,-26.024,0.026,1,1199,0,0.0,1,0,1,62.0,0.0,105,19,0,-322,-27520
61954,219985200,1,0,6,0.0000000,0.0000000,0.000,0.000,0.000,0.000,0.000,0.1410,-0.0630,1.0470,-3.85,12.49,0.90,0.000,-7.670,-0.291,1,1199,0,0.0,1,0,1,62.0,0.0,105,19,0,-92,24448
62019,219985240,1,0,6,0.0000000,0.0000000,0.000,0.000,0.000,0.000,0.000,-0.0480,-0.0620,1.0390,-2.73,12.47,0.54,0.000,2.645,-0.335,1,1269,0,0.0,1,0,1,62.0,0.0,105,19,0,-92,24448
62111,219985320,1,0,6,0.0000000,0.0000000,0.000,0.000,0.000,0.000,0.000,-0.3040,-0.0200,1.0390,-1.16,7.55,-0.11,0.000,16.309,-0.287,1,1296,0,0.0,1,0,1,62.0,0.0,105,19,0,-92,24448
62174,219985400,1,0,6,0.0000000,0.0000000,0.000,0.000,0.000,0.000,0.000,-0.2250,-0.0070,1.0490,-1.58,0.52,-0.18,0.000,12.106,-0.180,1,1296,0,0.0,1,0,1,62.0,0.0,106,19,0,165,-29822
62266,219985520,1,0,6,0.0000000,0.0000000,0.000,0.000,0.000,0.000,0.000,0.0750,-0.0310,0.9720,-1.35,-3.98,0.58,0.000,-4.412,-0.014,1,1296,0,0.0,1,0,1,62.0,0.0,106,20,0,313,-12158
62335,219985560,1,0,6,0.0000000,0.0000000,0.000,0.000,0.000,0.000,0.000,0.1210,-0.0250,0.9750,-1.46,-3.25,0.28,0.000,-7.074,0.025,1,1359,0,0.0,1,0,1,62.0,0.0,105,20,0,238,-12158
62427,219985640,1,0,6,0.0000000,0.0000000,0.000,0.000,0.000,0.000,0.000,0.1340,0.0000,0.9750,-1.13,-1.43,0.22,0.000,-7.825,0.187,1,1359,0,0.0,1,0,1,62.0,0.0,105,20,0,168,12159
62491,219985720,1,0,6,0.0000000,0.0000000,0.000,0.000,0.000,0.000,0.000,0.0780,-0.0150,1.0080,-1.17,0.14,0.34,0.000,-4.425,0.335,1,1292,0,0.0,1,0,1,62.0,0.0,105,20,0,168,12159
62581,219985800,1,0,6,0.0000000,0.0000000,0.000,0.000,0.000,0.000,0.000,0.0610,0.0150,0.9780,-1.02,0.86,0.43,0.000,-3.569,0.507,1,1378,0,0.0,1,0,1,62.0,0.0,105,20,0,224,12159
62649,219985880,1,0,6,0.0000000,0.0000000,0.000,0.000,0.000,0.000,0.000,0.0280,0.0090,1.0180,-1.30,1.00,0.52,0.000,-1.576,0.672,1,1378,0,0.0,1,0,1,62.0,0.0,105,20,0,257,-30593
62739,219985960,1,0,6,0.0000000,0.0000000,0.000,0.000,0.000,0.000,0.000,0.0200,0.0010,1.0310,-1.95,0.97,0.42,0.000,-1.111,0.739,1,1320,0,0.0,1,0,1,62.0,0.0,106,20,0,257,-30593
62803,219986040,1,0,6,0.0000000,0.0000000,0.000,0.000,0.000,0.000,0.000,0.0360,0.0000,1.0160,-2.41,0.92,0.33,0.000,-2.029,0.805,1,1226,0,0.0,1,0,1,62.0,0.0,106,20,0,257,-30593
62896,219986120,1,0,6,0.0000000,0.0000000,0.000,0.000,0.000,0.000,0.000,0.0660,0.0110,0.9670,-2.66,0.86,0.37,0.000,-3.905,0.830,1,1226,0,0.0,1,0,1,62.0,0.0,106,20,0,11,28285
62960,219986160,1,0,6,0.0000000,0.0000000,0.000,0.000,0.000,0.000,0.000,0.0230,0.0110,1.0130,-2.47,0.88,0.49,0.000,-1.301,0.855,1,1324,0,0.0,1,0,1,62.0,0.0,105,20,0,11,28285
63050,219986280,1,0,6,0.0000000,0.0000000,0.000,0.000,0.000,0.000,0.000,0.0620,0.0240,0.9730,-2.66,0.81,0.46,0.000,-3.646,0.873,1,1222,0,0.0,1,0,1,62.0,0.0,105,20,0,11,28285
63114,219986360,1,0,6,0.0000000,0.0000000,0.000,0.000,0.000,0.000,0.000,0.0450,-0.0080,0.9910,-2.82,0.70,0.29,0.000,-2.600,0.864,1,1222,0,0.0,1,0,1,61.0,0.0,105,20,0,140,31358
63205,219986440,1,0,6,0.0000000,0.0000000,0.000,0.000,0.000,0.000,0.000,0.0700,0.0290,0.9660,-2.39,0.66,0.40,0.000,-4.145,0.942,1,1222,0,0.0,1,0,1,61.0,0.0,105,20,0,165,-22401
63268,219986480,1,0,6,0.0000000,0.0000000,0.000,0.000,0.000,0.000,0.000,0.0940,0.0300,0.9860,-2.39,1.02,0.66,0.000,-5.446,0.990,1,1339,0,0.0,1,0,1,61.0,0.0,105,20,0,165,-22401
63361,219986600,1,0,6,0.0000000,0.0000000,0.000,0.000,0.000,0.000,0.000,0.2410,0.0620,0.9560,-5.51,6.58,1.46,0.000,-14.149,0.968,1,1339,0,0.0,1,0,1,61.0,0.0,105,20,0,165,-22401
63423,219986640,1,0,6,0.0000000,0.0000000,0.000,0.000,0.000,0.000,0.000,0.0530,0.0330,1.0450,-6.83,8.12,1.42,0.000,-2.903,0.842,1,1339,0,0.0,1,0,1,61.0,0.0,105,20,0,-484,29565
63513,219986760,1,0,6,0.0000000,0.0000000,0.000,0.000,0.000,0.000,0.000,-0.3050,-0.0120,1.0800,-6.58,1.05,0.43,0.000,15.770,0.320,1,1339,0,0.0,1,0,1,61.0,0.0,105,20,0,-425,16512
63578,219986800,1,0,6,0.0000000,0.0000000,0.000,0.000,0.000,0.000,0.000,-0.3280,-0.0340,1.0350,-6.19,-3.05,0.38,0.000,17.584,0.159,1,1285,0,0.0,1,0,1,61.0,0.0,106,20,0,-425,16512
63669,219986880,1,0,6,0.0000000,0.0000000,0.000,0.000,0.000,0.000,0.000,-0.2530,-0.0400,1.1310,-5.97,-9.58,0.08,0.000,12.609,-0.158,1,1355,0,0.0,1,0,1,61.0,0.0,106,20,0,-425,16512
63732,219986960,1,0,6,0.0000000,0.0000000,0.000,0.000,0.000,0.000,0.000,0.2710,-0.0230,0.9950,-5.27,-11.64,-0.02,0.000,-15.236,-0.373,1,1355,0,0.0,1,0,1,61.0,0.0,106,20,0,-257,9088
63825,219987040,1,0,6,0.0000000,0.0000000,0.000,0.000,0.000,0.000,0.000,0.5350,-0.0010,0.8270,-4.99,-5.90,0.37,0.000,-32.899,-0.535,1,1355,0,0.0,1,0,1,61.0,0.0,106,21,0,-274,16512
63889,219987120,1,0,6,0.0000000,0.0000000,0.000,0.000,0.000,0.000,0.000,0.4520,0.0190,0.8860,-5.30,6.78,0.93,0.000,-27.029,-0.664,1,1328,0,0.0,1,0,1,61.0,0.0,106,21,0,-274,27775
63979,219987200,1,0,6,0.0000000,0.0000000,0.000,0.000,0.000,0.000,0.000,0.2110,-0.0700,1.0030,-6.13,13.93,0.89,0.000,-11.880,-0.967,1,1277,0,0.0,1,0,1,61.0,0.0,105,21,0,-274,27775
64044,219987280,1,0,6,0.0000000,0.0000000,0.000,0.000,0.000,0.000,0.000,-0.1290,-0.0630,0.9920,-4.36,9.63,-0.50,0.000,7.409,-1.180,1,1277,0,0.0,1,0,1,61.0,0.0,105,22,0,-394,26495
64134,219987360,1,0,6,0.0000000,0.0000000,0.000,0.000,0.000,0.000,0.000,-0.3180,-0.0630,1.0650,-3.68,3.30,-1.04,0.000,16.625,-1.278,1,1265,0,0.0,1,0,1,61.0,0.0,105,22,0,-11,4478
64198,219987440,1,0,6,0.0000000,0.0000000,0.000,0.000,0.000,0.000,0.000,-0.2770,-0.0210,1.0950,-3.59,-0.77,0.14,0.000,14.196,-1.269,1,1324,0,0.0,1,0,1,61.0,0.0,105,22,0,-3,21888
64288,219987480,1,0,6,0.0000000,0.0000000,0.000,0.000,0.000,0.000,0.000,-0.1570,-0.0200,1.0940,-3.63,-3.56,0.34,0.000,8.167,-1.281,1,1285,0,0.0,1,0,1,61.0,0.0,105,22,0,-3,21888
64352,219987560,1,0,6,0.0000000,0.0000000,0.000,0.000,0.000,0.000,0.000,0.1660,-0.0570,0.9010,-3.92,-5.37,0.39,0.000,-10.439,-1.409,1,1285,0,0.0,1,0,1,61.0,0.0,105,22,0,-56,21888
64446,219987680,1,0,6,0.0000000,0.0000000,0.000,0.000,0.000,0.000,0.000,0.1570,-0.0430,1.0110,-2.50,-0.11,0.29,0.000,-8.827,-1.426,1,1296,0,0.0,1,0,1,61.0,0.0,105,23,0,-31,31105
64509,219987720,1,0,6,0.0000000,0.0000000,0.000,0.000,0.000,0.000,0.000,0.1260,-0.0730,0.9960,-2.56,1.26,0.16,0.000,-7.210,-1.457,1,1406,0,0.0,1,0,1,62.0,0.0,105,23,0,-50,31105
64599,219987840,1,0,6,0.0000000,0.0000000,0.000,0.000,0.000,0.000,0.000,0.0170,-0.0570,1.0100,-1.07,2.18,0.37,0.000,-0.964,-1.329,1,1406,0,0.0,1,0,1,62.0,0.0,105,23,0,-50,31105
64664,219987880,1,0,6,0.0000000,0.0000000,0.000,0.000,0.000,0.000,0.000,0.0000,-0.0440,1.0170,-0.58,1.88,0.41,0.000,-0.000,-1.249,1,1328,0,0.0,1,0,1,62.0,0.0,105,23,0,369,18047
64756,219988000,1,0,6,0.0000000,0.0000000,0.000,0.000,0.000,0.000,0.000,0.0020,-0.0290,1.0360,-0.31,1.11,0.38,0.000,-0.111,-1.001,1,1257,0,0.0,1,0,1,62.0,0.0,106,23,0,406,-2689
64821,219988040,1,0,6,0.0000000,0.0000000,0.000,0.000,0.000,0.000,0.000,0.0420,-0.0370,0.9990,-0.59,0.89,0.16,0.000,-2.407,-0.921,1,1257,0,0.0,1,0,1,62.0,0.0,106,23,0,470,-31359
64910,219988160,1,0,6,0.0000000,0.0000000,0.000,0.000,0.000,0.000,0.000,0.0620,-0.0090,0.9990,0.41,1.13,0.45,0.000,-3.551,-0.575,1,1257,0,0.0,1,0,1,62.0,0.0,106,23,0,529,-23679
64975,219988200,1,0,6,0.0000000,0.0000000,0.000,0.000,0.000,0.000,0.000,0.1060,-0.0050,0.9940,-0.12,1.92,0.42,0.000,-6.087,-0.449,1,1304,0,0.0,1,0,1,62.0,0.0,106,23,0,378,9088
65065,219988280,1,0,6,0.0000000,0.0000000,0.000,0.000,0.000,0.000,0.000,0.1500,0.0090,0.9670,-1.13,4.24,0.74,0.000,-8.817,-0.217,1,1414,0,0.0,1,0,1,62.0,0.0,106,23,0,227,895
65134,219988360,1,0,6,0.0000000,0.0000000,0.000,0.000,0.000,0.000,0.000,-0.0560,-0.0200,1.0240,-1.45,4.35,0.75,0.000,3.130,-0.062,1,1414,0,0.0,1,0,1,62.0,0.0,105,23,0,227,895
65226,219988440,1,0,6,0.0000000,0.0000000,0.000,0.000,0.000,0.000,0.000,-0.1890,0.0110,1.0460,-1.45,1.34,0.34,0.000,10.242,0.072,1,1414,0,0.0,1,0,1,62.0,0.0,105,23,0,143,30846
65294,219988520,1,0,6,0.0000000,0.0000000,0.000,0.000,0.000,0.000,0.000,-0.1830,-0.0280,1.0180,-0.39,-4.60,0.27,0.000,10.191,0.197,1,1414,0,0.0,1,0,1,62.0,0.0,105,23,0,143,30846
65386,219988640,1,0,6,0.0000000,0.0000000,0.000,0.000,0.000,0.000,0.000,0.0660,0.0080,1.0520,1.03,-9.64,0.08,0.000,-3.590,0.563,1,1289,0,0.0,1,0,1,62.0,0.0,105,23,0,588,2943
65449,219988680,1,0,6,0.0000000,0.0000000,0.000,0.000,0.000,0.000,0.000,0.2660,0.0540,0.9940,0.67,-8.57,0.10,0.000,-14.982,0.765,1,1289,0,0.0,1,0,1,62.0,0.0,105,23,0,713,26495
65541,219988760,1,0,6,0.0000000,0.0000000,0.000,0.000,0.000,0.000,0.000,0.4770,0.0850,0.8040,-1.38,-1.88,0.49,0.000,-30.680,1.093,1,1289,0,0.0,1,0,1,62.0,0.0,105,24,0,713,26495
65605,219988840,1,0,6,0.0000000,0.0000000,0.000,0.000,0.000,0.000,0.000,0.5710,0.0650,0.9920,-5.04,11.57,1.68,0.000,-29.925,1.275,1,1289,0,0.0,1,0,1,62.0,0.0,105,24,0,713,26495
65696,219988920,1,0,6,0.0000000,0.0000000,0.000,0.000,0.000,0.000,0.000,0.2200,0.0650,1.1150,-7.96,14.72,1.79,0.000,-11.162,1.027,1,1308,0,0.0,1,0,1,62.0,0.0,105,24,0,-464,-16510
65761,219988960,1,0,6,0.0000000,0.0000000,0.000,0.000,0.000,0.000,0.000,-0.0950,0.0040,0.9290,-8.31,9.10,2.10,0.000,5.839,0.811,1,1218,0,0.0,1,0,1,62.0,0.0,105,25,0,-529,14204
65850,219989080,1,0,6,0.0000000,0.0000000,0.000,0.000,0.000,0.000,0.000,-0.5550,-0.1080,1.0830,-5.26,2.96,0.65,0.000,27.134,0.114,1,1273,0,0.0,1,0,1,62.0,0.0,105,25,0,-367,-27520
65913,219989160,1,0,6,0.0000000,0.0000000,0.000,0.000,0.000,0.000,0.000,-0.3380,-0.0610,1.1570,-2.63,-3.17,-0.06,0.000,16.285,-0.034,1,1351,0,0.0,1,0,1,62.0,0.0,105,25,0,-56,27010
66006,219989240,1,0,6,0.0000000,0.0000000,0.000,0.000,0.000,0.000,0.000,0.2360,-0.0550,0.8930,-0.31,-7.12,0.30,0.000,-14.804,0.023,1,1390,0,6.8,1,0,1,62.0,0.0,105,25,68,383,-31871
66072,219989280,1,0,6,0.0000000,0.0000000,0.000,0.000,0.000,0.000,0.000,0.3720,-0.0350,0.8730,1.04,-3.92,0.46,0.000,-23.080,0.142,1,1390,0,6.8,1,0,1,62.0,0.0,105,27,68,383,-31871
66161,219989400,1,0,6,0.0000000,0.0000000,0.000,0.000,0.000,0.000,0.000,0.0400,0.0180,1.0440,2.12,3.66,0.40,0.000,-2.194,0.695,1,1261,0,6.8,1,0,1,62.0,0.0,105,27,68,596,-7040
66224,219989440,1,0,6,0.0000000,0.0000000,0.000,0.000,0.000,0.000,0.000,-0.0390,0.0070,1.0250,1.48,3.77,0.23,0.000,2.179,0.872,1,1285,0,0.0,1,0,1,62.0,0.0,105,27,68,705,894
66317,219989560,1,0,6,0.0000000,0.0000000,0.000,0.000,0.000,0.000,0.000,-0.0080,0.0440,1.0130,0.33,1.04,0.45,0.000,0.452,1.411,1,1226,0,0.0,1,0,1,62.0,0.0,105,27,68,677,30333
66382,219989600,1,0,6,0.0000000,0.0000000,0.000,0.000,0.000,0.000,0.000,0.0600,0.0490,0.9890,-0.64,0.71,0.35,0.000,-3.472,1.540,1,1253,0,0.0,1,0,1,62.0,0.0,105,27,68,453,18559
66474,219989680,1,0,6,0.0000000,0.0000000,0.000,0.000,0.000,0.000,0.000,0.0640,0.0590,0.9880,-2.55,0.81,0.49,0.000,-3.706,1.731,1,1308,0,0.0,1,0,1,62.0,0.0,105,27,68,-294,-21121
66539,219989760,1,0,6,0.0000000,0.0000000,0.000,0.000,0.000,0.000,0.000,0.0380,0.0560,0.9850,-4.49,1.17,0.44,0.000,-2.209,1.698,1,1308,0,0.0,1,0,1,62.0,0.0,105,27,68,-442,-6786
66630,219989840,1,0,6,0.0000000,0.0000000,0.000,0.000,0.000,0.000,0.000,0.0310,0.0240,1.0060,-5.11,1.09,0.55,0.000,-1.765,1.560,1,1304,0,0.0,1,0,1,62.0,0.0,105,27,68,-453,-6786
66695,219989920,1,0,6,0.0000000,0.0000000,0.000,0.000,0.000,0.000,0.000,0.0540,0.0070,0.9750,-5.13,0.98,0.42,0.000,-3.170,1.375,1,1273,0,0.0,1,0,1,62.0,0.0,105,27,68,-308,-6786
66786,219990000,1,0,6,0.0000000,0.0000000,0.000,0.000,0.000,0.000,0.000,0.0280,-0.0190,1.0080,-4.41,0.94,0.42,0.000,-1.591,1.180,1,1308,0,0.0,1,0,1,62.0,0.0,105,27,0,-162,24958
66850,219990080,1,0,6,0.0000000,0.0000000,0.000,0.000,0.000,0.000,0.000,0.0300,-0.0280,1.0120,-3.27,1.06,0.48,0.000,-1.698,1.069,1,1253,0,0.0,1,0,1,62.0,0.0,105,27,0,-162,24958
66943,219990160,1,0,6,0.0000000,0.0000000,0.000,0.000,0.000,0.000,0.000,0.0300,-0.0090,1.0010,-2.62,0.89,0.40,0.000,-1.717,1.049,1,1257,0,0.0,1,0,1,62.0,0.0,105,27,0,-162,24958
67007,219990240,1,0,6,0.0000000,0.0000000,0.000,0.000,0.000,0.000,0.000,0.0380,0.0010,0.9990,-2.34,0.64,0.48,0.000,-2.178,1.071,1,1257,0,0.0,1,0,1,62.0,0.0,104,27,0,115,25213
67099,219990320,1,0,6,0.0000000,0.0000000,0.000,0.000,0.000,0.000,0.000,0.0280,0.0130,1.0000,-2.36,0.31,0.62,0.000,-1.604,1.138,1,1257,0,0.0,1,0,1,62.0,0.0,104,27,0,115,25213
67163,219990400,1,0,6,0.0000000,0.0000000,0.000,0.000,0.000,0.000,0.000,0.0520,0.0100,1.0000,-2.56,0.19,0.34,0.000,-2.977,1.150,1,1226,0,0.0,1,0,1,62.0,0.0,104,27,0,120,-19842
67255,219990480,1,0,6,0.0000000,0.0000000,0.000,0.000,0.000,0.000,0.000,0.0680,-0.0010,0.9800,-2.33,0.29,0.08,0.000,-3.969,1.142,1,1335,0,0.0,1,0,1,62.0,0.0,105,27,0,126,-25727
67318,219990560,1,0,6,0.0000000,0.0000000,0.000,0.000,0.000,0.000,0.000,0.0570,0.0190,0.9650,-1.31,0.69,0.40,0.000,-3.380,1.230,1,1367,0,0.0,1,0,1,62.0,0.0,105,27,0,126,-25727
67409,219990640,1,0,6,0.0000000,0.0000000,0.000,0.000,0.000,0.000,0.000,0.0450,0.0260,0.9910,-1.76,0.87,0.39,0.000,-2.600,1.363,1,1285,0,0.0,1,0,1,62.0,0.0,105,27,0,126,-25727
67471,219990720,1,0,6,0.0000000,0.0000000,0.000,0.000,0.000,0.000,0.000,0.0570,0.0570,0.9750,-2.58,0.68,0.46,0.000,-3.346,1.467,1,1230,0,0.0,1,0,1,62.0,0.0,104,27,0,64,-25727
67563,219990800,1,0,6,0.0000000,0.0000000,0.000,0.000,0.000,0.000,0.000,0.0570,0.0280,0.9780,-3.78,0.64,0.35,0.000,-3.336,1.456,1,1222,0,0.0,1,0,1,62.0,0.0,104,27,0,-143,-25727
67630,219990880,1,0,6,0.0000000,0.0000000,0.000,0.000,0.000,0.000,0.000,0.0470,0.0130,0.9950,-4.06,0.77,0.41,0.000,-2.704,1.373,1,1222,0,0.0,1,0,1,62.0,0.0,104,27,0,-70,2942
67722,219990920,1,0,6,0.0000000,0.0000000,0.000,0.000,0.000,0.000,0.000,0.0530,0.0010,0.9910,-3.92,0.78,0.42,0.000,-3.061,1.318,1,1250,0,0.0,1,0,1,62.0,0.0,104,27,0,6,2942
67784,219991000,1,0,6,0.0000000,0.0000000,0.000,0.000,0.000,0.000,0.000,0.0560,-0.0050,0.9920,-3.60,0.86,0.37,0.000,-3.231,1.231,1,1250,0,0.0,1,0,1,62.0,0.0,104,27,0,-134,25727
67877,219991120,1,0,6,0.0000000,0.0000000,0.000,0.000,0.000,0.000,0.000,0.0230,-0.0010,1.0140,-2.65,0.91,0.45,0.000,-1.299,1.235,1,1250,0,0.0,1,0,1,62.0,0.0,105,27,0,-76,-19328
67941,219991160,1,0,6,0.0000000,0.0000000,0.000,0.000,0.000,0.000,0.000,0.0460,0.0170,0.9850,-2.60,0.82,0.40,0.000,-2.674,1.254,1,1316,0,0.0,1,0,1,62.0,0.0,105,27,0,-76,-19328
68030,219991280,1,0,6,0.0000000,0.0000000,0.000,0.000,0.000,0.000,0.000,0.0550,0.0230,0.9770,-2.47,0.69,0.39,0.000,-3.222,1.305,1,1289,0,0.0,1,0,1,62.0,0.0,105,27,0,81,-19328
68100,219991320,1,0,6,0.0000000,0.0000000,0.000,0.000,0.000,0.000,0.000,0.0650,0.0250,0.9770,-2.46,0.68,0.39,0.000,-3.806,1.337,1,1289,0,0.0,1,0,1,62.0,0.0,105,27,0,137,23423
68190,219991400,1,0,6,0.0000000,0.0000000,0.000,0.000,0.000,0.000,0.000,0.0500,0.0110,0.9940,-2.86,0.76,0.32,0.000,-2.880,1.366,1,1246,0,0.0,1,0,1,62.0,0.0,105,27,0,137,23423
68254,219991480,1,0,6,0.0000000,0.0000000,0.000,0.000,0.000,0.000,0.000,0.0170,0.0240,1.0270,-2.83,0.82,0.51,0.000,-0.948,1.419,1,1269,0,0.0,1,0,1,62.0,0.0,105,27,0,-70,23423
68345,219991560,1,0,6,0.0000000,0.0000000,0.000,0.000,0.000,0.000,0.000,0.0490,0.0120,0.9920,-3.45,0.78,0.35,0.000,-2.828,1.394,1,1269,0,0.0,1,0,1,62.0,0.0,105,27,0,-118,23423
68411,219991640,1,0,6,0.0000000,0.0000000,0.000,0.000,0.000,0.000,0.000,0.0260,0.0060,1.0250,-3.29,0.84,0.51,0.000,-1.453,1.375,1,1222,0,0.0,1,0,1,62.0,0.0,104,27,0,-118,23423
68502,219991720,1,0,6,0.0000000,0.0000000,0.000,0.000,0.000,0.000,0.000,0.0580,0.0170,0.9790,-3.28,0.78,0.40,0.000,-3.390,1.339,1,1332,0,0.0,1,0,1,62.0,0.0,104,27,0,-118,23423
68566,219991800,1,0,6,0.0000000,0.0000000,0.000,0.000,0.000,0.000,0.000,0.0440,-0.0030,0.9990,-3.23,0.82,0.35,0.000,-2.522,1.304,1,1332,0,0.0,1,0,1,62.0,0.0,104,27,0,84,-32128
68657,219991880,1,0,6,0.0000000,0.0000000,0.000,0.000,0.000,0.000,0.000,0.0220,0.0050,1.0210,-2.66,0.90,0.52,0.000,-1.234,1.321,1,1332,0,0.0,1,0,1,62.0,0.0,104,27,0,81,21376
68720,219991960,1,0,6,0.0000000,0.0000000,0.000,0.000,0.000,0.000,0.000,0.0240,0.0070,1.0210,-2.56,0.86,0.51,0.000,-1.347,1.333,1,1285,0,0.0,1,0,1,62.0,0.0,104,27,0,81,21376
68813,219992040,1,0,6,0.0000000,0.0000000,0.000,0.000,0.000,0.000,0.000,0.0210,0.0070,1.0280,-2.66,0.84,0.49,0.000,-1.170,1.377,1,1289,0,0.0,1,0,1,62.0,0.0,105,27,0,81,21376
68875,219992120,1,0,6,0.0000000,0.0000000,0.000,0.000,0.000,0.000,0.000,0.0390,0.0270,0.9990,-2.59,0.83,0.55,0.000,-2.236,1.411,1,1289,0,0.0,1,0,1,62.0,0.0,105,27,0,64,15485
