time_ms,iTOW,connected,hasFix,sats,lat_deg,lon_deg,alt_m,speed_kph,velN_mps,velE_mps,velD_mps,gX,gY,gZ,rollRate_dps,pitchRate_dps,yawRate_dps,yaw_deg,pitch_deg,lean_deg,can_valid,can_rpm,can_gear,can_speed,can_neutral,can_clutch,can_brake_switch,can_coolant_temp,can_throttle_demand_pct,can_throttle_actual_raw,can_rear_motion_raw,can_shift_event_raw,can_att_174_raw,can_att_178_raw,can_att_17c_raw
11047,1280,1,0,0,0.0000000,0.0000000,0.000,0.000,0.000,0.000,0.000,0.0610,-0.0050,0.9990,-3.11,0.82,0.58,0.000,-3.494,5.978,1,230,0,0.0,1,0,1,9.0,0.0,134,0,0,-22,23423
11140,1360,1,0,0,0.0000000,0.0000000,0.000,0.000,0.000,0.000,0.000,0.0590,-0.0060,1.0000,-3.15,0.85,0.60,0.000,-3.377,5.733,1,230,0,0.0,1,0,1,9.0,0.0,134,0,0,-36,28799
11204,1440,1,0,0,0.0000000,0.0000000,0.000,0.000,0.000,0.000,0.000,0.0590,-0.0060,1.0020,-3.16,0.84,0.61,0.000,-3.370,5.495,1,230,0,0.0,1,0,1,9.0,0.0,134,0,0,-36,28799
11291,1520,1,0,0,0.0000000,0.0000000,0.000,0.000,0.000,0.000,0.000,0.0600,-0.0060,0.9980,-3.15,0.83,0.60,0.000,-3.440,5.266,1,230,0,0.0,1,0,1,9.0,0.0,134,0,0,-39,28799
11355,1600,1,0,0,0.0000000,0.0000000,0.000,0.000,0.000,0.000,0.000,0.0560,-0.0050,1.0000,-3.14,0.87,0.59,0.000,-3.205,5.048,1,230,0,0.0,1,0,1,9.0,0.0,134,0,0,-36,21631
11443,1680,1,0,0,0.0000000,0.0000000,0.000,0.000,0.000,0.000,0.000,0.0530,-0.0120,1.0140,-3.12,0.76,0.60,0.000,-2.992,4.832,1,230,0,0.0,1,0,1,9.0,0.0,134,0,0,-28,22143
11504,1760,1,0,0,0.0000000,0.0000000,0.000,0.000,0.000,0.000,0.000,0.0800,0.0150,0.9690,-2.95,0.87,0.62,0.000,-4.720,4.650,1,1449,0,0.0,1,0,1,9.0,0.0,134,0,0,-34,4223
11595,1840,1,0,0,0.0000000,0.0000000,0.000,0.000,0.000,0.000,0.000,0.0650,-0.0030,0.9900,-2.91,0.83,0.62,0.000,-3.756,4.487,1,1449,0,0.0,1,0,1,9.0,0.0,134,0,0,31,26750
11658,1920,1,0,0,0.0000000,0.0000000,0.000,0.000,0.000,0.000,0.000,0.0760,0.0200,0.9730,-2.42,0.74,0.72,0.000,-4.466,4.342,1,1449,0,0.0,1,0,1,9.0,0.0,134,0,0,-31,-5247
11747,2000,1,0,0,0.0000000,0.0000000,0.000,0.000,0.000,0.000,0.000,0.0550,0.0070,0.9810,-2.62,0.90,0.58,0.000,-3.209,4.231,1,2121,0,0.0,1,0,1,9.0,0.0,134,0,0,-31,-5247
11810,2040,1,0,0,0.0000000,0.0000000,0.000,0.000,0.000,0.000,0.000,0.0420,-0.0200,1.0150,-2.38,0.85,0.67,0.000,-2.370,4.156,1,1914,0,0.0,1,0,1,9.0,0.0,134,0,0,104,-5247
11896,2160,1,0,0,0.0000000,0.0000000,0.000,0.000,0.000,0.000,0.000,0.0620,-0.0070,0.9840,-2.59,0.82,0.48,0.000,-3.605,3.931,1,1734,0,0.0,1,0,1,9.0,0.0,133,0,0,104,-5247
12010,2240,1,0,0,0.0000000,0.0000000,0.000,0.000,0.000,0.000,0.000,0.0580,-0.0010,1.0030,-2.46,0.90,0.57,0.000,-3.310,3.773,1,1734,0,0.0,1,0,1,9.0,0.0,134,0,0,104,-5247
12073,2320,1,0,0,0.0000000,0.0000000,0.000,0.000,0.000,0.000,0.000,0.0570,-0.0110,1.0030,-2.80,0.77,0.49,0.000,-3.253,3.685,1,1730,0,0.0,1,0,1,9.0,0.0,134,0,0,-62,-5247
12161,2400,1,0,0,0.0000000,0.0000000,0.000,0.000,0.000,0.000,0.000,0.0540,0.0030,1.0060,-2.60,0.91,0.64,0.000,-3.073,3.552,1,1730,0,0.0,1,0,1,9.0,0.0,133,0,0,115,-5247
12221,2480,1,0,0,0.0000000,0.0000000,0.000,0.000,0.000,0.000,0.000,0.0530,-0.0180,1.0030,-2.94,0.79,0.49,0.000,-3.025,3.438,1,1730,0,0.0,1,0,1,9.0,0.0,133,0,0,36,21121
12313,2520,1,0,0,0.0000000,0.0000000,0.000,0.000,0.000,0.000,0.000,0.0700,0.0150,0.9770,-2.73,0.91,0.59,0.000,-4.098,3.405,1,1730,0,0.0,1,0,1,9.0,0.0,133,0,0,154,-16001
12373,2600,1,0,0,0.0000000,0.0000000,0.000,0.000,0.000,0.000,0.000,0.0600,-0.0060,1.0020,-2.87,0.75,0.56,0.000,-3.427,3.290,1,1730,0,0.0,1,0,1,9.0,0.0,133,0,0,106,17280
12465,2680,1,0,0,0.0000000,0.0000000,0.000,0.000,0.000,0.000,0.000,0.0580,-0.0190,0.9960,-3.17,0.81,0.46,0.000,-3.333,3.123,1,1730,0,0.0,1,0,1,9.0,0.0,133,0,0,11,17280
12527,2760,1,0,0,0.0000000,0.0000000,0.000,0.000,0.000,0.000,0.000,0.0590,0.0030,0.9910,-2.93,0.88,0.60,0.000,-3.407,2.974,1,1730,0,0.0,1,0,1,9.0,0.0,133,0,0,92,25982
12617,2800,1,0,0,0.0000000,0.0000000,0.000,0.000,0.000,0.000,0.000,0.0610,0.0160,0.9940,-2.82,0.93,0.66,0.000,-3.512,2.948,1,1730,0,0.0,1,0,1,9.0,0.0,133,0,0,-6,13181
12680,2920,1,0,0,0.0000000,0.0000000,0.000,0.000,0.000,0.000,0.000,0.0590,-0.0080,0.9970,-3.03,0.90,0.57,0.000,-3.387,2.786,1,1679,0,0.0,1,0,1,9.0,0.0,133,0,0,-6,21376
12794,3040,1,0,0,0.0000000,0.0000000,0.000,0.000,0.000,0.000,0.000,0.0600,-0.0020,1.0100,-2.84,0.85,0.65,0.000,-3.400,2.613,1,1757,0,0.0,1,0,1,9.0,0.0,133,0,0,-6,21376
12882,3120,1,0,0,0.0000000,0.0000000,0.000,0.000,0.000,0.000,0.000,0.0470,0.0080,0.9970,-2.64,0.85,0.67,0.000,-2.699,2.556,1,1757,0,0.0,1,0,1,9.0,0.0,133,0,0,-50,21376
12944,3200,1,0,0,0.0000000,0.0000000,0.000,0.000,0.000,0.000,0.000,0.0530,-0.0090,1.0090,-2.51,0.75,0.59,0.000,-3.007,2.473,1,1757,0,0.0,1,0,1,9.0,0.0,133,0,0,64,29053
13029,3280,1,0,0,0.0000000,0.0000000,0.000,0.000,0.000,0.000,0.000,0.0610,-0.0070,1.0020,-2.51,0.81,0.50,0.000,-3.484,2.415,1,1757,0,0.0,1,0,1,9.0,0.0,133,0,0,-56,-22656
13144,3360,1,0,0,0.0000000,0.0000000,0.000,0.000,0.000,0.000,0.000,0.0750,0.0090,0.9960,-2.69,0.93,0.61,0.000,-4.306,2.366,1,1773,0,0.0,1,0,1,9.0,0.0,133,0,0,-20,10113
13206,3440,1,0,0,0.0000000,0.0000000,0.000,0.000,0.000,0.000,0.000,0.0880,0.0020,1.0000,-3.11,1.03,0.64,0.000,-5.029,2.292,1,1796,0,0.0,1,0,1,9.0,0.0,133,0,0,92,30078
13293,3520,1,0,0,0.0000000,0.0000000,0.000,0.000,0.000,0.000,0.000,0.0830,0.0100,1.0080,-3.36,1.16,0.75,0.000,-4.707,2.208,1,1812,0,0.0,1,0,1,9.0,0.0,133,0,0,-137,-23170
13357,3600,1,0,0,0.0000000,0.0000000,0.000,0.000,0.000,0.000,0.000,0.0780,-0.0210,1.0130,-3.79,0.82,0.70,0.000,-4.403,2.055,1,1804,0,0.0,1,0,1,9.0,0.0,133,0,0,-109,8061
13448,3720,1,0,0,0.0000000,0.0000000,0.000,0.000,0.000,0.000,0.000,0.0560,-0.0140,0.9980,-3.39,0.72,0.74,0.000,-3.212,1.883,1,1769,0,0.0,1,0,1,9.0,0.0,133,0,0,-179,-5760
13561,3800,1,0,0,0.0000000,0.0000000,0.000,0.000,0.000,0.000,0.000,0.0440,-0.0250,1.0060,-3.06,0.75,0.71,0.000,-2.504,1.773,1,1839,0,0.0,1,0,1,9.0,0.0,133,0,0,-112,30337
13627,3880,1,0,0,0.0000000,0.0000000,0.000,0.000,0.000,0.000,0.000,0.0440,-0.0030,1.0000,-2.59,0.89,0.74,0.000,-2.519,1.728,1,1839,0,0.0,1,0,1,9.0,0.0,133,0,0,-6,-23170
13717,3960,1,0,0,0.0000000,0.0000000,0.000,0.000,0.000,0.000,0.000,0.0490,0.0000,0.9970,-2.05,0.81,0.74,0.000,-2.814,1.728,1,1808,0,0.0,1,0,1,9.0,0.0,133,0,0,31,-27007
13779,4040,1,0,0,0.0000000,0.0000000,0.000,0.000,0.000,0.000,0.000,0.0450,-0.0070,0.9960,-1.69,0.89,0.65,0.000,-2.587,1.709,1,1792,0,0.0,1,0,1,9.0,0.0,133,0,0,350,20096
13870,4120,1,0,0,0.0000000,0.0000000,0.000,0.000,0.000,0.000,0.000,0.0400,-0.0090,0.9950,-1.11,1.07,0.63,0.000,-2.302,1.774,1,1792,0,0.0,1,0,1,9.0,0.0,133,0,0,350,20096
13934,4160,1,0,0,0.0000000,0.0000000,0.000,0.000,0.000,0.000,0.000,0.0490,-0.0030,0.9920,-1.01,1.06,0.60,0.000,-2.828,1.821,1,1792,0,0.0,1,0,1,9.0,0.0,133,0,0,420,-10624
14021,4280,1,0,0,0.0000000,0.0000000,0.000,0.000,0.000,0.000,0.000,0.0420,0.0560,0.9880,-1.91,1.09,1.04,0.000,-2.434,2.029,1,1792,0,0.0,1,0,1,9.0,0.0,133,1,0,243,29052
14085,4320,1,0,0,0.0000000,0.0000000,0.000,0.000,0.000,0.000,0.000,0.0360,0.0730,1.0020,-3.38,1.19,1.19,0.000,-2.058,2.064,1,1792,0,0.0,1,0,1,9.0,0.0,133,1,0,115,-901
14172,4440,1,0,0,0.0000000,0.0000000,0.000,0.000,0.000,0.000,0.000,0.0370,0.0390,1.0280,-7.25,1.08,0.61,0.000,-2.061,1.706,1,1792,0,0.0,1,0,1,9.0,0.0,133,1,0,-725,12926
14235,4480,1,0,0,0.0000000,0.0000000,0.000,0.000,0.000,0.000,0.000,0.0470,-0.0130,1.0050,-7.90,0.77,0.32,0.000,-2.678,1.473,1,1777,0,0.0,1,0,1,9.0,0.0,133,1,0,-951,27007
14325,4560,1,0,0,0.0000000,0.0000000,0.000,0.000,0.000,0.000,0.000,0.0440,-0.0730,1.0060,-6.78,0.73,0.23,0.000,-2.504,0.984,1,1777,0,0.0,1,0,1,9.0,0.0,133,1,0,-361,1668
14389,4640,1,0,0,0.0000000,0.0000000,0.000,0.000,0.000,0.000,0.000,0.0460,-0.0570,1.0100,-3.99,0.79,0.51,0.000,-2.608,0.673,1,1828,0,0.0,1,0,1,9.0,0.0,133,1,0,241,-22912
14480,4720,1,0,0,0.0000000,0.0000000,0.000,0.000,0.000,0.000,0.000,0.0620,-0.0650,1.0060,-1.66,0.41,0.60,0.000,-3.527,0.546,1,1828,0,0.0,1,0,1,9.0,0.0,134,1,0,241,-22912
14543,4760,1,0,0,0.0000000,0.0000000,0.000,0.000,0.000,0.000,0.000,0.0710,-0.0580,1.0030,-0.99,0.12,0.58,0.000,-4.049,0.555,1,1828,0,0.0,1,0,1,9.0,0.0,134,1,0,445,-386
14631,4880,1,0,0,0.0000000,0.0000000,0.000,0.000,0.000,0.000,0.000,0.0800,-0.0080,0.9900,-0.97,0.52,0.55,0.000,-4.620,0.818,1,1828,0,0.0,1,0,1,9.0,0.0,134,1,0,243,-27776
14692,4920,1,0,0,0.0000000,0.0000000,0.000,0.000,0.000,0.000,0.000,0.0730,-0.0140,1.0110,-1.75,0.63,0.46,0.000,-4.130,0.843,1,1871,0,0.0,1,0,1,9.0,0.0,134,1,0,84,22910
14781,4960,1,0,0,0.0000000,0.0000000,0.000,0.000,0.000,0.000,0.000,0.0740,0.0080,0.9940,-2.18,0.71,0.53,0.000,-4.258,0.875,1,1871,0,0.0,1,0,1,9.0,0.0,134,1,0,84,22910
14842,5080,1,0,0,0.0000000,0.0000000,0.000,0.000,0.000,0.000,0.000,0.0690,-0.0060,1.0000,-2.88,0.75,0.61,0.000,-3.947,0.872,1,1847,0,0.0,1,0,1,9.0,0.0,134,1,0,-22,-28798
14932,5160,1,0,0,0.0000000,0.0000000,0.000,0.000,0.000,0.000,0.000,0.0610,0.0150,0.9930,-2.99,0.91,0.70,0.000,-3.515,0.819,1,1820,0,0.0,1,0,1,9.0,0.0,134,1,0,62,-4482
14994,5240,1,0,0,0.0000000,0.0000000,0.000,0.000,0.000,0.000,0.000,0.0670,-0.0350,1.0020,-3.41,0.73,0.55,0.000,-3.825,0.730,1,1867,0,0.0,1,0,1,9.0,0.0,134,1,0,76,-14209
15083,5320,1,0,0,0.0000000,0.0000000,0.000,0.000,0.000,0.000,0.000,0.0630,0.0070,0.9920,-3.08,0.83,0.69,0.000,-3.634,0.740,1,1816,0,0.0,1,0,1,9.0,0.0,134,1,0,-126,-14209
15146,5400,1,0,0,0.0000000,0.0000000,0.000,0.000,0.000,0.000,0.000,0.0490,-0.0290,1.0110,-3.57,0.67,0.55,0.000,-2.775,0.672,1,1820,0,0.0,1,0,1,9.0,0.0,134,1,0,-112,-23682
15236,5480,1,0,0,0.0000000,0.0000000,0.000,0.000,0.000,0.000,0.000,0.0460,-0.0030,0.9980,-3.65,0.92,0.62,0.000,-2.639,0.613,1,1820,0,0.0,1,0,1,9.0,0.0,134,1,0,-145,23937
15299,5560,1,0,0,0.0000000,0.0000000,0.000,0.000,0.000,0.000,0.000,0.0590,-0.0270,0.9980,-4.08,0.78,0.55,0.000,-3.383,0.511,1,1835,0,0.0,1,0,1,9.0,0.0,134,1,0,-25,22143
15387,5640,1,0,0,0.0000000,0.0000000,0.000,0.000,0.000,0.000,0.000,0.0500,-0.0070,1.0030,-3.74,0.99,0.67,0.000,-2.854,0.413,1,1835,0,0.0,1,0,1,9.0,0.0,134,1,0,-25,22143
15450,5680,1,0,0,0.0000000,0.0000000,0.000,0.000,0.000,0.000,0.000,0.0610,-0.0430,1.0100,-3.90,0.79,0.54,0.000,-3.456,0.329,1,1789,0,0.0,1,0,1,9.0,0.0,134,1,0,-6,3199
15539,5800,1,0,0,0.0000000,0.0000000,0.000,0.000,0.000,0.000,0.000,0.0480,0.0060,0.9830,-2.82,1.02,0.69,0.000,-2.796,0.224,1,1875,0,0.0,1,0,1,9.0,0.0,134,1,0,-6,3199
15600,5840,1,0,0,0.0000000,0.0000000,0.000,0.000,0.000,0.000,0.000,0.0610,-0.0410,1.0020,-3.06,0.77,0.55,0.000,-3.484,0.178,1,1929,0,0.0,1,0,1,9.0,0.0,134,1,0,-76,32382
15690,5920,1,0,0,0.0000000,0.0000000,0.000,0.000,0.000,0.000,0.000,0.0710,-0.0130,0.9990,-2.58,0.73,0.62,0.000,-4.065,0.188,1,1835,0,0.0,1,0,1,9.0,0.0,134,1,0,70,32382
15751,6000,1,0,0,0.0000000,0.0000000,0.000,0.000,0.000,0.000,0.000,0.0680,-0.0410,1.0170,-2.63,0.69,0.55,0.000,-3.825,0.166,1,1890,0,0.0,1,0,1,9.0,0.0,134,1,0,39,-8574
15841,6080,1,0,0,0.0000000,0.0000000,0.000,0.000,0.000,0.000,0.000,0.0480,-0.0210,1.0010,-2.69,0.92,0.53,0.000,-2.745,0.190,1,1855,0,0.0,1,0,1,9.0,0.0,134,1,0,140,-8574
15904,6160,1,0,0,0.0000000,0.0000000,0.000,0.000,0.000,0.000,0.000,0.0640,-0.0400,1.0100,-2.97,0.70,0.52,0.000,-3.626,0.147,1,1878,0,0.0,1,0,1,9.0,0.0,134,1,0,157,-8574
15994,6240,1,0,0,0.0000000,0.0000000,0.000,0.000,0.000,0.000,0.000,0.0650,-0.0150,0.9900,-3.01,0.94,0.52,0.000,-3.756,0.163,1,1808,0,0.0,1,0,1,9.0,0.0,133,1,0,-106,12927
16055,6280,1,0,0,0.0000000,0.0000000,0.000,0.000,0.000,0.000,0.000,0.0660,-0.0310,1.0070,-3.12,0.81,0.55,0.000,-3.750,0.128,1,1808,0,0.0,1,0,1,9.0,0.0,133,1,0,-84,20094
16147,219735760,1,0,0,0.0000000,0.0000000,0.000,0.000,0.000,0.000,0.000,0.0700,-0.0340,1.0010,-3.37,0.89,0.49,0.000,-4.000,0.038,1,1812,0,0.0,1,0,1,9.0,0.0,133,1,0,-131,21377
16207,219735840,1,0,0,0.0000000,0.0000000,0.000,0.000,0.000,0.000,0.000,0.0650,-0.0240,1.0050,-3.35,0.78,0.58,0.000,-3.701,-0.017,1,1816,0,0.0,1,0,1,9.0,0.0,133,1,0,-131,21377
16301,219735920,1,0,0,0.0000000,0.0000000,0.000,0.000,0.000,0.000,0.000,0.0570,-0.0210,0.9870,-3.42,0.96,0.54,0.000,-3.305,-0.042,1,1816,0,0.0,1,0,1,9.0,0.0,133,1,0,70,22911
16366,219736000,1,0,0,0.0000000,0.0000000,0.000,0.000,0.000,0.000,0.000,0.0440,0.0020,0.9990,-3.02,0.92,0.70,0.000,-2.522,-0.047,1,1902,0,0.0,1,0,1,9.0,0.0,133,1,0,62,27518
16455,219736080,1,0,0,0.0000000,0.0000000,0.000,0.000,0.000,0.000,0.000,0.0510,-0.0210,0.9920,-3.14,0.96,0.53,0.000,-2.943,-0.059,1,1902,0,0.0,1,0,1,9.0,0.0,133,1,0,-145,-23424
16517,219736160,1,0,0,0.0000000,0.0000000,0.000,0.000,0.000,0.000,0.000,0.0430,-0.0030,0.9970,-2.75,0.93,0.66,0.000,-2.470,-0.094,1,1878,0,0.0,1,0,1,9.0,0.0,133,1,0,-118,-9857
16605,219736240,1,0,0,0.0000000,0.0000000,0.000,0.000,0.000,0.000,0.000,0.0560,-0.0110,0.9900,-2.78,0.94,0.60,0.000,-3.238,-0.116,1,1878,0,0.0,1,0,1,9.0,0.0,133,1,0,53,-22398
16669,219736280,1,0,0,0.0000000,0.0000000,0.000,0.000,0.000,0.000,0.000,0.0730,-0.0350,0.9960,-2.94,0.64,0.52,0.000,-4.192,-0.144,1,1878,0,0.0,1,0,1,9.0,0.0,134,1,0,126,-19585
16757,219736400,1,0,0,0.0000000,0.0000000,0.000,0.000,0.000,0.000,0.000,0.0600,-0.0440,1.0120,-2.96,0.72,0.50,0.000,-3.393,-0.151,1,1792,0,0.0,1,0,1,9.0,0.0,134,1,0,126,-19585
16820,219736440,1,0,0,0.0000000,0.0000000,0.000,0.000,0.000,0.000,0.000,0.0610,-0.0340,1.0030,-2.94,0.77,0.49,0.000,-3.480,-0.177,1,1792,0,0.0,1,0,1,9.0,0.0,134,1,0,126,-19585
16908,219736560,1,0,0,0.0000000,0.0000000,0.000,0.000,0.000,0.000,0.000,0.0530,-0.0270,1.0050,-2.88,0.83,0.56,0.000,-3.019,-0.161,1,1789,0,0.0,1,0,1,9.0,0.0,133,1,0,126,-19585
16969,219736600,1,0,0,0.0000000,0.0000000,0.000,0.000,0.000,0.000,0.000,0.0760,-0.0180,0.9990,-2.85,0.67,0.59,0.000,-4.350,-0.165,1,1902,0,0.0,1,0,1,9.0,0.0,133,1,0,126,-19585
17060,219736680,1,0,0,0.0000000,0.0000000,0.000,0.000,0.000,0.000,0.000,0.0480,0.0000,0.9980,-2.70,0.95,0.67,0.000,-2.754,-0.167,1,1851,0,0.0,1,0,1,9.0,0.0,133,1,0,126,-19585
17122,219736720,1,0,0,0.0000000,0.0000000,0.000,0.000,0.000,0.000,0.000,0.0500,-0.0300,1.0010,-2.96,0.88,0.55,0.000,-2.860,-0.188,1,1839,0,0.0,1,0,1,9.0,0.0,133,1,0,-17,-19585
17213,219736840,1,0,0,0.0000000,0.0000000,0.000,0.000,0.000,0.000,0.000,0.0450,0.0000,0.9960,-2.69,0.97,0.64,0.000,-2.587,-0.151,1,1867,0,0.0,1,0,1,9.0,0.0,133,1,0,-17,-19585
17277,219736920,1,0,0,0.0000000,0.0000000,0.000,0.000,0.000,0.000,0.000,0.0740,-0.0260,1.0080,-2.85,0.65,0.55,0.000,-4.199,-0.183,1,1867,0,0.0,1,0,1,9.0,0.0,134,1,0,148,-17793
17366,219737000,1,0,0,0.0000000,0.0000000,0.000,0.000,0.000,0.000,0.000,0.0580,-0.0340,0.9980,-2.93,0.84,0.48,0.000,-3.326,-0.232,1,1867,0,0.0,1,0,1,9.0,0.0,134,1,0,-28,11391
17429,219737080,1,0,0,0.0000000,0.0000000,0.000,0.000,0.000,0.000,0.000,0.0690,-0.0210,1.0060,-2.79,0.65,0.62,0.000,-3.924,-0.255,1,1894,0,0.0,1,0,1,9.0,0.0,134,1,0,-28,-13182
17520,219737160,1,0,0,0.0000000,0.0000000,0.000,0.000,0.000,0.000,0.000,0.0590,-0.0260,0.9910,-2.99,0.90,0.52,0.000,-3.407,-0.234,1,1855,0,0.0,1,0,1,9.0,0.0,134,1,0,-28,-13182
17583,219737200,1,0,0,0.0000000,0.0000000,0.000,0.000,0.000,0.000,0.000,0.0740,-0.0210,0.9980,-2.87,0.65,0.58,0.000,-4.241,-0.241,1,1808,0,0.0,1,0,1,9.0,0.0,134,1,0,87,-13182
17672,219737320,1,0,0,0.0000000,0.0000000,0.000,0.000,0.000,0.000,0.000,0.0450,-0.0180,0.9980,-3.00,0.89,0.53,0.000,-2.582,-0.234,1,1812,0,0.0,1,0,1,9.0,0.0,133,1,0,87,-13182
17734,219737360,1,0,0,0.0000000,0.0000000,0.000,0.000,0.000,0.000,0.000,0.0650,-0.0300,0.9990,-3.10,0.65,0.57,0.000,-3.723,-0.260,1,1812,0,0.0,1,0,1,9.0,0.0,133,1,0,87,-386
17825,219737440,1,0,0,0.0000000,0.0000000,0.000,0.000,0.000,0.000,0.000,0.0510,0.0020,1.0090,-2.81,0.85,0.69,0.000,-2.894,-0.199,1,1812,0,0.0,1,0,1,9.0,0.0,133,1,0,-137,-6272
17889,219737520,1,0,0,0.0000000,0.0000000,0.000,0.000,0.000,0.000,0.000,0.0660,-0.0320,1.0110,-3.07,0.65,0.57,0.000,-3.735,-0.243,1,1812,0,0.0,1,0,1,9.0,0.0,133,1,0,62,2175
17978,219737600,1,0,0,0.0000000,0.0000000,0.000,0.000,0.000,0.000,0.000,0.0420,-0.0260,1.0100,-2.97,0.89,0.59,0.000,-2.381,-0.237,1,1812,0,0.0,1,0,1,9.0,0.0,133,1,0,62,20353
18041,219737680,1,0,0,0.0000000,0.0000000,0.000,0.000,0.000,0.000,0.000,0.0730,-0.0370,1.0090,-3.03,0.60,0.56,0.000,-4.138,-0.282,1,1875,0,0.0,1,0,1,9.0,0.0,133,1,0,109,20353
18129,219737760,1,0,0,0.0000000,0.0000000,0.000,0.000,0.000,0.000,0.000,0.0560,-0.0370,1.0110,-3.00,0.84,0.52,0.000,-3.170,-0.285,1,1875,0,0.0,1,0,1,9.0,0.0,133,1,0,-17,20353
18191,219737800,1,0,0,0.0000000,0.0000000,0.000,0.000,0.000,0.000,0.000,0.0740,-0.0010,0.9960,-2.79,0.69,0.63,0.000,-4.249,-0.264,1,1875,0,0.0,1,0,1,9.0,0.0,133,1,0,34,20353
18277,219737920,1,0,0,0.0000000,0.0000000,0.000,0.000,0.000,0.000,0.000,0.0710,-0.0290,1.0020,-3.25,0.74,0.50,0.000,-4.053,-0.279,1,1707,0,0.0,1,0,1,9.0,0.0,133,1,0,34,20353
18339,219738000,1,0,0,0.0000000,0.0000000,0.000,0.000,0.000,0.000,0.000,0.0490,-0.0020,1.0010,-3.10,0.90,0.63,0.000,-2.802,-0.283,1,1707,0,0.0,1,0,1,9.0,0.0,133,1,0,-134,-20607
18431,219738040,1,0,0,0.0000000,0.0000000,0.000,0.000,0.000,0.000,0.000,0.0470,-0.0050,1.0140,-2.98,0.88,0.69,0.000,-2.654,-0.275,1,1832,0,0.0,1,0,1,9.0,0.0,133,1,0,-134,-20607
18492,219738120,1,0,0,0.0000000,0.0000000,0.000,0.000,0.000,0.000,0.000,0.0680,-0.0420,1.0090,-3.29,0.65,0.54,0.000,-3.856,-0.356,1,1898,0,0.0,1,0,1,9.0,0.0,133,1,0,-134,-20607
18582,219738240,1,0,0,0.0000000,0.0000000,0.000,0.000,0.000,0.000,0.000,0.0500,-0.0130,0.9960,-2.85,0.95,0.58,0.000,-2.874,-0.349,1,1753,0,0.0,1,0,1,9.0,0.0,133,1,0,-134,-20607
18646,219738280,1,0,0,0.0000000,0.0000000,0.000,0.000,0.000,0.000,0.000,0.0680,-0.0460,1.0020,-3.06,0.67,0.49,0.000,-3.882,-0.389,1,1753,0,0.0,1,0,1,9.0,0.0,133,1,0,95,5246
18734,219738360,1,0,0,0.0000000,0.0000000,0.000,0.000,0.000,0.000,0.000,0.0570,-0.0150,0.9880,-2.88,0.98,0.51,0.000,-3.302,-0.356,1,1753,0,0.0,1,0,1,9.0,0.0,133,1,0,-101,7296
18798,219738440,1,0,0,0.0000000,0.0000000,0.000,0.000,0.000,0.000,0.000,0.0540,-0.0390,1.0200,-2.93,0.78,0.56,0.000,-3.030,-0.410,1,1753,0,0.0,1,0,1,9.0,0.0,133,1,0,50,-13182
18887,219738520,1,0,0,0.0000000,0.0000000,0.000,0.000,0.000,0.000,0.000,0.0590,-0.0070,0.9910,-2.76,0.98,0.60,0.000,-3.407,-0.376,1,1863,0,0.0,1,0,1,9.0,0.0,133,1,0,50,-13182
18951,219738560,1,0,0,0.0000000,0.0000000,0.000,0.000,0.000,0.000,0.000,0.0720,-0.0390,1.0010,-2.94,0.69,0.51,0.000,-4.114,-0.403,1,1878,0,0.0,1,0,1,9.0,0.0,133,1,0,115,18046
19040,219738640,1,0,0,0.0000000,0.0000000,0.000,0.000,0.000,0.000,0.000,0.0710,-0.0130,0.9950,-2.65,0.69,0.62,0.000,-4.082,-0.368,1,1789,0,0.0,1,0,1,9.0,0.0,133,1,0,115,18046
19102,219738720,1,0,0,0.0000000,0.0000000,0.000,0.000,0.000,0.000,0.000,0.0630,-0.0370,1.0030,-2.76,0.77,0.49,0.000,-3.594,-0.367,1,1789,0,0.0,1,0,1,9.0,0.0,133,1,0,104,-8834
19196,219738840,1,0,0,0.0000000,0.0000000,0.000,0.000,0.000,0.000,0.000,0.0510,0.0060,0.9940,-2.14,0.92,0.63,0.000,-2.937,-0.252,1,1789,0,0.0,1,0,1,9.0,0.0,133,1,0,-22,-31360
19264,219738880,1,0,0,0.0000000,0.0000000,0.000,0.000,0.000,0.000,0.000,0.0640,-0.0250,0.9940,-2.49,0.80,0.50,0.000,-3.684,-0.248,1,1781,0,0.0,1,0,1,9.0,0.0,133,1,0,-22,-31360
19352,219739000,1,0,0,0.0000000,0.0000000,0.000,0.000,0.000,0.000,0.000,0.0470,-0.0260,1.0170,-2.78,0.82,0.54,0.000,-2.646,-0.247,1,1781,0,0.0,1,0,1,9.0,0.0,134,1,0,-22,-31360
19415,219739040,1,0,0,0.0000000,0.0000000,0.000,0.000,0.000,0.000,0.000,0.0590,-0.0170,0.9960,-2.95,0.86,0.51,0.000,-3.390,-0.252,1,1781,0,0.0,1,0,1,9.0,0.0,134,1,0,106,2176
19502,219739160,1,0,0,0.0000000,0.0000000,0.000,0.000,0.000,0.000,0.000,0.0550,-0.0160,0.9940,-3.01,0.91,0.56,0.000,-3.167,-0.275,1,1769,0,0.0,1,0,1,9.0,0.0,134,1,0,31,-10370
19566,219739200,1,0,0,0.0000000,0.0000000,0.000,0.000,0.000,0.000,0.000,0.0690,-0.0230,0.9990,-3.06,0.65,0.56,0.000,-3.951,-0.291,1,1769,0,0.0,1,0,1,9.0,0.0,134,1,0,31,28797
19654,219739280,1,0,0,0.0000000,0.0000000,0.000,0.000,0.000,0.000,0.000,0.0600,0.0140,0.9770,-2.50,0.90,0.65,0.000,-3.514,-0.274,1,1769,0,0.0,1,0,1,9.0,0.0,134,1,0,-62,-20094
19719,219739320,1,0,0,0.0000000,0.0000000,0.000,0.000,0.000,0.000,0.000,0.0450,-0.0380,1.0100,-2.77,0.91,0.53,0.000,-2.551,-0.295,1,1839,0,0.0,1,0,1,9.0,0.0,134,1,0,154,-12672
19807,219739440,1,0,0,0.0000000,0.0000000,0.000,0.000,0.000,0.000,0.000,0.0590,-0.0380,1.0130,-2.85,0.78,0.53,0.000,-3.333,-0.268,1,1820,0,0.0,1,0,1,9.0,0.0,134,1,0,154,-12672
19870,219739520,1,0,0,0.0000000,0.0000000,0.000,0.000,0.000,0.000,0.000,0.0720,-0.0160,1.0020,-3.02,0.65,0.58,0.000,-4.110,-0.280,1,1839,0,0.0,1,0,1,9.0,0.0,133,1,0,-28,15997
19958,219739600,1,0,0,0.0000000,0.0000000,0.000,0.000,0.000,0.000,0.000,0.0590,-0.0240,0.9950,-3.36,0.82,0.51,0.000,-3.393,-0.270,1,1789,0,0.0,1,0,1,9.0,0.0,133,1,0,-28,15997
20020,219739680,1,0,0,0.0000000,0.0000000,0.000,0.000,0.000,0.000,0.000,0.0670,-0.0390,1.0050,-3.46,0.67,0.54,0.000,-3.814,-0.340,1,1781,0,0.0,1,0,1,9.0,0.0,133,1,0,-118,-9858
20111,219739760,1,0,0,0.0000000,0.0000000,0.000,0.000,0.000,0.000,0.000,0.0590,-0.0200,0.9900,-3.31,0.91,0.52,0.000,-3.411,-0.344,1,1781,0,0.0,1,0,1,9.0,0.0,133,1,0,-118,-9858
20175,219739800,1,0,0,0.0000000,0.0000000,0.000,0.000,0.000,0.000,0.000,0.0610,-0.0350,1.0050,-3.15,0.69,0.55,0.000,-3.473,-0.375,1,1781,0,0.0,1,0,1,9.0,0.0,133,1,0,-95,-9858
20261,219739880,1,0,0,0.0000000,0.0000000,0.000,0.000,0.000,0.000,0.000,0.0600,-0.0020,1.0050,-2.70,0.83,0.65,0.000,-3.417,-0.326,1,1781,0,0.0,1,0,1,9.0,0.0,133,1,0,129,-24704
20325,219739960,1,0,0,0.0000000,0.0000000,0.000,0.000,0.000,0.000,0.000,0.0520,0.0000,0.9960,-2.63,0.98,0.64,0.000,-2.989,-0.290,1,1847,0,0.0,1,0,1,9.0,0.0,133,1,0,137,13440
20413,219740040,1,0,0,0.0000000,0.0000000,0.000,0.000,0.000,0.000,0.000,0.0430,-0.0060,0.9920,-2.72,0.95,0.59,0.000,-2.482,-0.253,1,1847,0,0.0,1,0,1,9.0,0.0,133,1,0,-28,-16002
20477,219740080,1,0,0,0.0000000,0.0000000,0.000,0.000,0.000,0.000,0.000,0.0510,-0.0040,0.9990,-2.72,0.92,0.61,0.000,-2.922,-0.234,1,1847,0,0.0,1,0,1,9.0,0.0,133,1,0,62,-28802
20567,219740200,1,0,0,0.0000000,0.0000000,0.000,0.000,0.000,0.000,0.000,0.0440,0.0090,0.9910,-2.66,1.03,0.66,0.000,-2.542,-0.231,1,1847,0,0.0,1,0,1,9.0,0.0,133,1,0,-98,30592
20630,219740280,1,0,0,0.0000000,0.0000000,0.000,0.000,0.000,0.000,0.000,0.0470,-0.0270,1.0010,-3.15,0.91,0.51,0.000,-2.688,-0.222,1,1847,0,0.0,1,0,1,9.0,0.0,133,1,0,90,-23423
20718,219740360,1,0,0,0.0000000,0.0000000,0.000,0.000,0.000,0.000,0.000,0.0440,0.0050,0.9960,-2.82,1.01,0.67,0.000,-2.529,-0.212,1,1847,0,0.0,1,0,1,9.0,0.0,133,1,0,90,-23423
20781,219740400,1,0,0,0.0000000,0.0000000,0.000,0.000,0.000,0.000,0.000,0.0610,-0.0260,0.9970,-3.14,0.82,0.51,0.000,-3.501,-0.236,1,1847,0,0.0,1,0,1,9.0,0.0,133,1,0,104,-16256
20870,219740520,1,0,0,0.0000000,0.0000000,0.000,0.000,0.000,0.000,0.000,0.0510,0.0020,0.9960,-2.75,0.92,0.65,0.000,-2.931,-0.237,1,1847,0,0.0,1,0,1,9.0,0.0,133,1,0,104,-16256
20931,219740560,1,0,0,0.0000000,0.0000000,0.000,0.000,0.000,0.000,0.000,0.0600,-0.0160,0.9950,-3.01,0.86,0.55,0.000,-3.451,-0.243,1,1863,0,0.0,1,0,1,9.0,0.0,133,1,0,-6,23677
21022,219740640,1,0,0,0.0000000,0.0000000,0.000,0.000,0.000,0.000,0.000,0.0570,0.0000,0.9990,-2.84,0.86,0.63,0.000,-3.266,-0.261,1,1863,0,0.0,1,0,1,9.0,0.0,133,1,0,-84,16513
21084,219740720,1,0,0,0.0000000,0.0000000,0.000,0.000,0.000,0.000,0.000,0.0460,0.0010,0.9950,-2.74,0.92,0.65,0.000,-2.647,-0.252,1,1839,0,0.0,1,0,1,9.0,0.0,133,1,0,-123,12928
21174,219740800,1,0,0,0.0000000,0.0000000,0.000,0.000,0.000,0.000,0.000,0.0690,-0.0080,1.0000,-2.89,0.73,0.62,0.000,-3.947,-0.278,1,1839,0,0.0,1,0,1,9.0,0.0,133,1,0,-123,12928
21236,219740880,1,0,0,0.0000000,0.0000000,0.000,0.000,0.000,0.000,0.000,0.0440,0.0020,1.0000,-2.79,1.01,0.65,0.000,-2.519,-0.215,1,1816,0,0.0,1,0,1,9.0,0.0,133,1,0,59,21121
21325,219740960,1,0,0,0.0000000,0.0000000,0.000,0.000,0.000,0.000,0.000,0.0560,-0.0150,0.9950,-2.96,0.89,0.54,0.000,-3.221,-0.242,1,1824,0,0.0,1,0,1,9.0,0.0,133,1,0,92,-642
21385,219741040,1,0,0,0.0000000,0.0000000,0.000,0.000,0.000,0.000,0.000,0.0660,-0.0170,0.9910,-3.00,0.83,0.53,0.000,-3.810,-0.216,1,1824,0,0.0,1,0,1,9.0,0.0,133,1,0,92,-642
21477,219741120,1,0,0,0.0000000,0.0000000,0.000,0.000,0.000,0.000,0.000,0.0610,-0.0360,1.0030,-3.12,0.73,0.52,0.000,-3.480,-0.244,1,1839,0,0.0,1,0,1,9.0,0.0,133,1,0,-126,-29312
21540,219741160,1,0,0,0.0000000,0.0000000,0.000,0.000,0.000,0.000,0.000,0.0640,0.0050,0.9960,-2.76,0.85,0.65,0.000,-3.677,-0.216,1,1839,0,0.0,1,0,1,9.0,0.0,133,1,0,-106,-12926
21626,219741280,1,0,0,0.0000000,0.0000000,0.000,0.000,0.000,0.000,0.000,0.0660,-0.0440,1.0060,-3.07,0.74,0.47,0.000,-3.754,-0.291,1,1863,0,0.0,1,0,1,9.0,0.0,133,1,0,126,-12926
21691,219741320,1,0,0,0.0000000,0.0000000,0.000,0.000,0.000,0.000,0.000,0.0720,0.0030,0.9920,-2.61,0.77,0.66,0.000,-4.151,-0.259,1,1843,0,0.0,1,0,1,9.0,0.0,133,1,0,109,22145
21779,219741400,1,0,0,0.0000000,0.0000000,0.000,0.000,0.000,0.000,0.000,0.0760,-0.0500,1.0100,-2.97,0.66,0.49,0.000,-4.303,-0.281,1,1839,0,0.0,1,0,1,9.0,0.0,133,1,0,31,-32642
21842,219741480,1,0,0,0.0000000,0.0000000,0.000,0.000,0.000,0.000,0.000,0.0660,0.0030,1.0000,-2.50,0.80,0.67,0.000,-3.776,-0.209,1,1878,0,0.0,1,0,1,9.0,0.0,133,1,0,76,-13186
21930,219741560,1,0,0,0.0000000,0.0000000,0.000,0.000,0.000,0.000,0.000,0.0700,-0.0360,1.0020,-2.95,0.64,0.52,0.000,-3.996,-0.236,1,1847,0,0.0,1,0,1,9.0,0.0,133,1,0,-78,-12159
21991,219741640,1,0,0,0.0000000,0.0000000,0.000,0.000,0.000,0.000,0.000,0.0550,-0.0140,0.9930,-2.90,0.94,0.54,0.000,-3.170,-0.209,1,1847,0,0.0,1,0,1,9.0,0.0,133,1,0,-118,-10112
22080,219741720,1,0,0,0.0000000,0.0000000,0.000,0.000,0.000,0.000,0.000,0.0600,-0.0370,1.0030,-3.15,0.73,0.51,0.000,-3.423,-0.238,1,1867,0,0.0,1,0,1,9.0,0.0,133,1,0,92,-10112
22149,219741760,1,0,0,0.0000000,0.0000000,0.000,0.000,0.000,0.000,0.000,0.0610,0.0030,1.0020,-2.79,0.84,0.66,0.000,-3.484,-0.214,1,1871,0,0.0,1,0,1,9.0,0.0,133,1,0,45,-10112
22236,219741840,1,0,0,0.0000000,0.0000000,0.000,0.000,0.000,0.000,0.000,0.0630,-0.0340,1.0090,-3.04,0.69,0.58,0.000,-3.573,-0.237,1,1871,0,0.0,1,0,1,9.0,0.0,133,1,0,45,-3970
22297,219741920,1,0,0,0.0000000,0.0000000,0.000,0.000,0.000,0.000,0.000,0.0700,0.0000,0.9910,-2.81,0.77,0.65,0.000,-4.040,-0.264,1,1843,0,0.0,1,0,1,9.0,0.0,133,1,0,11,-3970
22389,219742000,1,0,0,0.0000000,0.0000000,0.000,0.000,0.000,0.000,0.000,0.0640,-0.0420,1.0060,-3.13,0.71,0.50,0.000,-3.640,-0.290,1,1843,0,0.0,1,0,1,9.0,0.0,133,1,0,-115,-30336
22450,219742080,1,0,0,0.0000000,0.0000000,0.000,0.000,0.000,0.000,0.000,0.0740,-0.0030,0.9900,-2.75,0.75,0.64,0.000,-4.275,-0.240,1,1824,0,0.0,1,0,1,9.0,0.0,133,1,0,-115,-30336
22540,219742200,1,0,0,0.0000000,0.0000000,0.000,0.000,0.000,0.000,0.000,0.0670,-0.0110,1.0000,-2.78,0.73,0.62,0.000,-3.833,-0.246,1,1835,0,0.0,1,0,1,9.0,0.0,133,1,0,-115,-30336
22602,219742240,1,0,0,0.0000000,0.0000000,0.000,0.000,0.000,0.000,0.000,0.0480,0.0000,0.9910,-2.72,0.97,0.60,0.000,-2.773,-0.222,1,1820,0,0.0,1,0,1,9.0,0.0,133,1,0,78,3713
22691,219742320,1,0,0,0.0000000,0.0000000,0.000,0.000,0.000,0.000,0.000,0.0610,-0.0300,0.9930,-2.89,0.85,0.49,0.000,-3.515,-0.209,1,1789,0,0.0,1,0,1,9.0,0.0,133,1,0,78,3713
22752,219742400,1,0,0,0.0000000,0.0000000,0.000,0.000,0.000,0.000,0.000,0.0560,0.0070,0.9940,-2.51,0.94,0.62,0.000,-3.225,-0.162,1,1847,0,0.0,1,0,1,9.0,0.0,133,1,0,78,3713
22843,219742480,1,0,0,0.0000000,0.0000000,0.000,0.000,0.000,0.000,0.000,0.0720,-0.0230,1.0020,-2.79,0.62,0.54,0.000,-4.110,-0.184,1,1871,0,0.0,1,0,1,9.0,0.0,133,1,0,-70,12160
22904,219742560,1,0,0,0.0000000,0.0000000,0.000,0.000,0.000,0.000,0.000,0.0500,0.0110,0.9950,-2.58,0.93,0.66,0.000,-2.877,-0.160,1,1871,0,0.0,1,0,1,9.0,0.0,133,1,0,-76,6783
22992,219742640,1,0,0,0.0000000,0.0000000,0.000,0.000,0.000,0.000,0.000,0.0680,-0.0180,1.0010,-2.96,0.67,0.58,0.000,-3.886,-0.184,1,1875,0,0.0,1,0,1,9.0,0.0,133,1,0,76,6783
23056,219742680,1,0,0,0.0000000,0.0000000,0.000,0.000,0.000,0.000,0.000,0.0410,0.0230,0.9870,-2.63,1.02,0.68,0.000,-2.379,-0.132,1,1855,0,0.0,1,0,1,9.0,0.0,133,1,0,17,-14206
23146,219742760,1,0,0,0.0000000,0.0000000,0.000,0.000,0.000,0.000,0.000,0.0530,-0.0280,0.9990,-3.22,0.88,0.50,0.000,-3.037,-0.129,1,1855,0,0.0,1,0,1,9.0,0.0,134,1,0,36,-21634
23210,219742840,1,0,0,0.0000000,0.0000000,0.000,0.000,0.000,0.000,0.000,0.0440,0.0090,0.9930,-2.77,1.02,0.66,0.000,-2.537,-0.104,1,1867,0,0.0,1,0,1,9.0,0.0,134,1,0,-109,22399
23300,219742920,1,0,0,0.0000000,0.0000000,0.000,0.000,0.000,0.000,0.000,0.0610,-0.0210,0.9890,-3.01,0.90,0.51,0.000,-3.529,-0.151,1,1808,0,0.0,1,0,1,9.0,0.0,134,1,0,-109,22399
23363,219743000,1,0,0,0.0000000,0.0000000,0.000,0.000,0.000,0.000,0.000,0.0540,0.0060,0.9990,-2.55,0.92,0.66,0.000,-3.094,-0.109,1,1843,0,0.0,1,0,1,9.0,0.0,133,1,0,-109,22399
23451,219743080,1,0,0,0.0000000,0.0000000,0.000,0.000,0.000,0.000,0.000,0.0710,-0.0270,1.0070,-2.83,0.62,0.55,0.000,-4.033,-0.143,1,1843,0,0.0,1,0,1,9.0,0.0,133,1,0,-109,22399
23515,219743160,1,0,0,0.0000000,0.0000000,0.000,0.000,0.000,0.000,0.000,0.0520,0.0040,1.0010,-2.57,0.93,0.67,0.000,-2.974,-0.142,1,1863,0,0.0,1,0,1,9.0,0.0,133,1,0,-109,22399
23602,219743240,1,0,0,0.0000000,0.0000000,0.000,0.000,0.000,0.000,0.000,0.0700,-0.0300,1.0050,-2.99,0.64,0.53,0.000,-3.984,-0.175,1,1863,0,0.0,1,0,1,9.0,0.0,133,1,0,31,-29058
23665,219743320,1,0,0,0.0000000,0.0000000,0.000,0.000,0.000,0.000,0.000,0.0440,0.0070,0.9950,-2.69,0.97,0.66,0.000,-2.532,-0.102,1,1875,0,0.0,1,0,1,9.0,0.0,133,1,0,76,-19586
23754,219743400,1,0,0,0.0000000,0.0000000,0.000,0.000,0.000,0.000,0.000,0.0680,-0.0300,1.0070,-2.97,0.65,0.54,0.000,-3.863,-0.148,1,1875,0,0.0,1,0,1,9.0,0.0,133,1,0,-112,31360
23816,219743440,1,0,0,0.0000000,0.0000000,0.000,0.000,0.000,0.000,0.000,0.0490,0.0010,1.0020,-2.58,0.96,0.64,0.000,-2.800,-0.120,1,1875,0,0.0,1,0,1,9.0,0.0,133,1,0,-95,-29312
23907,219743520,1,0,0,0.0000000,0.0000000,0.000,0.000,0.000,0.000,0.000,0.0550,-0.0080,0.9930,-2.70,0.91,0.53,0.000,-3.170,-0.120,1,1875,0,0.0,1,0,1,9.0,0.0,133,1,0,104,-24190
23973,219743600,1,0,0,0.0000000,0.0000000,0.000,0.000,0.000,0.000,0.000,0.0460,0.0070,0.9990,-2.40,0.94,0.67,0.000,-2.636,-0.108,1,1855,0,0.0,1,0,1,9.0,0.0,133,1,0,126,-26754
24061,219743680,1,0,0,0.0000000,0.0000000,0.000,0.000,0.000,0.000,0.000,0.0710,-0.0380,1.0120,-2.79,0.61,0.54,0.000,-4.013,-0.136,1,1835,0,0.0,1,0,1,9.0,0.0,133,1,0,126,-26754
24126,219743760,1,0,0,0.0000000,0.0000000,0.000,0.000,0.000,0.000,0.000,0.0610,0.0090,0.9950,-2.47,0.88,0.63,0.000,-3.508,-0.112,1,1835,0,0.0,1,0,1,9.0,0.0,133,1,0,126,-26754
24215,219743840,1,0,0,0.0000000,0.0000000,0.000,0.000,0.000,0.000,0.000,0.0750,-0.0310,1.0040,-2.88,0.66,0.52,0.000,-4.272,-0.110,1,1835,0,0.0,1,0,1,9.0,0.0,133,1,0,-53,-6527
24278,219743880,1,0,0,0.0000000,0.0000000,0.000,0.000,0.000,0.000,0.000,0.0600,0.0030,1.0020,-2.65,0.90,0.66,0.000,-3.427,-0.083,1,1835,0,0.0,1,0,1,9.0,0.0,133,1,0,-95,-18304
24367,219744000,1,0,0,0.0000000,0.0000000,0.000,0.000,0.000,0.000,0.000,0.0670,-0.0360,1.0090,-3.26,0.67,0.50,0.000,-3.799,-0.095,1,1835,0,0.0,1,0,1,9.0,0.0,133,1,0,84,24448
24430,219744080,1,0,0,0.0000000,0.0000000,0.000,0.000,0.000,0.000,0.000,0.0520,-0.0040,1.0040,-2.98,0.92,0.63,0.000,-2.965,-0.084,1,1851,0,0.0,1,0,1,9.0,0.0,133,1,0,34,-24706
24517,219744160,1,0,0,0.0000000,0.0000000,0.000,0.000,0.000,0.000,0.000,0.0680,-0.0160,0.9920,-3.10,0.82,0.53,0.000,-3.921,-0.084,1,1746,0,0.0,1,0,1,9.0,0.0,133,1,0,34,-24706
24580,219744200,1,0,0,0.0000000,0.0000000,0.000,0.000,0.000,0.000,0.000,0.0700,-0.0200,1.0030,-3.05,0.73,0.60,0.000,-3.992,-0.099,1,1890,0,0.0,1,0,1,9.0,0.0,133,1,0,-6,-24706
24670,219744320,1,0,0,0.0000000,0.0000000,0.000,0.000,0.000,0.000,0.000,0.0460,-0.0240,1.0020,-3.14,0.93,0.53,0.000,-2.628,-0.114,1,1847,0,0.0,1,0,1,9.0,0.0,133,1,0,-6,-24706
24731,219744360,1,0,0,0.0000000,0.0000000,0.000,0.000,0.000,0.000,0.000,0.0690,-0.0180,0.9970,-3.08,0.68,0.57,0.000,-3.959,-0.128,1,1847,0,0.0,1,0,1,9.0,0.0,133,1,0,-6,-24706
24821,219744480,1,0,0,0.0000000,0.0000000,0.000,0.000,0.000,0.000,0.000,0.0690,0.0000,0.9950,-2.78,0.79,0.66,0.000,-3.967,-0.116,1,1898,0,0.0,1,0,1,9.0,0.0,133,1,0,-6,-24706
24883,219744520,1,0,0,0.0000000,0.0000000,0.000,0.000,0.000,0.000,0.000,0.0700,-0.0040,0.9910,-2.85,0.75,0.63,0.000,-4.040,-0.105,1,1859,0,0.0,1,0,1,9.0,0.0,133,1,0,109,15488
24973,219744600,1,0,0,0.0000000,0.0000000,0.000,0.000,0.000,0.000,0.000,0.0770,-0.0340,1.0100,-2.97,0.66,0.55,0.000,-4.360,-0.110,1,1859,0,0.0,1,0,1,9.0,0.0,133,1,0,-17,-14466
25041,219744680,1,0,0,0.0000000,0.0000000,0.000,0.000,0.000,0.000,0.000,0.0570,-0.0160,1.0000,-2.84,0.92,0.56,0.000,-3.262,-0.090,1,1859,0,0.0,1,0,1,9.0,0.0,133,1,0,-73,24193
25129,219744760,1,0,0,0.0000000,0.0000000,0.000,0.000,0.000,0.000,0.000,0.0740,-0.0270,1.0130,-2.83,0.63,0.62,0.000,-4.178,-0.109,1,1816,0,0.0,1,0,1,9.0,0.0,133,1,0,45,24193
25191,219744840,1,0,0,0.0000000,0.0000000,0.000,0.000,0.000,0.000,0.000,0.0500,-0.0090,0.9980,-2.81,0.92,0.58,0.000,-2.868,-0.087,1,1816,0,0.0,1,0,1,9.0,0.0,133,1,0,-3,-30590
25279,219744920,1,0,0,0.0000000,0.0000000,0.000,0.000,0.000,0.000,0.000,0.0670,-0.0350,1.0050,-2.96,0.66,0.54,0.000,-3.814,-0.133,1,1867,0,0.0,1,0,1,9.0,0.0,133,1,0,-3,-30590
25342,219744960,1,0,0,0.0000000,0.0000000,0.000,0.000,0.000,0.000,0.000,0.0710,-0.0410,1.0090,-3.01,0.70,0.53,0.000,-4.025,-0.170,1,1914,0,0.0,1,0,1,9.0,0.0,133,1,0,120,6783
25432,219745080,1,0,0,0.0000000,0.0000000,0.000,0.000,0.000,0.000,0.000,0.0480,0.0230,0.9900,-2.57,0.98,0.67,0.000,-2.776,-0.148,1,1914,0,0.0,1,0,1,9.0,0.0,133,1,0,-78,-26241
25501,219745120,1,0,0,0.0000000,0.0000000,0.000,0.000,0.000,0.000,0.000,0.0450,0.0090,1.0040,-2.63,0.94,0.67,0.000,-2.566,-0.112,1,1914,0,0.0,1,0,1,9.0,0.0,133,1,0,-73,17278
25590,219745240,1,0,0,0.0000000,0.0000000,0.000,0.000,0.000,0.000,0.000,0.0450,0.0070,0.9990,-2.66,0.99,0.66,0.000,-2.579,-0.099,1,1832,0,0.0,1,0,1,9.0,0.0,133,1,0,-73,17278
25653,219745280,1,0,0,0.0000000,0.0000000,0.000,0.000,0.000,0.000,0.000,0.0630,-0.0280,0.9960,-3.05,0.78,0.49,0.000,-3.619,-0.124,1,1832,0,0.0,1,0,1,9.0,0.0,133,1,0,56,18561
25746,219745360,1,0,0,0.0000000,0.0000000,0.000,0.000,0.000,0.000,0.000,0.0700,-0.0240,1.0050,-2.92,0.67,0.58,0.000,-3.984,-0.145,1,1832,0,0.0,1,0,1,9.0,0.0,133,1,0,92,-6786
25808,219745440,1,0,0,0.0000000,0.0000000,0.000,0.000,0.000,0.000,0.000,0.0560,-0.0300,1.0010,-3.08,0.83,0.48,0.000,-3.202,-0.130,1,1839,0,0.0,1,0,1,9.0,0.0,133,1,0,-112,2176
25902,219745520,1,0,0,0.0000000,0.0000000,0.000,0.000,0.000,0.000,0.000,0.0580,-0.0310,1.0040,-2.95,0.68,0.53,0.000,-3.306,-0.158,1,1855,0,0.0,1,0,1,9.0,0.0,133,1,0,-112,2176
25969,219745600,1,0,0,0.0000000,0.0000000,0.000,0.000,0.000,0.000,0.000,0.0540,-0.0010,0.9910,-2.80,0.91,0.56,0.000,-3.119,-0.120,1,1855,0,0.0,1,0,1,9.0,0.0,133,1,0,126,-4992
26059,219745680,1,0,0,0.0000000,0.0000000,0.000,0.000,0.000,0.000,0.000,0.0570,0.0120,0.9940,-2.60,0.93,0.66,0.000,-3.282,-0.095,1,1949,0,0.0,1,0,1,9.0,0.0,133,1,0,126,-4992
26123,219745760,1,0,0,0.0000000,0.0000000,0.000,0.000,0.000,0.000,0.000,0.0490,-0.0230,1.0060,-2.99,0.97,0.53,0.000,-2.789,-0.073,1,1847,0,0.0,1,0,1,9.0,0.0,133,1,0,126,-4992
26214,219745840,1,0,0,0.0000000,0.0000000,0.000,0.000,0.000,0.000,0.000,0.0500,0.0060,0.9960,-2.80,0.96,0.62,0.000,-2.874,-0.052,1,1847,0,0.0,1,0,1,9.0,0.0,133,1,0,-106,21631
26280,219745920,1,0,0,0.0000000,0.0000000,0.000,0.000,0.000,0.000,0.000,0.0720,-0.0310,1.0010,-3.21,0.70,0.49,0.000,-4.114,-0.125,1,1945,0,0.0,1,0,1,9.0,0.0,133,1,0,50,-12159
26372,219746000,1,0,0,0.0000000,0.0000000,0.000,0.000,0.000,0.000,0.000,0.0530,-0.0140,0.9970,-3.08,0.97,0.55,0.000,-3.043,-0.171,1,1843,0,0.0,1,0,1,9.0,0.0,133,1,0,50,-12159
26437,219746080,1,0,0,0.0000000,0.0000000,0.000,0.000,0.000,0.000,0.000,0.0470,0.0070,0.9950,-2.86,0.97,0.69,0.000,-2.704,-0.170,1,1816,0,0.0,1,0,1,9.0,0.0,133,1,0,90,-32639
26526,219746104,1,0,5,0.0000000,0.0000000,0.000,0.000,0.000,0.000,0.000,0.0600,0.0150,0.9920,-2.87,0.87,0.71,0.000,-3.461,-0.137,1,1871,0,0.0,1,0,1,9.0,0.0,133,1,0,-73,31869
26591,219746212,1,0,5,0.0000000,0.0000000,0.000,0.000,0.000,0.000,0.000,0.0740,-0.0300,0.9990,-3.36,0.74,0.51,0.000,-4.236,-0.175,1,1855,0,0.0,1,0,1,9.0,0.0,133,1,0,-112,20609
26681,219746332,1,0,5,0.0000000,0.0000000,0.000,0.000,0.000,0.000,0.000,0.0710,-0.0320,1.0090,-3.42,0.68,0.55,0.000,-4.025,-0.251,1,1855,0,0.0,1,0,1,9.0,0.0,133,1,0,-112,20609
26746,219746372,1,0,5,0.0000000,0.0000000,0.000,0.000,0.000,0.000,0.000,0.0490,0.0100,0.9920,-3.11,0.96,0.66,0.000,-2.828,-0.231,1,1855,0,0.0,1,0,1,9.0,0.0,133,1,0,-56,-19582
26837,219746452,1,0,5,0.0000000,0.0000000,0.000,0.000,0.000,0.000,0.000,0.0650,-0.0200,1.0010,-3.29,0.68,0.58,0.000,-3.715,-0.295,1,1855,0,0.0,1,0,1,9.0,0.0,133,1,0,45,-4738
26902,219746492,1,0,5,0.0000000,0.0000000,0.000,0.000,0.000,0.000,0.000,0.0700,-0.0260,1.0070,-3.22,0.63,0.57,0.000,-3.976,-0.320,1,1882,0,0.0,1,0,1,9.0,0.0,133,1,0,45,-4738
26992,219746612,1,0,5,0.0000000,0.0000000,0.000,0.000,0.000,0.000,0.000,0.0730,-0.0060,0.9930,-2.84,0.73,0.61,0.000,-4.205,-0.312,1,1882,0,0.0,1,0,1,9.0,0.0,133,1,0,45,-4738
27058,219746692,1,0,5,0.0000000,0.0000000,0.000,0.000,0.000,0.000,0.000,0.0470,0.0080,0.9890,-2.63,1.00,0.62,0.000,-2.721,-0.250,1,1882,0,0.0,1,0,1,9.0,0.0,133,1,0,-90,29824
27146,219746772,1,0,5,0.0000000,0.0000000,0.000,0.000,0.000,0.000,0.000,0.0600,0.0000,0.9980,-2.55,0.83,0.66,0.000,-3.440,-0.242,1,1929,0,0.0,1,0,1,9.0,0.0,133,1,0,154,-640
27207,219746852,1,0,5,0.0000000,0.0000000,0.000,0.000,0.000,0.000,0.000,0.0690,-0.0310,1.0110,-2.78,0.66,0.54,0.000,-3.904,-0.263,1,1929,0,0.0,1,0,1,9.0,0.0,133,1,0,154,-640
27299,219746932,1,0,5,0.0000000,0.0000000,0.000,0.000,0.000,0.000,0.000,0.0420,0.0170,0.9950,-2.41,0.95,0.70,0.000,-2.417,-0.210,1,1851,0,0.0,1,0,1,9.0,0.0,133,1,0,-20,-13954
27364,219746972,1,0,5,0.0000000,0.0000000,0.000,0.000,0.000,0.000,0.000,0.0480,0.0120,1.0050,-2.48,0.91,0.70,0.000,-2.734,-0.164,1,1851,0,0.0,1,0,1,9.0,0.0,133,1,0,-20,-13954
27454,219747080,1,0,5,0.0000000,0.0000000,0.000,0.000,0.000,0.000,0.000,0.0620,0.0050,0.9980,-2.66,0.82,0.67,0.000,-3.555,-0.166,1,1851,0,0.0,1,0,1,9.0,0.0,133,1,0,64,27521
27517,219747120,1,0,5,0.0000000,0.0000000,0.000,0.000,0.000,0.000,0.000,0.0720,0.0040,0.9960,-2.60,0.79,0.66,0.000,-4.135,-0.135,1,1859,0,0.0,1,0,1,9.0,0.0,133,1,0,-11,-5758
27606,219747240,1,0,5,0.0000000,0.0000000,0.000,0.000,0.000,0.000,0.000,0.0550,0.0150,0.9890,-2.62,0.92,0.66,0.000,-3.183,-0.115,1,1890,0,0.0,1,0,1,9.0,0.0,133,1,0,101,-11138
27668,219747280,1,0,5,0.0000000,0.0000000,0.000,0.000,0.000,0.000,0.000,0.0600,-0.0290,1.0000,-3.04,0.82,0.51,0.000,-3.434,-0.140,1,1890,0,0.0,1,0,1,9.0,0.0,133,1,0,36,-22402
27761,219747400,1,0,5,0.0000000,0.0000000,0.000,0.000,0.000,0.000,0.000,0.0490,0.0070,0.9900,-2.81,0.95,0.62,0.000,-2.834,-0.101,1,1804,0,0.0,1,0,1,9.0,0.0,133,1,0,-104,18559
27824,219747440,1,0,5,0.0000000,0.0000000,0.000,0.000,0.000,0.000,0.000,0.0670,-0.0330,1.0030,-3.13,0.74,0.49,0.000,-3.822,-0.134,1,1804,0,0.0,1,0,1,9.0,0.0,133,1,0,-129,18559
27914,219747520,1,0,5,0.0000000,0.0000000,0.000,0.000,0.000,0.000,0.000,0.0520,0.0140,0.9870,-2.84,0.99,0.64,0.000,-3.016,-0.085,1,1855,0,0.0,1,0,1,9.0,0.0,133,1,0,104,18559
27979,219747600,1,0,5,0.0000000,0.0000000,0.000,0.000,0.000,0.000,0.000,0.0640,-0.0370,1.0040,-3.39,0.77,0.50,0.000,-3.647,-0.110,1,1808,0,0.0,1,0,1,9.0,0.0,133,1,0,-42,-24959
28073,219747680,1,0,5,0.0000000,0.0000000,0.000,0.000,0.000,0.000,0.000,0.0510,-0.0010,0.9930,-3.08,1.00,0.62,0.000,-2.940,-0.094,1,1808,0,0.0,1,0,1,9.0,0.0,133,1,0,-42,-30338
28142,219747760,1,0,5,0.0000000,0.0000000,0.000,0.000,0.000,0.000,0.000,0.0750,-0.0390,0.9980,-3.29,0.70,0.50,0.000,-4.298,-0.182,1,1878,0,0.0,1,0,1,9.0,0.0,133,1,0,-104,-1666
28235,219747840,1,0,5,0.0000000,0.0000000,0.000,0.000,0.000,0.000,0.000,0.0500,-0.0340,1.0100,-3.08,0.92,0.53,0.000,-2.834,-0.186,1,1855,0,0.0,1,0,1,9.0,0.0,133,1,0,11,-15742
28297,219747920,1,0,5,0.0000000,0.0000000,0.000,0.000,0.000,0.000,0.000,0.0530,-0.0040,0.9950,-2.80,0.96,0.60,0.000,-3.049,-0.174,1,1925,0,0.0,1,0,1,9.0,0.0,133,1,0,98,-895
28388,219748000,1,0,5,0.0000000,0.0000000,0.000,0.000,0.000,0.000,0.000,0.0720,-0.0400,1.0020,-3.02,0.72,0.49,0.000,-4.110,-0.174,1,1863,0,0.0,1,0,1,9.0,0.0,133,1,0,59,24445
28452,219748080,1,0,5,0.0000000,0.0000000,0.000,0.000,0.000,0.000,0.000,0.0520,-0.0140,0.9950,-2.77,0.99,0.54,0.000,-2.992,-0.136,1,1835,0,0.0,1,0,1,9.0,0.0,133,1,0,59,24445
28543,219748160,1,0,5,0.0000000,0.0000000,0.000,0.000,0.000,0.000,0.000,0.0710,-0.0350,1.0070,-2.97,0.71,0.52,0.000,-4.033,-0.192,1,1894,0,0.0,1,0,1,9.0,0.0,133,1,0,59,24445
28606,219748240,1,0,5,0.0000000,0.0000000,0.000,0.000,0.000,0.000,0.000,0.0490,-0.0220,1.0020,-2.94,0.95,0.52,0.000,-2.800,-0.170,1,1839,0,0.0,1,0,1,9.0,0.0,133,1,0,-28,-30846
28699,219748320,1,0,5,0.0000000,0.0000000,0.000,0.000,0.000,0.000,0.000,0.0480,0.0130,0.9900,-2.59,0.95,0.67,0.000,-2.776,-0.141,1,1917,0,0.0,1,0,1,9.0,0.0,134,1,0,126,16510
28761,219748400,1,0,5,0.0000000,0.0000000,0.000,0.000,0.000,0.000,0.000,0.0600,-0.0280,0.9910,-2.91,0.83,0.48,0.000,-3.465,-0.120,1,1917,0,0.0,1,0,1,9.0,0.0,134,1,0,126,16510
28850,219748480,1,0,5,0.0000000,0.0000000,0.000,0.000,0.000,0.000,0.000,0.0480,-0.0100,1.0020,-2.65,0.97,0.56,0.000,-2.743,-0.085,1,1898,0,0.0,1,0,1,9.0,0.0,134,1,0,126,16510
28913,219748520,1,0,5,0.0000000,0.0000000,0.000,0.000,0.000,0.000,0.000,0.0700,-0.0300,1.0070,-2.87,0.70,0.52,0.000,-3.976,-0.104,1,1898,0,0.0,1,0,1,9.0,0.0,133,1,0,-81,30592
29005,219748640,1,0,5,0.0000000,0.0000000,0.000,0.000,0.000,0.000,0.000,0.0660,-0.0350,0.9970,-3.00,0.79,0.48,0.000,-3.787,-0.116,1,1906,0,0.0,1,0,1,9.0,0.0,133,1,0,-81,30592
29068,219748680,1,0,5,0.0000000,0.0000000,0.000,0.000,0.000,0.000,0.000,0.0650,0.0140,0.9860,-2.61,0.84,0.65,0.000,-3.772,-0.074,1,1906,0,0.0,1,0,1,9.0,0.0,133,1,0,131,7296
29158,219748800,1,0,5,0.0000000,0.0000000,0.000,0.000,0.000,0.000,0.000,0.0670,-0.0050,1.0030,-2.83,0.74,0.62,0.000,-3.822,-0.110,1,1906,0,0.0,1,0,1,9.0,0.0,133,1,0,-62,6782
29222,219748840,1,0,5,0.0000000,0.0000000,0.000,0.000,0.000,0.000,0.000,0.0480,0.0100,0.9920,-2.74,0.98,0.62,0.000,-2.770,-0.078,1,1871,0,0.0,1,0,1,9.0,0.0,133,1,0,-62,6782
29313,219748920,1,0,5,0.0000000,0.0000000,0.000,0.000,0.000,0.000,0.000,0.0650,0.0040,0.9960,-2.79,0.75,0.66,0.000,-3.734,-0.093,1,1871,0,0.0,1,0,1,11.0,0.0,133,1,0,-62,6782
29377,219749000,1,0,5,0.0000000,0.0000000,0.000,0.000,0.000,0.000,0.000,0.0570,0.0010,0.9920,-3.01,0.99,0.57,0.000,-3.289,-0.100,1,1910,0,0.0,1,0,1,11.0,0.0,133,1,0,8,6782
29469,219749080,1,0,5,0.0000000,0.0000000,0.000,0.000,0.000,0.000,0.000,0.0770,0.0060,0.9880,-2.87,0.76,0.68,0.000,-4.456,-0.119,1,1910,0,0.0,1,0,1,11.0,0.0,133,1,0,42,-21634
29531,219749160,1,0,5,0.0000000,0.0000000,0.000,0.000,0.000,0.000,0.000,0.0460,-0.0270,1.0030,-3.09,0.94,0.49,0.000,-2.626,-0.153,1,1843,0,0.0,1,0,1,11.0,0.0,133,1,0,42,-21634
29623,219749240,1,0,5,0.0000000,0.0000000,0.000,0.000,0.000,0.000,0.000,0.0620,0.0060,0.9940,-2.70,0.91,0.65,0.000,-3.569,-0.151,1,1890,0,0.0,1,0,1,11.0,0.0,133,1,0,42,-21634
29685,219749320,1,0,5,0.0000000,0.0000000,0.000,0.000,0.000,0.000,0.000,0.0680,0.0050,0.9880,-2.70,0.79,0.66,0.000,-3.937,-0.159,1,1890,0,0.0,1,0,1,11.0,0.0,133,1,0,-50,11137
29777,219749400,1,0,5,0.0000000,0.0000000,0.000,0.000,0.000,0.000,0.000,0.0420,-0.0260,1.0010,-2.95,0.93,0.50,0.000,-2.403,-0.185,1,1929,0,0.0,1,0,1,11.0,0.0,133,1,0,134,1407
29843,219749480,1,0,5,0.0000000,0.0000000,0.000,0.000,0.000,0.000,0.000,0.0530,-0.0010,1.0010,-2.77,0.96,0.59,0.000,-3.031,-0.156,1,1902,0,0.0,1,0,1,11.0,0.0,133,1,0,134,1407
29931,219749560,1,0,5,0.0000000,0.0000000,0.000,0.000,0.000,0.000,0.000,0.0570,0.0100,1.0010,-2.71,0.86,0.68,0.000,-3.259,-0.149,1,1933,0,0.0,1,0,1,11.0,0.0,133,1,0,-92,1407
29994,219749600,1,0,5,0.0000000,0.0000000,0.000,0.000,0.000,0.000,0.000,0.0470,0.0120,0.9990,-2.70,0.91,0.69,0.000,-2.694,-0.113,1,1933,0,0.0,1,0,1,11.0,0.0,133,1,0,-101,22144
30085,219749720,1,0,5,0.0000000,0.0000000,0.000,0.000,0.000,0.000,0.000,0.0470,-0.0270,1.0020,-3.00,0.96,0.51,0.000,-2.686,-0.148,1,1875,0,0.0,1,0,1,11.0,0.0,133,1,0,115,22144
30149,219749760,1,0,5,0.0000000,0.0000000,0.000,0.000,0.000,0.000,0.000,0.0740,-0.0220,1.0060,-2.91,0.68,0.55,0.000,-4.207,-0.159,1,1875,0,0.0,1,0,1,11.0,0.0,133,1,0,-45,-1666
30238,219749880,1,0,5,0.0000000,0.0000000,0.000,0.000,0.000,0.000,0.000,0.0620,-0.0250,1.0040,-3.01,0.79,0.52,0.000,-3.534,-0.161,1,1898,0,0.0,1,0,1,11.0,0.0,133,1,0,-45,-1666
30303,219749920,1,0,5,0.0000000,0.0000000,0.000,0.000,0.000,0.000,0.000,0.0610,0.0020,0.9950,-2.72,0.79,0.65,0.000,-3.508,-0.136,1,1925,0,0.0,1,0,1,11.0,0.0,133,1,0,-45,-1666
30395,219750000,1,0,5,0.0000000,0.0000000,0.000,0.000,0.000,0.000,0.000,0.0470,-0.0250,1.0080,-3.00,0.92,0.52,0.000,-2.670,-0.195,1,1863,0,0.0,1,0,1,11.0,0.0,133,1,0,-45,-1666
30459,219750080,1,0,5,0.0000000,0.0000000,0.000,0.000,0.000,0.000,0.000,0.0650,-0.0120,1.0010,-2.94,0.71,0.60,0.000,-3.715,-0.204,1,1863,0,0.0,1,0,1,11.0,0.0,133,1,0,8,23425
30549,219750200,1,0,5,0.0000000,0.0000000,0.000,0.000,0.000,0.000,0.000,0.0660,0.0130,0.9880,-2.72,0.82,0.66,0.000,-3.822,-0.225,1,1863,0,0.0,1,0,1,11.0,0.0,133,1,0,8,28029
30612,219750240,1,0,5,0.0000000,0.0000000,0.000,0.000,0.000,0.000,0.000,0.0470,-0.0250,1.0050,-3.02,0.92,0.50,0.000,-2.678,-0.242,1,1898,0,0.0,1,0,1,11.0,0.0,133,1,0,-56,28029
30705,219750320,1,0,5,0.0000000,0.0000000,0.000,0.000,0.000,0.000,0.000,0.0430,0.0070,0.9930,-2.77,1.00,0.62,0.000,-2.480,-0.216,1,1894,0,0.0,1,0,1,11.0,0.0,133,1,0,-56,28029
30768,219750400,1,0,5,0.0000000,0.0000000,0.000,0.000,0.000,0.000,0.000,0.0700,-0.0350,1.0030,-3.15,0.77,0.49,0.000,-3.992,-0.210,1,1894,0,0.0,1,0,1,11.0,0.0,133,1,0,-45,18561
30859,219750480,1,0,5,0.0000000,0.0000000,0.000,0.000,0.000,0.000,0.000,0.0530,-0.0150,0.9930,-3.00,1.00,0.53,0.000,-3.055,-0.193,1,1894,0,0.0,1,0,1,11.0,0.0,133,1,0,118,-2434
30923,219750560,1,0,5,0.0000000,0.0000000,0.000,0.000,0.000,0.000,0.000,0.0690,-0.0320,1.0040,-3.09,0.71,0.50,0.000,-3.931,-0.255,1,1812,0,0.0,1,0,1,11.0,0.0,133,1,0,118,-2434
31014,219750600,1,0,5,0.0000000,0.0000000,0.000,0.000,0.000,0.000,0.000,0.0510,0.0020,0.9990,-2.82,0.90,0.65,0.000,-2.922,-0.233,1,1917,0,0.0,1,0,1,11.0,0.0,133,1,0,-87,-2434
31075,219750720,1,0,5,0.0000000,0.0000000,0.000,0.000,0.000,0.000,0.000,0.0450,0.0160,0.9890,-2.70,0.96,0.66,0.000,-2.605,-0.240,1,1917,0,0.0,1,0,1,11.0,0.0,133,1,0,-118,-9088
31168,219750800,1,0,5,0.0000000,0.0000000,0.000,0.000,0.000,0.000,0.000,0.0600,-0.0340,0.9970,-3.10,0.79,0.47,0.000,-3.444,-0.232,1,1917,0,0.0,1,0,1,11.0,0.0,133,1,0,112,641
31236,219750840,1,0,5,0.0000000,0.0000000,0.000,0.000,0.000,0.000,0.000,0.0640,0.0040,0.9980,-2.70,0.78,0.65,0.000,-3.669,-0.203,1,1933,0,0.0,1,0,1,11.0,0.0,133,1,0,112,641
31327,219750920,1,0,5,0.0000000,0.0000000,0.000,0.000,0.000,0.000,0.000,0.0720,-0.0270,1.0050,-3.01,0.71,0.55,0.000,-4.098,-0.223,1,1933,0,0.0,1,0,1,11.0,0.0,133,1,0,-73,30078
31390,219751040,1,0,5,0.0000000,0.0000000,0.000,0.000,0.000,0.000,0.000,0.0510,-0.0320,1.0020,-3.19,0.86,0.48,0.000,-2.914,-0.216,1,1894,0,0.0,1,0,1,11.0,0.0,133,1,0,-73,30078
31482,219751120,1,0,5,0.0000000,0.0000000,0.000,0.000,0.000,0.000,0.000,0.0480,-0.0090,0.9990,-2.93,0.99,0.60,0.000,-2.751,-0.196,1,1902,0,0.0,1,0,1,11.0,0.0,133,1,0,-73,30078
31545,219751160,1,0,5,0.0000000,0.0000000,0.000,0.000,0.000,0.000,0.000,0.0750,-0.0310,1.0010,-3.18,0.68,0.49,0.000,-4.285,-0.227,1,1902,0,0.0,1,0,1,11.0,0.0,133,1,0,76,-10111
31637,219751280,1,0,5,0.0000000,0.0000000,0.000,0.000,0.000,0.000,0.000,0.0520,-0.0270,1.0030,-3.02,0.89,0.52,0.000,-2.968,-0.244,1,1902,0,0.0,1,0,1,11.0,0.0,133,1,0,-39,-22658
31700,219751320,1,0,5,0.0000000,0.0000000,0.000,0.000,0.000,0.000,0.000,0.0700,-0.0090,0.9960,-2.85,0.72,0.60,0.000,-4.020,-0.236,1,1906,0,0.0,1,0,1,11.0,0.0,133,1,0,-39,-22658
31791,219751400,1,0,5,0.0000000,0.0000000,0.000,0.000,0.000,0.000,0.000,0.0500,-0.0060,1.0010,-2.65,0.95,0.59,0.000,-2.860,-0.197,1,1867,0,0.0,1,0,1,11.0,0.0,133,1,0,-39,-22658
31856,219751480,1,0,5,0.0000000,0.0000000,0.000,0.000,0.000,0.000,0.000,0.0570,0.0130,0.9870,-2.50,0.88,0.66,0.000,-3.305,-0.183,1,1867,0,0.0,1,0,1,11.0,0.0,133,1,0,53,-22658
31947,219751560,1,0,5,0.0000000,0.0000000,0.000,0.000,0.000,0.000,0.000,0.0560,-0.0030,1.0010,-2.60,0.80,0.64,0.000,-3.202,-0.170,1,1867,0,0.0,1,0,1,11.0,0.0,133,1,0,98,-19842
32011,219751640,1,0,5,0.0000000,0.0000000,0.000,0.000,0.000,0.000,0.000,0.0470,-0.0160,1.0070,-2.75,0.92,0.52,0.000,-2.672,-0.140,1,1898,0,0.0,1,0,1,11.0,0.0,133,1,0,98,-19842
32104,219751720,1,0,5,0.0000000,0.0000000,0.000,0.000,0.000,0.000,0.000,0.0440,0.0120,0.9910,-2.58,0.96,0.62,0.000,-2.542,-0.100,1,1875,0,0.0,1,0,1,11.0,0.0,133,1,0,98,-19842
32168,219751800,1,0,5,0.0000000,0.0000000,0.000,0.000,0.000,0.000,0.000,0.0660,-0.0250,0.9970,-3.03,0.74,0.51,0.000,-3.787,-0.146,1,1875,0,0.0,1,0,1,11.0,0.0,133,1,0,-39,23937
32257,219751880,1,0,5,0.0000000,0.0000000,0.000,0.000,0.000,0.000,0.000,0.0640,-0.0280,1.0000,-3.05,0.86,0.49,0.000,-3.662,-0.135,1,1875,0,0.0,1,0,1,11.0,0.0,133,1,0,95,-5506
32324,219751920,1,0,5,0.0000000,0.0000000,0.000,0.000,0.000,0.000,0.000,0.0600,-0.0040,1.0050,-2.79,0.78,0.64,0.000,-3.417,-0.121,1,1855,0,0.0,1,0,1,11.0,0.0,133,1,0,95,-5506
32415,219752040,1,0,5,0.0000000,0.0000000,0.000,0.000,0.000,0.000,0.000,0.0760,-0.0340,1.0090,-3.08,0.68,0.51,0.000,-4.308,-0.161,1,1855,0,0.0,1,0,1,11.0,0.0,133,1,0,-109,-5506
32477,219752120,1,0,5,0.0000000,0.0000000,0.000,0.000,0.000,0.000,0.000,0.0500,-0.0220,0.9970,-3.15,0.89,0.49,0.000,-2.871,-0.146,1,1878,0,0.0,1,0,1,11.0,0.0,133,1,0,-109,17024
32569,219752200,1,0,5,0.0000000,0.0000000,0.000,0.000,0.000,0.000,0.000,0.0690,-0.0170,1.0060,-3.02,0.70,0.59,0.000,-3.924,-0.154,1,1882,0,0.0,1,0,1,12.0,0.0,133,1,0,115,27263
32631,219752240,1,0,5,0.0000000,0.0000000,0.000,0.000,0.000,0.000,0.000,0.0510,0.0060,0.9880,-2.92,0.98,0.60,0.000,-2.955,-0.133,1,1882,0,0.0,1,0,1,12.0,0.0,133,1,0,90,15742
32723,219752360,1,0,5,0.0000000,0.0000000,0.000,0.000,0.000,0.000,0.000,0.0510,-0.0300,1.0010,-2.99,0.90,0.50,0.000,-2.917,-0.163,1,1863,0,0.0,1,0,1,12.0,0.0,133,1,0,90,15742
32786,219752400,1,0,5,0.0000000,0.0000000,0.000,0.000,0.000,0.000,0.000,0.0640,-0.0260,0.9940,-2.90,0.87,0.49,0.000,-3.684,-0.178,1,1976,0,0.0,1,0,1,12.0,0.0,133,1,0,-78,-8577
32877,219752520,1,0,5,0.0000000,0.0000000,0.000,0.000,0.000,0.000,0.000,0.0720,-0.0170,1.0110,-2.63,0.77,0.57,0.000,-4.074,-0.155,1,1945,0,0.0,1,0,1,12.0,0.0,133,1,0,126,-9087
32944,219752560,1,0,5,0.0000000,0.0000000,0.000,0.000,0.000,0.000,0.000,0.0520,-0.0050,1.0010,-2.61,0.90,0.56,0.000,-2.974,-0.134,1,1859,0,0.0,1,0,1,12.0,0.0,133,1,0,126,-9087
33033,219752640,1,0,5,0.0000000,0.0000000,0.000,0.000,0.000,0.000,0.000,0.0720,-0.0220,1.0060,-2.67,0.71,0.51,0.000,-4.094,-0.109,1,1859,0,0.0,1,0,1,12.0,0.0,133,1,0,-45,4223
33098,219752720,1,0,5,0.0000000,0.0000000,0.000,0.000,0.000,0.000,0.000,0.0650,-0.0210,0.9970,-2.68,0.74,0.50,0.000,-3.730,-0.073,1,1859,0,0.0,1,0,1,12.0,0.0,133,1,0,-20,25214
33191,219752800,1,0,5,0.0000000,0.0000000,0.000,0.000,0.000,0.000,0.000,0.0690,0.0160,0.9830,-2.59,0.84,0.62,0.000,-4.015,0.013,1,1898,0,0.0,1,0,1,12.0,0.0,133,1,0,120,-11391
33255,219752840,1,0,5,0.0000000,0.0000000,0.000,0.000,0.000,0.000,0.000,0.0580,-0.0100,1.0010,-2.82,0.82,0.55,0.000,-3.316,0.017,1,1898,0,0.0,1,0,1,12.0,0.0,133,1,0,120,-11391
33345,219752960,1,0,5,0.0000000,0.0000000,0.000,0.000,0.000,0.000,0.000,0.0630,0.0150,0.9890,-2.87,0.89,0.62,0.000,-3.645,0.073,1,1898,0,0.0,1,0,1,12.0,0.0,133,1,0,-95,-11393
33411,219753040,1,0,5,0.0000000,0.0000000,0.000,0.000,0.000,0.000,0.000,0.0430,-0.0140,1.0140,-3.02,0.94,0.59,0.000,-2.428,0.076,1,1875,0,0.0,1,0,1,12.0,0.0,133,1,0,22,24193
33499,219753120,1,0,5,0.0000000,0.0000000,0.000,0.000,0.000,0.000,0.000,0.0490,0.0150,0.9960,-2.83,0.96,0.67,0.000,-2.816,0.079,1,1875,0,0.0,1,0,1,12.0,0.0,133,1,0,22,24193
33563,219753200,1,0,5,0.0000000,0.0000000,0.000,0.000,0.000,0.000,0.000,0.0710,-0.0300,1.0080,-3.09,0.73,0.54,0.000,-4.029,0.016,1,1875,0,0.0,1,0,1,12.0,0.0,133,1,0,115,26240
33652,219753280,1,0,5,0.0000000,0.0000000,0.000,0.000,0.000,0.000,0.000,0.0520,-0.0200,1.0050,-3.02,0.91,0.52,0.000,-2.962,0.026,1,1875,0,0.0,1,0,1,12.0,0.0,133,1,0,115,26240
33717,219753320,1,0,5,0.0000000,0.0000000,0.000,0.000,0.000,0.000,0.000,0.0680,-0.0100,1.0040,-2.94,0.76,0.61,0.000,-3.875,0.024,1,1925,0,0.0,1,0,1,12.0,0.0,133,1,0,-14,-25986
33807,219753440,1,0,5,0.0000000,0.0000000,0.000,0.000,0.000,0.000,0.000,0.0760,-0.0350,1.0120,-3.20,0.70,0.51,0.000,-4.295,0.017,1,1882,0,0.0,1,0,1,12.0,0.0,133,1,0,-36,24705
33873,219753480,1,0,5,0.0000000,0.0000000,0.000,0.000,0.000,0.000,0.000,0.0550,0.0110,0.9940,-2.75,0.87,0.65,0.000,-3.167,0.047,1,1882,0,0.0,1,0,1,12.0,0.0,133,1,0,-36,24705
33961,219753600,1,0,5,0.0000000,0.0000000,0.000,0.000,0.000,0.000,0.000,0.0480,0.0040,0.9980,-2.80,0.97,0.59,0.000,-2.754,0.040,1,1882,0,0.0,1,0,1,12.0,0.0,133,1,0,14,30333
34026,219753640,1,0,5,0.0000000,0.0000000,0.000,0.000,0.000,0.000,0.000,0.0460,-0.0080,0.9970,-2.84,0.99,0.56,0.000,-2.642,0.044,1,1890,0,0.0,1,0,1,12.0,0.0,133,1,0,73,-13186
34119,219753720,1,0,5,0.0000000,0.0000000,0.000,0.000,0.000,0.000,0.000,0.0550,0.0090,0.9950,-2.61,0.86,0.63,0.000,-3.164,0.068,1,1925,0,0.0,1,0,1,12.0,0.0,133,1,0,-67,-18559
34187,219753800,1,0,5,0.0000000,0.0000000,0.000,0.000,0.000,0.000,0.000,0.0640,0.0010,0.9990,-2.64,0.80,0.63,0.000,-3.666,0.069,1,1925,0,0.0,1,0,1,12.0,0.0,133,1,0,-67,-18559
34278,219753920,1,0,5,0.0000000,0.0000000,0.000,0.000,0.000,0.000,0.000,0.0760,-0.0100,1.0000,-2.88,0.74,0.57,0.000,-4.346,0.083,1,1878,0,0.0,1,0,1,12.0,0.0,133,1,0,81,15742
34342,219753960,1,0,5,0.0000000,0.0000000,0.000,0.000,0.000,0.000,0.000,0.0620,-0.0160,0.9970,-3.00,0.87,0.52,0.000,-3.558,0.071,1,1878,0,0.0,1,0,1,12.0,0.0,133,1,0,81,15742
34433,219754040,1,0,5,0.0000000,0.0000000,0.000,0.000,0.000,0.000,0.000,0.0770,-0.0270,0.9980,-3.12,0.70,0.49,0.000,-4.412,0.046,1,1863,0,0.0,1,0,1,12.0,0.0,133,1,0,-48,15742
34497,219754120,1,0,5,0.0000000,0.0000000,0.000,0.000,0.000,0.000,0.000,0.0510,-0.0180,1.0040,-2.93,0.82,0.56,0.000,-2.908,0.067,1,1894,0,0.0,1,0,1,12.0,0.0,133,1,0,-84,4225
34588,219754200,1,0,5,0.0000000,0.0000000,0.000,0.000,0.000,0.000,0.000,0.0690,-0.0090,0.9960,-2.87,0.73,0.61,0.000,-3.963,0.075,1,1867,0,0.0,1,0,1,12.0,0.0,133,1,0,115,-22401
34652,219754280,1,0,5,0.0000000,0.0000000,0.000,0.000,0.000,0.000,0.000,0.0730,-0.0260,1.0100,-2.90,0.70,0.56,0.000,-4.134,0.073,1,1867,0,0.0,1,0,1,12.0,0.0,133,1,0,115,-22401
34742,219754360,1,0,5,0.0000000,0.0000000,0.000,0.000,0.000,0.000,0.000,0.0590,-0.0210,1.0070,-2.88,0.80,0.53,0.000,-3.353,0.083,1,1972,0,0.0,1,0,1,12.0,0.0,133,1,0,-73,-22401
34807,219754440,1,0,5,0.0000000,0.0000000,0.000,0.000,0.000,0.000,0.000,0.0620,0.0140,0.9810,-2.67,0.85,0.64,0.000,-3.616,0.128,1,1902,0,0.0,1,0,1,12.0,0.0,133,1,0,-90,3456
34897,219754520,1,0,5,0.0000000,0.0000000,0.000,0.000,0.000,0.000,0.000,0.0480,-0.0050,1.0010,-2.82,0.84,0.61,0.000,-2.745,0.128,1,1992,0,0.0,1,0,1,12.0,0.0,133,1,0,131,-3712
34960,219754560,1,0,5,0.0000000,0.0000000,0.000,0.000,0.000,0.000,0.000,0.0540,-0.0050,0.9980,-2.83,0.88,0.56,0.000,-3.097,0.134,1,1933,0,0.0,1,0,1,12.0,0.0,133,1,0,131,-3712
35052,219754680,1,0,5,0.0000000,0.0000000,0.000,0.000,0.000,0.000,0.000,0.0470,-0.0120,1.0010,-2.84,0.88,0.56,0.000,-2.688,0.143,1,1933,0,0.0,1,0,1,12.0,0.0,133,1,0,131,-3712
35115,219754760,1,0,5,0.0000000,0.0000000,0.000,0.000,0.000,0.000,0.000,0.0430,-0.0090,1.0090,-2.90,0.91,0.57,0.000,-2.440,0.144,1,1863,0,0.0,1,0,1,12.0,0.0,133,1,0,-90,-3712
35204,219754840,1,0,5,0.0000000,0.0000000,0.000,0.000,0.000,0.000,0.000,0.0780,-0.0130,1.0040,-3.00,0.72,0.56,0.000,-4.442,0.127,1,1945,0,0.0,1,0,1,12.0,0.0,133,1,0,115,19583
35270,219754880,1,0,5,0.0000000,0.0000000,0.000,0.000,0.000,0.000,0.000,0.0490,-0.0040,1.0070,-3.02,0.92,0.59,0.000,-2.786,0.127,1,1945,0,0.0,1,0,1,12.0,0.0,133,1,0,92,-25728
35359,219755000,1,0,5,0.0000000,0.0000000,0.000,0.000,0.000,0.000,0.000,0.0640,-0.0260,1.0030,-3.24,0.80,0.53,0.000,-3.651,0.069,1,1949,0,0.0,1,0,1,12.0,0.0,133,1,0,92,-25728
35424,219755040,1,0,5,0.0000000,0.0000000,0.000,0.000,0.000,0.000,0.000,0.0690,-0.0270,0.9920,-3.21,0.79,0.48,0.000,-3.979,0.036,1,1894,0,0.0,1,0,1,12.0,0.0,133,1,0,92,-25728
35517,219755120,1,0,6,0.0000000,0.0000000,0.000,0.000,0.000,0.000,0.000,0.0640,0.0100,0.9860,-2.71,0.85,0.67,0.000,-3.714,0.100,1,1921,0,0.0,1,0,1,12.0,0.0,133,1,0,126,30848
35582,219755200,1,0,6,0.0000000,0.0000000,0.000,0.000,0.000,0.000,0.000,0.0440,-0.0080,0.9980,-2.89,0.95,0.58,0.000,-2.524,0.101,1,1921,0,0.0,1,0,1,12.0,0.0,133,1,0,126,-13954
35671,219755280,1,0,6,0.0000000,0.0000000,0.000,0.000,0.000,0.000,0.000,0.0580,-0.0100,1.0050,-2.92,0.72,0.59,0.000,-3.303,0.101,1,1894,0,0.0,1,0,1,12.0,0.0,133,1,0,126,-13954
35737,219755360,1,0,6,0.0000000,0.0000000,0.000,0.000,0.000,0.000,0.000,0.0700,-0.0120,1.0010,-3.00,0.66,0.51,0.000,-4.000,0.081,1,1917,0,0.0,1,0,1,12.0,0.0,133,1,0,-137,12927
35827,219755440,1,0,6,0.0000000,0.0000000,0.000,0.000,0.000,0.000,0.000,0.0490,-0.0020,1.0000,-2.95,0.83,0.57,0.000,-2.805,0.098,1,1917,0,0.0,1,0,1,12.0,0.0,133,1,0,126,-29055
35892,219755520,1,0,6,0.0000000,0.0000000,0.000,0.000,0.000,0.000,0.000,0.0670,0.0160,0.9890,-3.02,0.85,0.66,0.000,-3.876,0.109,1,1917,0,0.0,1,0,1,12.0,0.0,133,1,0,126,-29055
35980,219755600,1,0,6,0.0000000,0.0000000,0.000,0.000,0.000,0.000,0.000,0.0630,-0.0120,0.9950,-3.45,0.79,0.54,0.000,-3.623,0.060,1,1937,0,0.0,1,0,1,12.0,0.0,133,1,0,126,-29055
36044,219755640,1,0,6,0.0000000,0.0000000,0.000,0.000,0.000,0.000,0.000,0.0650,0.0110,0.9880,-3.23,0.84,0.67,0.000,-3.764,0.070,1,1949,0,0.0,1,0,1,12.0,0.0,133,1,0,126,-29055
36137,219755760,1,0,6,0.0000000,0.0000000,0.000,0.000,0.000,0.000,0.000,0.0530,-0.0230,0.9940,-3.38,0.85,0.51,0.000,-3.052,-0.010,1,1949,0,0.0,1,0,1,12.0,0.0,133,1,0,126,-29055
36200,219755840,1,0,6,0.0000000,0.0000000,0.000,0.000,0.000,0.000,0.000,0.0570,-0.0150,1.0020,-2.85,0.78,0.62,0.000,-3.256,-0.027,1,1949,0,0.0,1,0,1,12.0,0.0,133,1,0,39,-29058
36289,219755920,1,0,6,0.0000000,0.0000000,0.000,0.000,0.000,0.000,0.000,0.0740,-0.0060,1.0070,-2.82,0.68,0.58,0.000,-4.203,-0.026,1,1949,0,0.0,1,0,1,12.0,0.0,133,1,0,39,-29058
36354,219756000,1,0,6,0.0000000,0.0000000,0.000,0.000,0.000,0.000,0.000,0.0460,-0.0110,1.0010,-3.35,0.79,0.54,0.000,-2.631,-0.043,1,1878,0,0.0,1,0,1,12.0,0.0,133,1,0,39,-29058
36443,219756080,1,0,6,0.0000000,0.0000000,0.000,0.000,0.000,0.000,0.000,0.0690,-0.0030,0.9910,-3.13,0.88,0.67,0.000,-3.983,-0.070,1,1929,0,0.0,1,0,1,12.0,0.0,133,1,0,-3,-29058
36507,219756120,1,0,6,0.0000000,0.0000000,0.000,0.000,0.000,0.000,0.000,0.0760,-0.0280,0.9990,-3.21,0.78,0.54,0.000,-4.350,-0.101,1,1941,0,0.0,1,0,1,12.0,0.0,133,1,0,36,-13182
36597,219756240,1,0,6,0.0000000,0.0000000,0.000,0.000,0.000,0.000,0.000,0.0630,-0.0300,1.0050,-2.71,0.85,0.55,0.000,-3.587,-0.131,1,1941,0,0.0,1,0,1,12.0,0.0,133,1,0,31,-24706
36663,219756280,1,0,6,0.0000000,0.0000000,0.000,0.000,0.000,0.000,0.000,0.0540,-0.0080,1.0000,-2.35,0.82,0.64,0.000,-3.091,-0.104,1,1910,0,0.0,1,0,1,12.0,0.0,133,1,0,31,-24706
36755,219756360,1,0,6,0.0000000,0.0000000,0.000,0.000,0.000,0.000,0.000,0.0520,-0.0180,1.0040,-2.04,0.80,0.56,0.000,-2.965,-0.075,1,1929,0,0.0,1,0,1,12.0,0.0,133,1,0,31,-24706
36819,219756440,1,0,6,0.0000000,0.0000000,0.000,0.000,0.000,0.000,0.000,0.0480,-0.0120,1.0000,-1.86,0.96,0.50,0.000,-2.748,-0.016,1,1929,0,0.0,1,0,1,12.0,0.0,133,1,0,213,-2174
36909,219756560,1,0,6,0.0000000,0.0000000,0.000,0.000,0.000,0.000,0.000,0.0720,-0.0090,1.0050,-2.26,0.77,0.49,0.000,-4.098,0.112,1,1929,0,0.0,1,0,1,12.0,0.0,133,1,0,213,3453
36971,219756600,1,0,6,0.0000000,0.0000000,0.000,0.000,0.000,0.000,0.000,0.0610,0.0240,0.9910,-2.18,0.86,0.62,0.000,-3.522,0.177,1,1910,0,0.0,1,0,1,12.0,0.0,133,1,0,62,3453
37065,219756680,1,0,6,0.0000000,0.0000000,0.000,0.000,0.000,0.000,0.000,0.0580,-0.0110,1.0070,-2.87,0.79,0.53,0.000,-3.296,0.223,1,1921,0,0.0,1,0,1,12.0,0.0,133,1,0,62,3453
37137,219756760,1,0,6,0.0000000,0.0000000,0.000,0.000,0.000,0.000,0.000,0.0560,-0.0110,0.9970,-3.01,0.91,0.54,0.000,-3.215,0.224,1,1921,0,0.0,1,0,1,12.0,0.0,133,1,0,78,-26242
37228,219756840,1,0,6,0.0000000,0.0000000,0.000,0.000,0.000,0.000,0.000,0.0580,-0.0100,1.0000,-2.79,0.82,0.59,0.000,-3.319,0.225,1,1937,0,0.0,1,0,1,12.0,0.0,133,1,0,-39,-26242
37294,219756920,1,0,6,0.0000000,0.0000000,0.000,0.000,0.000,0.000,0.000,0.0740,-0.0110,1.0030,-2.70,0.78,0.56,0.000,-4.220,0.225,1,1925,0,0.0,1,0,1,12.0,0.0,133,1,0,-39,-26242
37385,219757000,1,0,6,0.0000000,0.0000000,0.000,0.000,0.000,0.000,0.000,0.0660,0.0000,1.0090,-2.61,0.78,0.62,0.000,-3.742,0.253,1,1925,0,0.0,1,0,1,12.0,0.0,133,1,0,104,-26242
37450,219757080,1,0,6,0.0000000,0.0000000,0.000,0.000,0.000,0.000,0.000,0.0600,-0.0030,1.0000,-2.83,0.87,0.57,0.000,-3.434,0.265,1,1925,0,0.0,1,0,1,12.0,0.0,133,1,0,-42,31869
37539,219757160,1,0,6,0.0000000,0.0000000,0.000,0.000,0.000,0.000,0.000,0.0590,0.0110,0.9990,-2.70,0.86,0.63,0.000,-3.380,0.292,1,1921,0,0.0,1,0,1,12.0,0.0,133,1,0,-42,31869
37602,219757240,1,0,6,0.0000000,0.0000000,0.000,0.000,0.000,0.000,0.000,0.0650,-0.0010,1.0020,-2.89,0.75,0.58,0.000,-3.712,0.284,1,1921,0,0.0,1,0,1,12.0,0.0,133,1,0,-42,31869
37691,219757320,1,0,6,0.0000000,0.0000000,0.000,0.000,0.000,0.000,0.000,0.0540,-0.0170,1.0020,-2.94,0.79,0.55,0.000,-3.085,0.283,1,1964,0,0.0,1,0,1,12.0,0.0,133,1,0,87,31869
37757,219757400,1,0,6,0.0000000,0.0000000,0.000,0.000,0.000,0.000,0.000,0.0650,-0.0260,0.9980,-2.94,0.80,0.50,0.000,-3.726,0.293,1,1964,0,0.0,1,0,1,12.0,0.0,133,1,0,76,3457
37846,219757480,1,0,6,0.0000000,0.0000000,0.000,0.000,0.000,0.000,0.000,0.0640,0.0150,0.9840,-2.62,0.83,0.59,0.000,-3.721,0.312,1,1964,0,0.0,1,0,1,12.0,0.0,133,1,0,14,14717
37910,219757520,1,0,6,0.0000000,0.0000000,0.000,0.000,0.000,0.000,0.000,0.0630,-0.0180,1.0070,-2.89,0.86,0.50,0.000,-3.580,0.298,1,1890,0,0.0,1,0,1,12.0,0.0,133,1,0,-14,7041
37999,219757640,1,0,6,0.0000000,0.0000000,0.000,0.000,0.000,0.000,0.000,0.0500,0.0000,1.0020,-2.87,0.83,0.63,0.000,-2.857,0.317,1,1941,0,0.0,1,0,1,12.0,0.0,133,1,0,-14,7041
38064,219757680,1,0,6,0.0000000,0.0000000,0.000,0.000,0.000,0.000,0.000,0.0570,-0.0050,0.9950,-3.02,0.86,0.56,0.000,-3.279,0.312,1,1929,0,0.0,1,0,1,12.0,0.0,133,1,0,53,7041
38153,219757760,1,0,6,0.0000000,0.0000000,0.000,0.000,0.000,0.000,0.000,0.0620,-0.0060,0.9990,-3.03,0.84,0.57,0.000,-3.551,0.308,1,1929,0,0.0,1,0,1,12.0,0.0,133,1,0,-56,-26242
38221,219757840,1,0,6,0.0000000,0.0000000,0.000,0.000,0.000,0.000,0.000,0.0640,-0.0030,1.0030,-2.91,0.83,0.59,0.000,-3.651,0.313,1,1929,0,0.0,1,0,1,12.0,0.0,133,1,0,14,21121
38312,219757920,1,0,6,0.0000000,0.0000000,0.000,0.000,0.000,0.000,0.000,0.0620,-0.0120,1.0050,-3.06,0.80,0.55,0.000,-3.530,0.320,1,1910,0,0.0,1,0,1,12.0,0.0,133,1,0,14,21121
38374,219758000,1,0,6,0.0000000,0.0000000,0.000,0.000,0.000,0.000,0.000,0.0640,-0.0120,1.0030,-3.23,0.82,0.55,0.000,-3.651,0.276,1,1910,0,0.0,1,0,1,12.0,0.0,133,1,0,64,11392
38466,219758080,1,0,6,0.0000000,0.0000000,0.000,0.000,0.000,0.000,0.000,0.0540,0.0020,0.9990,-3.12,0.81,0.62,0.000,-3.094,0.255,1,1910,0,0.0,1,0,1,12.0,0.0,133,1,0,-73,-23938
38530,219758160,1,0,6,0.0000000,0.0000000,0.000,0.000,0.000,0.000,0.000,0.0580,-0.0020,0.9940,-3.05,0.84,0.59,0.000,-3.339,0.231,1,1949,0,0.0,1,0,1,12.0,0.0,133,1,0,11,24961
38620,219758240,1,0,6,0.0000000,0.0000000,0.000,0.000,0.000,0.000,0.000,0.0620,-0.0060,1.0050,-2.90,0.82,0.61,0.000,-3.530,0.213,1,1937,0,0.0,1,0,1,12.0,0.0,133,1,0,11,24961
38687,219758280,1,1,6,53.7181796,-1.3095133,114.124,0.065,0.018,0.000,0.000,0.0590,0.0000,0.9970,-2.77,0.82,0.59,0.000,-3.387,0.225,1,1937,0,0.0,1,0,1,12.0,0.0,133,1,0,98,-31359
38780,219758400,1,1,6,53.7181796,-1.3095132,114.144,0.122,0.034,0.000,0.000,0.0460,-0.0020,0.9990,-2.57,0.93,0.57,0.000,-2.636,0.235,1,1929,0,0.0,1,0,1,12.0,0.0,133,1,0,0,30845
38845,219758480,1,1,6,53.7181796,-1.3095132,114.140,0.115,0.032,0.000,0.000,0.0720,-0.0110,1.0040,-2.66,0.73,0.53,0.000,-4.102,0.226,1,1914,0,0.0,1,0,1,12.0,0.0,133,1,0,0,30845
38936,219758560,1,1,6,53.7181796,-1.3095132,114.139,0.108,0.030,0.000,0.000,0.0640,-0.0250,1.0030,-2.85,0.76,0.48,0.000,-3.651,0.254,1,1914,0,0.0,1,0,1,12.0,0.0,133,1,0,154,-7039
39001,219758640,1,1,6,53.7181797,-1.3095132,114.152,0.176,0.049,0.000,0.000,0.0500,-0.0190,1.0050,-2.90,0.90,0.49,0.000,-2.848,0.291,1,1933,0,0.0,1,0,1,12.0,0.0,134,1,0,-6,3453
39095,219758720,1,1,6,53.7181796,-1.3095131,114.175,0.065,0.018,0.000,0.000,0.0670,0.0030,1.0010,-2.82,0.78,0.59,0.000,-3.829,0.291,1,1871,0,0.0,1,0,1,12.0,0.0,134,1,0,-6,3453
39160,219758760,1,1,6,53.7181797,-1.3095131,114.168,0.083,0.023,0.000,0.000,0.0490,-0.0030,1.0070,-2.95,0.94,0.59,0.000,-2.786,0.291,1,1871,0,0.0,1,0,1,14.0,0.0,134,1,0,-84,-12671
39244,219758880,1,1,6,53.7181797,-1.3095131,114.165,0.025,0.007,0.000,0.000,0.0600,0.0090,0.9950,-2.98,0.91,0.66,0.000,-3.451,0.329,1,1894,0,0.0,1,0,1,14.0,0.0,134,1,0,-84,-12671
39309,219758920,1,1,6,53.7181797,-1.3095130,114.176,0.094,0.026,0.000,0.000,0.0660,-0.0090,1.0030,-3.21,0.74,0.56,0.000,-3.765,0.312,1,1929,0,0.0,1,0,1,14.0,0.0,134,1,0,87,5248
39397,219759000,1,1,6,53.7181798,-1.3095130,114.179,0.162,0.045,0.000,0.000,0.0610,-0.0170,1.0040,-3.22,0.84,0.57,0.000,-3.477,0.260,1,1929,0,0.0,1,0,1,14.0,0.0,133,1,0,8,7549
39462,219759080,1,1,6,53.7181797,-1.3095129,114.190,0.126,0.035,0.000,0.000,0.0630,0.0000,0.9950,-3.06,0.83,0.61,0.000,-3.623,0.264,1,2007,0,0.0,1,0,1,14.0,0.0,133,1,0,-76,-9087
39548,219759160,1,1,6,53.7181798,-1.3095130,114.182,0.101,0.028,0.000,0.000,0.0620,-0.0090,0.9990,-3.23,0.83,0.55,0.000,-3.551,0.243,1,2007,0,0.0,1,0,1,14.0,0.0,133,1,0,-76,-9087
39615,219759240,1,1,6,53.7181797,-1.3095129,114.192,0.155,0.043,0.000,0.000,0.0620,0.0000,1.0010,-3.31,0.84,0.64,0.000,-3.544,0.224,1,1957,0,0.0,1,0,1,14.0,0.0,133,1,0,-36,-18047
39700,219759320,1,1,6,53.7181797,-1.3095129,114.204,0.065,0.018,0.000,0.000,0.0650,-0.0250,0.9980,-3.48,0.80,0.56,0.000,-3.726,0.172,1,1957,0,0.0,1,0,1,14.0,0.0,133,1,0,-62,-30850
39767,219759400,1,1,6,53.7181797,-1.3095128,114.213,0.054,0.015,0.000,0.000,0.0600,-0.0280,0.9980,-3.15,0.79,0.52,0.000,-3.440,0.147,1,1894,0,0.0,1,0,1,14.0,0.0,133,1,0,-39,29053
39850,219759480,1,1,6,53.7181798,-1.3095129,114.207,0.014,0.004,0.000,0.000,0.0700,0.0040,0.9820,-2.65,0.88,0.61,0.000,-4.077,0.190,1,1949,0,0.0,1,0,1,14.0,0.0,133,1,0,-17,-20094
39919,219759560,1,1,6,53.7181798,-1.3095128,114.208,0.162,0.045,0.000,0.000,0.0560,-0.0110,1.0100,-2.70,0.83,0.58,0.000,-3.174,0.196,1,1968,0,0.0,1,0,1,14.0,0.0,133,1,0,-17,-20094
40011,219759640,1,1,6,53.7181797,-1.3095128,114.227,0.090,0.025,0.000,0.000,0.0520,-0.0190,1.0180,-2.82,0.79,0.54,0.000,-2.924,0.208,1,1949,0,0.0,1,0,1,14.0,0.0,133,1,0,-14,-26754
40074,219759680,1,1,6,53.7181798,-1.3095128,114.222,0.061,0.017,0.000,0.000,0.0580,-0.0040,0.9980,-2.80,0.82,0.57,0.000,-3.326,0.215,1,1949,0,0.0,1,0,1,14.0,0.0,133,1,0,-14,-26754
40160,219759800,1,1,6,53.7181800,-1.3095128,114.216,0.032,0.009,0.000,0.000,0.0620,-0.0060,1.0090,-2.77,0.78,0.56,0.000,-3.516,0.238,1,1949,0,0.0,1,0,1,14.0,0.0,133,1,0,59,23937
40226,219759840,1,1,6,53.7181799,-1.3095127,114.223,0.101,0.028,0.000,0.000,0.0600,-0.0040,1.0020,-2.68,0.81,0.57,0.000,-3.427,0.249,1,1968,0,0.0,1,0,1,14.0,0.0,133,1,0,42,19329
40313,219759920,1,1,6,53.7181800,-1.3095127,114.228,0.079,0.022,0.000,0.000,0.0600,-0.0090,1.0080,-2.84,0.84,0.56,0.000,-3.406,0.258,1,1968,0,0.0,1,0,1,14.0,0.0,133,1,0,20,14461
40377,219760000,1,1,6,53.7181800,-1.3095127,114.226,0.058,0.016,0.000,0.000,0.0580,-0.0030,1.0030,-2.87,0.84,0.59,0.000,-3.310,0.255,1,1968,0,0.0,1,0,1,14.0,0.0,133,1,0,-92,14461
40464,219760080,1,1,6,53.7181801,-1.3095126,114.233,0.104,0.029,0.000,0.000,0.0600,-0.0110,1.0050,-3.03,0.81,0.56,0.000,-3.417,0.240,1,1941,0,0.0,1,0,1,14.0,0.0,133,1,0,-20,20609
40527,219760160,1,1,6,53.7181800,-1.3095126,114.241,0.079,0.022,0.000,0.000,0.0620,-0.0160,1.0030,-3.13,0.84,0.56,0.000,-3.537,0.235,1,1941,0,0.0,1,0,1,14.0,0.0,133,1,0,-20,20609
40615,219760240,1,1,6,53.7181801,-1.3095126,114.231,0.061,0.017,0.000,0.000,0.0450,-0.0130,0.9990,-3.11,0.91,0.55,0.000,-2.579,0.221,1,1917,0,0.0,1,0,1,14.0,0.0,133,1,0,76,-20866
40679,219760320,1,1,6,53.7181801,-1.3095126,114.235,0.097,0.027,0.000,0.000,0.0590,-0.0050,1.0010,-2.90,0.80,0.61,0.000,-3.373,0.208,1,1949,0,0.0,1,0,1,14.0,0.0,133,1,0,-118,13440
40763,219760400,1,1,6,53.7181801,-1.3095125,114.244,0.162,0.045,0.000,0.000,0.0720,-0.0050,1.0060,-2.92,0.76,0.60,0.000,-4.094,0.196,1,1949,0,0.0,1,0,1,14.0,0.0,133,1,0,-118,13440
40832,219760440,1,1,6,53.7181802,-1.3095125,114.241,0.130,0.036,0.000,0.000,0.0470,-0.0030,1.0060,-2.87,0.88,0.60,0.000,-2.675,0.202,1,1921,0,0.0,1,0,1,14.0,0.0,133,1,0,115,-13952
40917,219760560,1,1,6,53.7181802,-1.3095126,114.237,0.032,0.009,0.000,0.000,0.0550,-0.0050,1.0080,-2.85,0.83,0.60,0.000,-3.123,0.197,1,1921,0,0.0,1,0,1,14.0,0.0,133,1,0,115,-13952
40983,219760600,1,1,6,53.7181801,-1.3095125,114.245,0.083,0.023,0.000,0.000,0.0640,-0.0120,1.0000,-3.00,0.78,0.56,0.000,-3.662,0.187,1,1960,0,0.0,1,0,1,14.0,0.0,133,1,0,95,4734
41072,219760680,1,1,6,53.7181802,-1.3095125,114.238,0.130,0.036,0.000,0.000,0.0620,-0.0320,1.0010,-3.13,0.82,0.47,0.000,-3.544,0.181,1,1941,0,0.0,1,0,1,14.0,0.0,133,1,0,-109,24447
41138,219760760,1,1,6,53.7181802,-1.3095125,114.243,0.040,0.011,0.000,0.000,0.0640,0.0130,0.9860,-2.67,0.86,0.63,0.000,-3.714,0.187,1,1941,0,0.0,1,0,1,14.0,0.0,133,1,0,-109,24447
41223,219760840,1,1,6,53.7181802,-1.3095125,114.247,0.076,0.021,0.000,0.000,0.0600,-0.0080,0.9970,-2.82,0.82,0.57,0.000,-3.444,0.168,1,1964,0,0.0,1,0,1,14.0,0.0,133,1,0,115,-1152
41288,219760920,1,1,6,53.7181803,-1.3095125,114.239,0.086,0.024,0.000,0.000,0.0660,-0.0060,0.9950,-2.81,0.86,0.56,0.000,-3.795,0.173,1,1941,0,0.0,1,0,1,14.0,0.0,133,1,0,115,-1152
41372,219761000,1,1,6,53.7181803,-1.3095125,114.237,0.090,0.025,0.000,0.000,0.0590,-0.0080,0.9960,-2.83,0.83,0.55,0.000,-3.390,0.179,1,1941,0,0.0,1,0,1,14.0,0.0,133,1,0,-64,14718
41463,219761080,1,1,6,53.7181803,-1.3095125,114.253,0.072,0.020,0.000,0.000,0.0660,-0.0030,0.9940,-2.88,0.82,0.56,0.000,-3.799,0.189,1,1929,0,0.0,1,0,1,14.0,0.0,133,1,0,62,25213
41549,219761160,1,1,6,53.7181804,-1.3095125,114.243,0.054,0.015,0.000,0.000,0.0580,-0.0050,0.9940,-2.96,0.85,0.56,0.000,-3.339,0.195,1,1929,0,0.0,1,0,1,15.0,0.0,133,1,0,62,25213
41615,219761240,1,1,6,53.7181804,-1.3095125,114.245,0.133,0.037,0.000,0.000,0.0530,-0.0080,1.0110,-2.92,0.83,0.58,0.000,-3.001,0.201,1,1941,0,0.0,1,0,1,15.0,0.0,133,1,0,-56,-25474
41702,219761320,1,1,6,53.7181803,-1.3095125,114.262,0.169,0.047,0.000,0.000,0.0650,-0.0030,1.0030,-2.94,0.81,0.60,0.000,-3.708,0.203,1,1902,0,0.0,1,0,1,15.0,0.0,133,1,0,22,15745
41767,219761360,1,1,6,53.7181803,-1.3095125,114.261,0.180,0.050,0.000,0.000,0.0430,-0.0050,1.0040,-2.94,0.88,0.58,0.000,-2.452,0.203,1,1894,0,0.0,1,0,1,15.0,0.0,133,1,0,22,15745
41855,219761480,1,1,6,53.7181804,-1.3095126,114.248,0.014,0.004,0.000,0.000,0.0460,-0.0040,1.0060,-2.81,0.89,0.57,0.000,-2.618,0.207,1,1953,0,0.0,1,0,1,15.0,0.0,133,1,0,25,19581
41919,219761520,1,1,6,53.7181804,-1.3095126,114.250,0.014,0.004,0.000,0.000,0.0720,-0.0130,1.0090,-2.89,0.75,0.56,0.000,-4.082,0.200,1,1875,0,0.0,1,0,1,15.0,0.0,133,1,0,25,19581
42004,219761640,1,1,6,53.7181805,-1.3095126,114.238,0.014,0.004,0.000,0.000,0.0670,0.0000,0.9880,-2.76,0.86,0.58,0.000,-3.880,0.226,1,1875,0,0.0,1,0,1,15.0,0.0,133,1,0,-64,4225
42068,219761680,1,1,6,53.7181806,-1.3095126,114.236,0.144,0.040,0.000,0.000,0.0580,-0.0140,0.9980,-2.85,0.83,0.53,0.000,-3.326,0.219,1,1941,0,0.0,1,0,1,15.0,0.0,133,1,0,45,23937
42157,219761760,1,1,6,53.7181804,-1.3095126,114.260,0.072,0.020,0.000,0.000,0.0670,0.0160,0.9890,-2.68,0.87,0.64,0.000,-3.876,0.246,1,1941,0,0.0,1,0,1,15.0,0.0,133,1,0,109,4734
42222,219761840,1,1,6,53.7181805,-1.3095127,114.236,0.090,0.025,0.000,0.000,0.0620,0.0220,0.9810,-2.69,0.86,0.65,0.000,-3.616,0.262,1,1878,0,0.0,1,0,1,15.0,0.0,133,1,0,59,-5505
42305,219761920,1,1,6,53.7181806,-1.3095127,114.240,0.076,0.021,0.000,0.000,0.0660,-0.0200,1.0030,-2.98,0.79,0.49,0.000,-3.765,0.283,1,1917,0,0.0,1,0,1,15.0,0.0,133,1,0,59,-5505
42371,219762000,1,1,6,53.7181805,-1.3095127,114.249,0.047,0.013,0.000,0.000,0.0550,-0.0040,1.0030,-2.84,0.86,0.57,0.000,-3.139,0.266,1,1992,0,0.0,1,0,1,15.0,0.0,133,1,0,109,22656
42454,219762040,1,1,6,53.7181805,-1.3095127,114.242,0.101,0.028,0.000,0.000,0.0620,-0.0100,1.0100,-2.84,0.79,0.59,0.000,-3.513,0.263,1,1992,0,0.0,1,0,1,15.0,0.0,133,1,0,109,22656
42519,219762120,1,1,11,53.7181865,-1.3095136,113.501,0.068,0.019,0.000,0.000,0.0540,-0.0100,1.0040,-2.88,0.86,0.55,0.000,-3.079,0.232,1,1953,0,0.0,1,0,1,15.0,0.0,133,1,0,126,22656
42605,219762240,1,1,11,53.7182065,-1.3095165,110.999,0.022,0.006,0.000,0.000,0.0560,0.0100,0.9970,-2.75,0.82,0.63,0.000,-3.215,0.256,1,1953,0,0.0,1,0,1,15.0,0.0,133,1,0,-25,30333
42668,219762280,1,1,11,53.7182117,-1.3095172,110.365,0.094,0.026,0.000,0.000,0.0620,-0.0140,1.0030,-2.96,0.81,0.55,0.000,-3.537,0.245,1,2042,0,0.0,1,0,1,15.0,0.0,133,1,0,-98,30333
42758,219762360,1,1,11,53.7182206,-1.3095183,109.323,0.054,0.015,0.000,0.000,0.0620,-0.0080,0.9970,-3.01,0.85,0.55,0.000,-3.558,0.248,1,1976,0,0.0,1,0,1,15.0,0.0,133,1,0,14,13441
42823,219762440,1,1,11,53.7182281,-1.3095192,108.450,0.022,0.006,0.000,0.000,0.0600,-0.0040,1.0020,-3.04,0.84,0.59,0.000,-3.427,0.234,1,1976,0,0.0,1,0,1,15.0,0.0,133,1,0,101,-13952
42910,219762520,1,1,11,53.7182347,-1.3095201,107.672,0.058,0.016,0.000,0.000,0.0580,-0.0090,0.9950,-2.99,0.85,0.57,0.000,-3.336,0.228,1,1972,0,0.0,1,0,1,15.0,0.0,133,1,0,101,-13952
42974,219762600,1,1,11,53.7182404,-1.3095208,107.014,0.047,0.013,0.000,0.000,0.0650,-0.0110,0.9940,-2.92,0.83,0.57,0.000,-3.741,0.224,1,1972,0,0.0,1,0,1,15.0,0.0,133,1,0,-84,25214
43061,219762680,1,1,11,53.7182454,-1.3095214,106.435,0.018,0.005,0.000,0.000,0.0500,0.0000,1.0000,-2.91,0.90,0.57,0.000,-2.862,0.237,1,1898,0,0.0,1,0,1,15.0,0.0,133,1,0,76,25214
43124,219762760,1,1,11,53.7182500,-1.3095219,105.909,0.191,0.053,0.000,0.000,0.0650,-0.0010,0.9960,-2.92,0.88,0.57,0.000,-3.734,0.229,1,1898,0,0.0,1,0,1,15.0,0.0,133,1,0,76,25214
43210,219762840,1,1,11,53.7182541,-1.3095225,105.435,0.050,0.014,0.000,0.000,0.0680,-0.0040,0.9970,-2.97,0.78,0.55,0.000,-3.902,0.223,1,1929,0,0.0,1,0,1,15.0,0.0,133,1,0,8,25214
43275,219762880,1,1,11,53.7182561,-1.3095227,105.210,0.065,0.018,0.000,0.000,0.0640,-0.0110,1.0000,-3.04,0.83,0.56,0.000,-3.662,0.212,1,1929,0,0.0,1,0,1,15.0,0.0,133,1,0,8,9085
43361,219762960,1,1,11,53.7182597,-1.3095232,104.800,0.043,0.012,0.000,0.000,0.0570,0.0070,0.9960,-2.78,0.81,0.62,0.000,-3.275,0.240,1,1996,0,0.0,1,0,1,15.0,0.0,133,1,0,8,-28542
43427,219763040,1,1,11,53.7182631,-1.3095236,104.407,0.104,0.029,0.000,0.000,0.0620,0.0010,1.0040,-2.80,0.83,0.60,0.000,-3.534,0.256,1,1921,0,0.0,1,0,1,15.0,0.0,133,1,0,8,-28542
43512,219763160,1,1,11,53.7182680,-1.3095243,103.841,0.115,0.032,0.000,0.000,0.0500,-0.0030,1.0060,-2.83,0.86,0.58,0.000,-2.845,0.265,1,1921,0,0.0,1,0,1,15.0,0.0,133,1,0,36,23165
43578,219763200,1,1,11,53.7182695,-1.3095246,103.665,0.043,0.012,0.000,0.000,0.0640,-0.0090,0.9990,-2.98,0.81,0.55,0.000,-3.666,0.258,1,2015,0,0.0,1,0,1,15.0,0.0,133,1,0,36,23165
43661,219763280,1,1,11,53.7182726,-1.3095250,103.312,0.050,0.014,0.000,0.000,0.0660,0.0070,1.0000,-2.88,0.79,0.63,0.000,-3.776,0.268,1,2015,0,0.0,1,0,1,15.0,0.0,133,1,0,-67,12929
43727,219763360,1,1,11,53.7182755,-1.3095254,102.971,0.086,0.024,0.000,0.000,0.0550,0.0000,0.9980,-3.03,0.83,0.62,0.000,-3.154,0.252,1,2011,0,0.0,1,0,1,15.0,0.0,133,1,0,-67,12929
43811,219763440,1,1,11,53.7182781,-1.3095258,102.655,0.112,0.031,0.000,0.000,0.0590,-0.0080,1.0030,-3.01,0.79,0.57,0.000,-3.366,0.237,1,2011,0,0.0,1,0,1,15.0,0.0,133,1,0,53,-19074
43878,219763480,1,1,11,53.7182794,-1.3095260,102.508,0.079,0.022,0.000,0.000,0.0520,-0.0090,0.9990,-3.01,0.80,0.57,0.000,-2.980,0.229,1,1960,0,0.0,1,0,1,15.0,0.0,133,1,0,53,-19074
43963,219763600,1,1,11,53.7182827,-1.3095265,102.126,0.004,0.001,0.000,0.000,0.0610,0.0080,0.9910,-2.64,0.83,0.64,0.000,-3.522,0.250,1,1960,0,0.0,1,0,1,15.0,0.0,133,1,0,-95,29824
44028,219763640,1,1,11,53.7182837,-1.3095267,102.009,0.140,0.039,0.000,0.000,0.0610,-0.0170,0.9990,-2.78,0.85,0.50,0.000,-3.494,0.242,1,1929,0,0.0,1,0,1,15.0,0.0,133,1,0,-95,29824
44115,219763720,1,1,11,53.7182855,-1.3095269,101.806,0.090,0.025,0.000,0.000,0.0600,-0.0020,0.9960,-2.64,0.85,0.58,0.000,-3.447,0.249,1,1929,0,0.0,1,0,1,15.0,0.0,133,1,0,145,26495
44180,219763800,1,1,11,53.7182871,-1.3095272,101.627,0.061,0.017,0.000,0.000,0.0610,-0.0020,1.0030,-2.75,0.81,0.58,0.000,-3.480,0.276,1,1972,0,0.0,1,0,1,15.0,0.0,133,1,0,-90,26495
44267,219763880,1,1,11,53.7182886,-1.3095274,101.456,0.047,0.013,0.000,0.000,0.0630,0.0000,1.0000,-2.82,0.82,0.58,0.000,-3.605,0.305,1,2003,0,0.0,1,0,1,15.0,0.0,133,1,0,-90,26495
44332,219763920,1,1,11,53.7182893,-1.3095275,101.381,0.036,0.010,0.000,0.000,0.0580,-0.0100,1.0100,-3.01,0.82,0.57,0.000,-3.287,0.295,1,2003,0,0.0,1,0,1,15.0,0.0,133,1,0,-109,-29055
44419,219764040,1,1,11,53.7182912,-1.3095279,101.162,0.072,0.020,0.000,0.000,0.0610,-0.0050,0.9990,-2.98,0.84,0.58,0.000,-3.494,0.283,1,1949,0,0.0,1,0,1,15.0,0.0,133,1,0,-109,-29055
44482,219764080,1,1,11,53.7182917,-1.3095280,101.097,0.122,0.034,0.000,0.000,0.0590,0.0000,1.0010,-2.87,0.82,0.59,0.000,-3.373,0.290,1,1949,0,0.0,1,0,1,15.0,0.0,133,1,0,112,-30593
44568,219764200,1,1,11,53.7182933,-1.3095283,100.916,0.140,0.039,0.000,0.000,0.0660,-0.0020,0.9950,-2.79,0.81,0.57,0.000,-3.795,0.297,1,2011,0,0.0,1,0,1,15.0,0.0,133,1,0,112,-30593
44679,219764280,1,1,11,53.7182943,-1.3095285,100.807,0.086,0.024,0.000,0.000,0.0540,0.0000,0.9990,-2.81,0.83,0.61,0.000,-3.094,0.302,1,1949,0,0.0,1,0,1,15.0,0.0,133,1,0,-101,-7040
44742,219764360,1,1,11,53.7182952,-1.3095286,100.710,0.108,0.030,0.000,0.000,0.0580,-0.0090,1.0020,-2.84,0.82,0.57,0.000,-3.313,0.303,1,1949,0,0.0,1,0,1,17.0,0.0,133,1,0,-42,-29570
44830,219764440,1,1,11,53.7182961,-1.3095288,100.614,0.054,0.015,0.000,0.000,0.0560,0.0040,0.9970,-2.80,0.83,0.59,0.000,-3.215,0.317,1,1988,0,0.0,1,0,1,17.0,0.0,133,1,0,-42,-29570
44894,219764520,1,1,11,53.7182969,-1.3095290,100.524,0.068,0.019,0.000,0.000,0.0590,-0.0060,0.9960,-2.98,0.85,0.57,0.000,-3.390,0.315,1,1964,0,0.0,1,0,1,17.0,0.0,133,1,0,17,21121
44980,219764600,1,1,11,53.7182976,-1.3095291,100.451,0.173,0.048,0.000,0.000,0.0640,-0.0180,1.0000,-3.08,0.85,0.54,0.000,-3.662,0.297,1,1964,0,0.0,1,0,1,17.0,0.0,133,1,0,17,21121
45044,219764680,1,1,11,53.7182983,-1.3095293,100.378,0.022,0.006,0.000,0.000,0.0570,-0.0070,1.0040,-2.97,0.82,0.55,0.000,-3.249,0.297,1,1937,0,0.0,1,0,1,17.0,0.0,133,1,0,14,8829
45130,219764760,1,1,11,53.7182990,-1.3095294,100.308,0.058,0.016,0.000,0.000,0.0520,-0.0140,1.0060,-3.07,0.84,0.53,0.000,-2.959,0.279,1,1937,0,0.0,1,0,1,17.0,0.0,133,1,0,-42,8829
45195,219764800,1,1,11,53.7182993,-1.3095294,100.278,0.187,0.052,0.000,0.000,0.0610,0.0030,0.9990,-2.87,0.85,0.59,0.000,-3.494,0.290,1,1960,0,0.0,1,0,1,17.0,0.0,133,1,0,-45,23425
45280,219764880,1,1,11,53.7182998,-1.3095295,100.222,0.025,0.007,0.000,0.000,0.0700,-0.0010,1.0000,-2.92,0.80,0.58,0.000,-4.004,0.284,1,1960,0,0.0,1,0,1,17.0,0.0,133,1,0,42,15997
45345,219764960,1,1,11,53.7183003,-1.3095297,100.175,0.112,0.031,0.000,0.000,0.0640,-0.0120,1.0000,-2.98,0.84,0.52,0.000,-3.662,0.268,1,1988,0,0.0,1,0,1,17.0,0.0,133,1,0,42,15997
45430,219765040,1,1,11,53.7183009,-1.3095298,100.122,0.061,0.017,0.000,0.000,0.0450,-0.0070,0.9990,-2.87,0.86,0.55,0.000,-2.579,0.279,1,1988,0,0.0,1,0,1,17.0,0.0,133,1,0,-64,-11647
45497,219765120,1,1,11,53.7183013,-1.3095299,100.076,0.022,0.006,0.000,0.000,0.0530,0.0090,0.9970,-2.71,0.80,0.64,0.000,-3.043,0.286,1,1945,0,0.0,1,0,1,17.0,0.0,133,1,0,-64,-11647
45581,219765200,1,1,11,53.7183018,-1.3095301,100.032,0.061,0.017,0.000,0.000,0.0580,-0.0030,1.0040,-2.97,0.83,0.58,0.000,-3.306,0.288,1,1945,0,0.0,1,0,1,17.0,0.0,133,1,0,104,-6786
45657,219765280,1,1,11,53.7183023,-1.3095302,99.994,0.140,0.039,0.000,0.000,0.0540,0.0080,1.0000,-2.92,0.85,0.63,0.000,-3.091,0.315,1,2003,0,0.0,1,0,1,17.0,0.0,133,1,0,104,-6786
45744,219765360,1,1,11,53.7183027,-1.3095302,99.955,0.072,0.020,0.000,0.000,0.0560,0.0000,1.0040,-3.01,0.82,0.61,0.000,-3.192,0.299,1,1960,0,0.0,1,0,1,17.0,0.0,133,1,0,-28,11137
45808,219765400,1,1,11,53.7183029,-1.3095303,99.935,0.061,0.017,0.000,0.000,0.0600,-0.0070,0.9990,-3.06,0.82,0.58,0.000,-3.437,0.290,1,1960,0,0.0,1,0,1,17.0,0.0,133,1,0,-28,11137
45894,219765520,1,1,11,53.7183035,-1.3095304,99.886,0.058,0.016,0.000,0.000,0.0580,-0.0050,0.9990,-3.00,0.81,0.57,0.000,-3.323,0.270,1,1933,0,0.0,1,0,1,17.0,0.0,133,1,0,31,17277
45957,219765600,1,1,11,53.7183039,-1.3095305,99.850,0.094,0.026,0.000,0.000,0.0690,0.0100,0.9800,-2.96,0.85,0.59,0.000,-4.027,0.272,1,1933,0,0.0,1,0,1,17.0,0.0,133,1,0,-78,-19842
46043,219765640,1,1,11,53.7183040,-1.3095306,99.834,0.068,0.019,0.000,0.000,0.0590,-0.0150,0.9930,-3.21,0.83,0.54,0.000,-3.400,0.249,1,1933,0,0.0,1,0,1,17.0,0.0,133,1,0,-101,-27007
46109,219765720,1,1,11,53.7183043,-1.3095306,99.806,0.104,0.029,0.000,0.000,0.0650,-0.0020,0.9960,-3.04,0.81,0.61,0.000,-3.734,0.242,1,1933,0,0.0,1,0,1,17.0,0.0,133,1,0,-101,-27007
46195,219765800,1,1,11,53.7183047,-1.3095307,99.777,0.140,0.039,0.000,0.000,0.0670,-0.0050,0.9880,-3.03,0.82,0.54,0.000,-3.880,0.221,1,1957,0,0.0,1,0,1,17.0,0.0,133,1,0,92,6014
46258,219765880,1,1,11,53.7183050,-1.3095309,99.748,0.068,0.019,0.000,0.000,0.0590,-0.0150,1.0060,-2.76,0.81,0.56,0.000,-3.356,0.217,1,1937,0,0.0,1,0,1,17.0,0.0,133,1,0,36,23677
46345,219765960,1,1,11,53.7183053,-1.3095309,99.721,0.076,0.021,0.000,0.000,0.0570,0.0100,1.0000,-2.56,0.86,0.62,0.000,-3.262,0.263,1,2042,0,0.0,1,0,1,17.0,0.0,133,1,0,-50,26496
46409,219766040,1,1,11,53.7183056,-1.3095310,99.699,0.022,0.006,0.000,0.000,0.0630,-0.0050,1.0000,-2.79,0.86,0.54,0.000,-3.605,0.287,1,2042,0,0.0,1,0,1,17.0,0.0,133,1,0,28,13441
46494,219766120,1,1,11,53.7183059,-1.3095311,99.677,0.086,0.024,0.000,0.000,0.0540,-0.0050,0.9920,-2.90,0.87,0.56,0.000,-3.116,0.301,1,1945,0,0.0,1,0,1,17.0,0.0,133,1,0,131,28542
46558,219766200,1,1,11,53.7183061,-1.3095311,99.653,0.022,0.006,0.000,0.000,0.0560,-0.0030,0.9960,-2.91,0.84,0.57,0.000,-3.218,0.307,1,1945,0,0.0,1,0,1,17.0,0.0,133,1,0,36,9597
46645,219766240,1,1,11,53.7183063,-1.3095312,99.638,0.112,0.031,0.000,0.000,0.0560,-0.0040,1.0050,-3.00,0.84,0.59,0.000,-3.189,0.304,1,1929,0,0.0,1,0,1,17.0,0.0,133,1,0,-112,-1920
46710,219766320,1,1,11,53.7183066,-1.3095313,99.620,0.112,0.031,0.000,0.000,0.0620,-0.0050,0.9930,-2.88,0.84,0.56,0.000,-3.573,0.297,1,1929,0,0.0,1,0,1,17.0,0.0,133,1,0,129,-1920
46795,219766440,1,1,11,53.7183069,-1.3095314,99.589,0.072,0.020,0.000,0.000,0.0620,-0.0030,1.0040,-2.85,0.79,0.59,0.000,-3.534,0.307,1,1992,0,0.0,1,0,1,17.0,0.0,133,1,0,129,15743
46858,219766480,1,1,11,53.7183070,-1.3095314,99.577,0.079,0.022,0.000,0.000,0.0580,-0.0080,1.0060,-2.98,0.82,0.58,0.000,-3.300,0.300,1,1945,0,0.0,1,0,1,17.0,0.0,133,1,0,87,30845
46946,219766560,1,1,11,53.7183073,-1.3095315,99.560,0.065,0.018,0.000,0.000,0.0560,0.0120,0.9990,-2.89,0.86,0.63,0.000,-3.208,0.302,1,2031,0,0.0,1,0,1,17.0,0.0,133,1,0,-129,7295
47010,219766640,1,1,11,53.7183075,-1.3095316,99.544,0.112,0.031,0.000,0.000,0.0520,0.0090,0.9950,-2.91,0.90,0.63,0.000,-2.992,0.284,1,2066,0,0.0,1,0,1,17.0,0.0,133,1,0,-76,-4223
47094,219766720,1,1,11,53.7183077,-1.3095316,99.527,0.112,0.031,0.000,0.000,0.0680,-0.0070,0.9960,-2.99,0.79,0.60,0.000,-3.906,0.262,1,1988,0,0.0,1,0,1,17.0,0.0,133,1,0,112,24191
47159,219766800,1,1,11,53.7183079,-1.3095317,99.507,0.068,0.019,0.000,0.000,0.0580,0.0010,0.9960,-2.76,0.80,0.61,0.000,-3.333,0.272,1,1972,0,0.0,1,0,1,17.0,0.0,133,1,0,98,-20354
47245,219766840,1,1,11,53.7183080,-1.3095317,99.503,0.025,0.007,0.000,0.000,0.0550,-0.0280,1.0170,-2.95,0.81,0.53,0.000,-3.096,0.245,1,2039,0,0.0,1,0,1,17.0,0.0,133,1,0,-101,9599
47309,219766920,1,1,11,53.7183082,-1.3095318,99.484,0.025,0.007,0.000,0.000,0.0600,0.0010,0.9960,-2.68,0.85,0.58,0.000,-3.447,0.293,1,1980,0,0.0,1,0,1,17.0,0.0,133,1,0,-45,-3711
47397,219767000,1,1,11,53.7183084,-1.3095319,99.464,0.068,0.019,0.000,0.000,0.0680,-0.0040,1.0050,-2.76,0.78,0.58,0.000,-3.871,0.293,1,1917,0,0.0,1,0,1,17.0,0.0,133,1,0,137,-17792
47463,219767080,1,1,11,53.7183086,-1.3095319,99.456,0.133,0.037,0.000,0.000,0.0640,-0.0080,1.0050,-2.90,0.78,0.55,0.000,-3.644,0.294,1,1953,0,0.0,1,0,1,17.0,0.0,132,1,0,112,126
47548,219767160,1,1,11,53.7183087,-1.3095320,99.435,0.018,0.005,0.000,0.000,0.0630,-0.0010,1.0030,-2.96,0.79,0.59,0.000,-3.594,0.309,1,1968,0,0.0,1,0,1,17.0,0.0,132,1,0,-104,126
47613,219767240,1,1,11,53.7183090,-1.3095321,99.421,0.126,0.035,0.000,0.000,0.0720,0.0000,0.9980,-3.20,0.80,0.59,0.000,-4.126,0.297,1,2027,0,0.0,1,0,1,17.0,0.0,132,1,0,-140,-3456
47699,219767320,1,1,11,53.7183091,-1.3095321,99.410,0.079,0.022,0.000,0.000,0.0580,-0.0080,1.0040,-3.31,0.85,0.62,0.000,-3.306,0.257,1,1941,0,0.0,1,0,1,17.0,0.0,132,1,0,48,-3456
47762,219767400,1,1,11,53.7183092,-1.3095322,99.388,0.068,0.019,0.000,0.000,0.0620,-0.0180,1.0020,-3.13,0.82,0.57,0.000,-3.541,0.221,1,1968,0,0.0,1,0,1,17.0,0.0,132,1,0,84,8063
47851,219767480,1,1,11,53.7183094,-1.3095323,99.375,0.043,0.012,0.000,0.000,0.0630,-0.0200,0.9980,-2.90,0.82,0.51,0.000,-3.612,0.203,1,2015,0,0.0,1,0,1,17.0,0.0,132,1,0,84,8063
47917,219767520,1,1,11,53.7183095,-1.3095323,99.369,0.058,0.016,0.000,0.000,0.0520,-0.0200,1.0130,-2.75,0.81,0.55,0.000,-2.939,0.194,1,2015,0,0.0,1,0,1,17.0,0.0,132,1,0,-76,-27520
48003,219767600,1,1,11,53.7183097,-1.3095324,99.351,0.054,0.015,0.000,0.000,0.0610,-0.0060,0.9950,-2.57,0.84,0.56,0.000,-3.508,0.220,1,1953,0,0.0,1,0,1,17.0,0.0,132,1,0,159,31615
48068,219767680,1,1,11,53.7183098,-1.3095325,99.335,0.007,0.002,0.000,0.000,0.0660,-0.0010,0.9930,-2.63,0.85,0.55,0.000,-3.803,0.245,1,1953,0,0.0,1,0,1,17.0,0.0,132,1,0,159,31615
48156,219767760,1,1,11,53.7183100,-1.3095326,99.325,0.022,0.006,0.000,0.000,0.0580,-0.0070,0.9980,-2.70,0.85,0.56,0.000,-3.326,0.269,1,1953,0,0.0,1,0,1,17.0,0.0,132,1,0,-64,-22657
48219,219767840,1,1,11,53.7183101,-1.3095327,99.314,0.036,0.010,0.000,0.000,0.0680,-0.0030,1.0030,-2.75,0.81,0.57,0.000,-3.879,0.286,1,1953,0,0.0,1,0,1,17.0,0.0,132,1,0,-64,-22657
48307,219767920,1,1,11,53.7183103,-1.3095328,99.297,0.036,0.010,0.000,0.000,0.0560,-0.0040,0.9920,-2.97,0.89,0.55,0.000,-3.231,0.285,1,1953,0,0.0,1,0,1,17.0,0.0,132,1,0,78,-30079
48372,219768000,1,1,11,53.7183104,-1.3095329,99.287,0.036,0.010,0.000,0.000,0.0470,-0.0110,1.0040,-3.01,0.91,0.56,0.000,-2.680,0.265,1,1886,0,0.0,1,0,1,17.0,0.0,132,1,0,115,15485
48457,219768080,1,1,13,53.7183106,-1.3095329,99.296,0.097,0.027,0.000,0.000,0.0630,-0.0050,0.9970,-2.93,0.81,0.57,0.000,-3.616,0.270,1,2015,0,0.0,1,0,1,17.0,0.0,132,1,0,115,15485
48521,219768160,1,1,13,53.7183109,-1.3095327,99.316,0.025,0.007,0.000,0.000,0.0600,0.0000,0.9970,-2.92,0.84,0.59,0.000,-3.444,0.270,1,1992,0,0.0,1,0,1,17.0,0.0,132,1,0,-112,13441
48606,219768240,1,1,13,53.7183112,-1.3095325,99.330,0.151,0.042,0.000,0.000,0.0630,-0.0060,1.0150,-2.99,0.81,0.59,0.000,-3.552,0.267,1,1992,0,0.0,1,0,1,17.0,0.0,132,1,0,-112,13441
48672,219768280,1,1,13,53.7183113,-1.3095325,99.342,0.047,0.013,0.000,0.000,0.0510,-0.0040,1.0010,-3.01,0.87,0.56,0.000,-2.917,0.264,1,1925,0,0.0,1,0,1,17.0,0.0,132,1,0,76,13441
48757,219768360,1,1,13,53.7183116,-1.3095323,99.358,0.166,0.046,0.000,0.000,0.0600,-0.0010,1.0030,-3.10,0.80,0.64,0.000,-3.423,0.260,1,1949,0,0.0,1,0,1,17.0,0.0,132,1,0,76,13441
48825,219768440,1,1,13,53.7183119,-1.3095322,99.378,0.126,0.035,0.000,0.000,0.0600,-0.0150,1.0020,-3.15,0.80,0.54,0.000,-3.427,0.237,1,1949,0,0.0,1,0,1,17.0,0.0,132,1,0,76,30593
48911,219768520,1,1,13,53.7183121,-1.3095321,99.391,0.011,0.003,0.000,0.000,0.0570,0.0020,1.0020,-2.85,0.79,0.61,0.000,-3.256,0.234,1,1992,0,0.0,1,0,1,17.0,0.0,132,1,0,50,10113
48978,219768600,1,1,13,53.7183124,-1.3095320,99.403,0.065,0.018,0.000,0.000,0.0570,-0.0030,1.0010,-2.99,0.82,0.60,0.000,-3.259,0.224,1,1949,0,0.0,1,0,1,17.0,0.0,132,1,0,50,10113
49062,219768680,1,1,13,53.7183126,-1.3095319,99.422,0.029,0.008,0.000,0.000,0.0640,-0.0090,0.9970,-3.15,0.81,0.55,0.000,-3.673,0.211,1,1949,0,0.0,1,0,1,17.0,0.0,132,1,0,-36,12669
49127,219768760,1,1,13,53.7183128,-1.3095319,99.423,0.104,0.029,0.000,0.000,0.0610,-0.0110,0.9970,-3.04,0.84,0.55,0.000,-3.501,0.195,1,1984,0,0.0,1,0,1,17.0,0.0,132,1,0,-36,12669
49212,219768840,1,1,13,53.7183130,-1.3095318,99.434,0.040,0.011,0.000,0.000,0.0630,-0.0090,0.9960,-2.92,0.81,0.54,0.000,-3.619,0.184,1,1984,0,0.0,1,0,1,17.0,0.0,132,1,0,-14,32129
49277,219768880,1,1,13,53.7183131,-1.3095317,99.444,0.065,0.018,0.000,0.000,0.0560,-0.0110,0.9970,-2.72,0.83,0.55,0.000,-3.215,0.186,1,1914,0,0.0,1,0,1,17.0,0.0,132,1,0,-14,32129
49361,219769000,1,1,13,53.7183134,-1.3095316,99.457,0.036,0.010,0.000,0.000,0.0650,-0.0080,0.9970,-2.38,0.84,0.55,0.000,-3.730,0.223,1,1914,0,0.0,1,0,1,17.0,0.0,132,1,0,118,-32642
49427,219769040,1,1,13,53.7183135,-1.3095316,99.458,0.090,0.025,0.000,0.000,0.0620,-0.0060,0.9960,-2.40,0.87,0.57,0.000,-3.562,0.243,1,1960,0,0.0,1,0,1,17.0,0.0,132,1,0,118,-32642
49510,219769120,1,1,13,53.7183137,-1.3095316,99.463,0.040,0.011,0.000,0.000,0.0610,-0.0010,0.9980,-2.41,0.87,0.53,0.000,-3.498,0.300,1,1960,0,0.0,1,0,1,17.0,0.0,132,1,0,14,-8575
49578,219769200,1,1,13,53.7183138,-1.3095315,99.470,0.014,0.004,0.000,0.000,0.0570,0.0060,1.0030,-2.50,0.79,0.58,0.000,-3.253,0.334,1,1972,0,0.0,1,0,1,17.0,0.0,132,1,0,14,-8575
49664,219769280,1,1,13,53.7183140,-1.3095314,99.481,0.083,0.023,0.000,0.000,0.0570,0.0010,1.0120,-2.80,0.74,0.61,0.000,-3.224,0.359,1,1972,0,0.0,1,0,1,17.0,0.0,132,1,0,129,-28034
49727,219769320,1,1,13,53.7183141,-1.3095315,99.485,0.155,0.043,0.000,0.000,0.0550,0.0120,0.9930,-2.92,0.78,0.60,0.000,-3.170,0.376,1,1925,0,0.0,1,0,1,17.0,0.0,132,1,0,129,-28034
49814,219769440,1,1,13,53.7183143,-1.3095313,99.499,0.061,0.017,0.000,0.000,0.0530,-0.0020,1.0020,-3.30,0.87,0.59,0.000,-3.028,0.349,1,1925,0,0.0,1,0,1,17.0,0.0,132,1,0,-179,-17536
49877,219769520,1,1,13,53.7183145,-1.3095313,99.505,0.043,0.012,0.000,0.000,0.0610,-0.0080,0.9950,-3.45,0.92,0.58,0.000,-3.508,0.297,1,1914,0,0.0,1,0,1,17.0,0.0,132,1,0,-129,-17536
49964,219769600,1,1,13,53.7183147,-1.3095312,99.515,0.086,0.024,0.000,0.000,0.0620,-0.0160,1.0030,-3.39,0.86,0.56,0.000,-3.537,0.258,1,1914,0,0.0,1,0,1,17.0,0.0,132,1,0,45,-17792
50028,219769640,1,1,13,53.7183147,-1.3095312,99.523,0.083,0.023,0.000,0.000,0.0590,-0.0110,1.0000,-3.25,0.85,0.58,0.000,-3.377,0.238,1,1972,0,0.0,1,0,1,17.0,0.0,132,1,0,48,-17792
50114,219769720,1,1,13,53.7183149,-1.3095312,99.530,0.112,0.031,0.000,0.000,0.0570,-0.0040,1.0010,-3.09,0.81,0.60,0.000,-3.259,0.219,1,1972,0,0.0,1,0,1,17.0,0.0,132,1,0,-134,-25217
50179,219769800,1,1,13,53.7183150,-1.3095311,99.542,0.043,0.012,0.000,0.000,0.0600,-0.0090,0.9950,-3.09,0.83,0.55,0.000,-3.451,0.197,1,1996,0,0.0,1,0,1,17.0,0.0,133,1,0,-134,-25217
50265,219769880,1,1,13,53.7183152,-1.3095310,99.554,0.065,0.018,0.000,0.000,0.0640,-0.0110,0.9970,-3.15,0.84,0.54,0.000,-3.673,0.177,1,1996,0,0.0,1,0,1,17.0,0.0,133,1,0,64,32640
50331,219769920,1,1,13,53.7183152,-1.3095310,99.559,0.047,0.013,0.000,0.000,0.0620,-0.0040,0.9950,-3.03,0.82,0.57,0.000,-3.566,0.175,1,1937,0,0.0,1,0,1,17.0,0.0,133,1,0,-101,32640
50417,219770040,1,1,13,53.7183154,-1.3095310,99.572,0.086,0.024,0.000,0.000,0.0640,-0.0110,0.9960,-3.14,0.84,0.55,0.000,-3.677,0.152,1,1937,0,0.0,1,0,1,17.0,0.0,133,1,0,-101,-16770
50483,219770080,1,1,13,53.7183154,-1.3095310,99.574,0.173,0.048,0.000,0.000,0.0640,-0.0160,0.9970,-3.18,0.83,0.54,0.000,-3.673,0.131,1,1937,0,0.0,1,0,1,17.0,0.0,133,1,0,25,17537
50566,219770160,1,1,13,53.7183156,-1.3095309,99.578,0.079,0.022,0.000,0.000,0.0600,-0.0080,0.9900,-3.02,0.85,0.55,0.000,-3.468,0.120,1,1960,0,0.0,1,0,1,17.0,0.0,133,1,0,25,17537
50634,219770240,1,1,13,53.7183157,-1.3095309,99.590,0.148,0.041,0.000,0.000,0.0480,-0.0050,0.9950,-2.83,0.85,0.59,0.000,-2.762,0.124,1,2050,0,0.0,1,0,1,17.0,0.0,133,1,0,123,-1152
50723,219770320,1,1,13,53.7183158,-1.3095308,99.592,0.194,0.054,0.000,0.000,0.0590,0.0040,0.9920,-2.70,0.85,0.62,0.000,-3.404,0.156,1,2050,0,0.0,1,0,1,17.0,0.0,133,1,0,-87,19327
50788,219770400,1,1,13,53.7183160,-1.3095308,99.605,0.169,0.047,0.000,0.000,0.0530,0.0010,0.9980,-2.66,0.89,0.59,0.000,-3.040,0.164,1,2039,0,0.0,1,0,1,17.0,0.0,133,1,0,-87,19327
50873,219770480,1,1,13,53.7183161,-1.3095308,99.615,0.061,0.017,0.000,0.000,0.0550,-0.0010,1.0060,-2.72,0.82,0.60,0.000,-3.129,0.171,1,2039,0,0.0,1,0,1,17.0,0.0,133,1,0,134,24191
50937,219770560,1,1,13,53.7183163,-1.3095307,99.626,0.018,0.005,0.000,0.000,0.0540,-0.0120,0.9930,-3.04,0.89,0.51,0.000,-3.113,0.165,1,1949,0,0.0,1,0,1,17.0,0.0,133,1,0,134,24191
51023,219770640,1,1,13,53.7183164,-1.3095307,99.631,0.083,0.023,0.000,0.000,0.0700,-0.0030,1.0050,-2.89,0.77,0.61,0.000,-3.984,0.185,1,1949,0,0.0,1,0,1,17.0,0.0,133,1,0,-84,-25985
51088,219770720,1,1,13,53.7183165,-1.3095306,99.642,0.112,0.031,0.000,0.000,0.0640,-0.0060,0.9980,-2.96,0.86,0.57,0.000,-3.669,0.182,1,2007,0,0.0,1,0,1,17.0,0.0,133,1,0,-84,-25985
51172,219770800,1,1,13,53.7183166,-1.3095306,99.653,0.184,0.051,0.000,0.000,0.0580,-0.0080,1.0070,-2.95,0.83,0.60,0.000,-3.296,0.179,1,2007,0,0.0,1,0,1,17.0,0.0,133,1,0,98,23424
51236,219770840,1,1,13,53.7183167,-1.3095306,99.662,0.011,0.003,0.000,0.000,0.0560,-0.0010,1.0010,-2.87,0.83,0.59,0.000,-3.202,0.187,1,2000,0,0.0,1,0,1,17.0,0.0,133,1,0,98,23424
51324,219770920,1,1,13,53.7183168,-1.3095305,99.669,0.029,0.008,0.000,0.000,0.0610,-0.0090,0.9960,-3.01,0.80,0.56,0.000,-3.505,0.161,1,2000,0,0.0,1,0,1,17.0,0.0,133,1,0,-90,-6786
51387,219771000,1,1,13,53.7183169,-1.3095305,99.677,0.072,0.020,0.000,0.000,0.0690,-0.0100,0.9930,-2.96,0.78,0.56,0.000,-3.975,0.160,1,1996,0,0.0,1,0,1,17.0,0.0,133,1,0,-90,-6786
51473,219771080,1,1,13,53.7183170,-1.3095305,99.686,0.058,0.016,0.000,0.000,0.0660,-0.0070,0.9990,-2.90,0.80,0.55,0.000,-3.780,0.161,1,1980,0,0.0,1,0,1,17.0,0.0,133,1,0,104,-22655
51536,219771160,1,1,13,53.7183171,-1.3095304,99.695,0.144,0.040,0.000,0.000,0.0570,-0.0030,1.0000,-2.95,0.83,0.56,0.000,-3.262,0.155,1,1980,0,0.0,1,0,1,17.0,0.0,133,1,0,104,-22655
51623,219771240,1,1,13,53.7183171,-1.3095304,99.700,0.083,0.023,0.000,0.000,0.0610,-0.0120,0.9990,-3.03,0.83,0.56,0.000,-3.494,0.147,1,1980,0,0.0,1,0,1,17.0,0.0,133,1,0,-36,26493
51688,219771320,1,1,13,53.7183173,-1.3095304,99.703,0.090,0.025,0.000,0.000,0.0650,0.0040,1.0010,-2.91,0.86,0.63,0.000,-3.715,0.164,1,2035,0,0.0,1,0,1,17.0,0.0,133,1,0,-36,26493
51773,219771360,1,1,13,53.7183173,-1.3095304,99.706,0.101,0.028,0.000,0.000,0.0560,-0.0230,1.0090,-3.20,0.80,0.51,0.000,-3.177,0.135,1,2027,0,0.0,1,0,1,17.0,0.0,133,1,0,45,19073
51841,219771440,1,1,13,53.7183174,-1.3095303,99.716,0.097,0.027,0.000,0.000,0.0700,-0.0120,0.9910,-3.04,0.77,0.54,0.000,-4.040,0.129,1,2027,0,0.0,1,0,1,17.0,0.0,133,1,0,45,-20866
51928,219771560,1,1,13,53.7183175,-1.3095303,99.723,0.101,0.028,0.000,0.000,0.0550,-0.0030,0.9960,-2.69,0.82,0.59,0.000,-3.161,0.137,1,2011,0,0.0,1,0,1,17.0,0.0,133,1,0,45,-20866
51991,219771600,1,1,13,53.7183175,-1.3095303,99.728,0.122,0.034,0.000,0.000,0.0560,-0.0180,1.0060,-2.83,0.83,0.52,0.000,-3.186,0.128,1,1960,0,0.0,1,0,1,17.0,0.0,133,1,0,-78,14463
52076,219771720,1,1,13,53.7183177,-1.3095302,99.738,0.090,0.025,0.000,0.000,0.0770,-0.0040,0.9960,-2.72,0.74,0.60,0.000,-4.421,0.157,1,2078,0,0.0,1,0,1,17.0,0.0,133,1,0,-78,14463
52140,219771760,1,1,13,53.7183177,-1.3095302,99.747,0.112,0.031,0.000,0.000,0.0540,-0.0110,0.9990,-2.83,0.88,0.55,0.000,-3.094,0.156,1,2078,0,0.0,1,0,1,17.0,0.0,133,1,0,145,12927
52226,219771840,1,1,13,53.7183178,-1.3095302,99.749,0.072,0.020,0.000,0.000,0.0590,-0.0150,1.0050,-2.89,0.81,0.54,0.000,-3.360,0.176,1,2007,0,0.0,1,0,1,17.0,0.0,133,1,0,145,12927
52289,219771880,1,1,13,53.7183178,-1.3095301,99.754,0.252,0.070,0.000,0.000,0.0570,0.0030,0.9950,-2.91,0.81,0.57,0.000,-3.279,0.187,1,1964,0,0.0,1,0,1,17.0,0.0,133,1,0,-118,19583
52376,219772000,1,1,13,53.7183180,-1.3095301,99.771,0.108,0.030,0.000,0.000,0.0600,0.0000,1.0010,-3.15,0.86,0.63,0.000,-3.430,0.169,1,2003,0,0.0,1,0,1,17.0,0.0,133,1,0,31,16513
52438,219772080,1,1,13,53.7183181,-1.3095300,99.782,0.086,0.024,0.000,0.000,0.0600,-0.0160,0.9950,-3.26,0.84,0.54,0.000,-3.451,0.133,1,1917,0,0.0,1,0,1,17.0,0.0,133,1,0,64,-29056
52525,219772120,1,1,13,53.7183181,-1.3095300,99.782,0.032,0.009,0.000,0.000,0.0620,-0.0100,0.9960,-3.13,0.82,0.57,0.000,-3.562,0.121,1,1960,0,0.0,1,0,1,17.0,0.0,133,1,0,-39,32381
52591,219772200,1,1,13,53.7183182,-1.3095300,99.796,0.050,0.014,0.000,0.000,0.0620,-0.0210,1.0010,-2.98,0.84,0.53,0.000,-3.544,0.105,1,1980,0,0.0,1,0,1,17.0,0.0,133,1,0,31,-27774
52675,219772240,1,1,13,53.7183182,-1.3095300,99.798,0.101,0.028,0.000,0.000,0.0650,-0.0030,0.9950,-2.76,0.81,0.61,0.000,-3.738,0.117,1,1980,0,0.0,1,0,1,17.0,0.0,132,1,0,31,-27774
52742,219772360,1,1,13,53.7183184,-1.3095299,99.812,0.068,0.019,0.000,0.000,0.0560,0.0000,1.0020,-2.76,0.85,0.58,0.000,-3.199,0.132,1,1957,0,0.0,1,0,1,17.0,0.0,132,1,0,143,25981
52831,219772440,1,1,13,53.7183185,-1.3095298,99.823,0.104,0.029,0.000,0.000,0.0610,-0.0120,0.9960,-2.87,0.83,0.53,0.000,-3.505,0.141,1,1957,0,0.0,1,0,1,17.0,0.0,132,1,0,143,25981
52894,219772520,1,1,13,53.7183186,-1.3095298,99.830,0.119,0.033,0.000,0.000,0.0590,-0.0060,1.0020,-2.73,0.83,0.56,0.000,-3.370,0.162,1,1972,0,0.0,1,0,1,17.0,0.0,132,1,0,-73,-3458
52978,219772600,1,1,13,53.7183186,-1.3095298,99.844,0.180,0.050,0.000,0.000,0.0610,-0.0040,0.9970,-2.86,0.84,0.55,0.000,-3.501,0.162,1,1972,0,0.0,1,0,1,17.0,0.0,132,1,0,92,-3458
53088,219772680,1,1,13,53.7183187,-1.3095297,99.856,0.083,0.023,0.000,0.000,0.0620,0.0000,0.9960,-2.83,0.86,0.59,0.000,-3.562,0.169,1,1945,0,0.0,1,0,1,17.0,0.0,132,1,0,81,7809
53153,219772760,1,1,13,53.7183188,-1.3095297,99.862,0.133,0.037,0.000,0.000,0.0700,-0.0040,0.9910,-2.93,0.79,0.51,0.000,-4.040,0.174,1,1968,0,0.0,1,0,1,17.0,0.0,132,1,0,-84,-15743
53243,219772840,1,1,13,53.7183189,-1.3095297,99.877,0.227,0.063,0.000,0.000,0.0660,-0.0050,1.0010,-3.02,0.80,0.57,0.000,-3.772,0.173,1,1949,0,0.0,1,0,1,17.0,0.0,132,1,0,84,31614
53307,219772920,1,1,13,53.7183190,-1.3095296,99.886,0.054,0.015,0.000,0.000,0.0610,-0.0130,1.0040,-3.19,0.81,0.57,0.000,-3.477,0.159,1,1949,0,0.0,1,0,1,17.0,0.0,132,1,0,84,31614
53393,219773000,1,1,13,53.7183191,-1.3095296,99.893,0.032,0.009,0.000,0.000,0.0570,-0.0140,1.0050,-3.03,0.82,0.57,0.000,-3.246,0.133,1,1992,0,0.0,1,0,1,17.0,0.0,132,1,0,-131,-12160
53462,219773080,1,1,13,53.7183191,-1.3095296,99.902,0.097,0.027,0.000,0.000,0.0610,-0.0090,0.9980,-2.88,0.82,0.56,0.000,-3.498,0.123,1,1984,0,0.0,1,0,1,17.0,0.0,132,1,0,131,-30336
53548,219773160,1,1,13,53.7183192,-1.3095296,99.913,0.097,0.027,0.000,0.000,0.0610,-0.0080,1.0010,-2.88,0.85,0.57,0.000,-3.487,0.117,1,1968,0,0.0,1,0,1,17.0,0.0,132,1,0,131,-30336
53611,219773240,1,1,13,53.7183193,-1.3095296,99.919,0.104,0.029,0.000,0.000,0.0650,-0.0160,1.0090,-2.87,0.82,0.56,0.000,-3.686,0.119,1,1941,0,0.0,1,0,1,17.0,0.0,132,1,0,92,30845
53698,219773320,1,1,13,53.7183194,-1.3095296,99.928,0.158,0.044,0.000,0.000,0.0690,-0.0070,1.0050,-2.81,0.78,0.57,0.000,-3.928,0.121,1,1941,0,0.0,1,0,1,17.0,0.0,132,1,0,92,30845
53761,219773400,1,1,13,53.7183194,-1.3095295,99.936,0.072,0.020,0.000,0.000,0.0620,-0.0080,0.9980,-2.86,0.84,0.56,0.000,-3.555,0.122,1,2007,0,0.0,1,0,1,17.0,0.0,132,1,0,-78,19840
53846,219773480,1,1,13,53.7183195,-1.3095296,99.942,0.198,0.055,0.000,0.000,0.0620,-0.0090,0.9970,-2.85,0.82,0.56,0.000,-3.558,0.125,1,1929,0,0.0,1,0,1,17.0,0.0,132,1,0,140,-14721
53915,219773520,1,1,13,53.7183195,-1.3095296,99.947,0.079,0.022,0.000,0.000,0.0620,-0.0030,0.9960,-2.80,0.84,0.55,0.000,-3.562,0.135,1,1992,0,0.0,1,0,1,17.0,0.0,132,1,0,140,-14721
54001,219773640,1,1,13,53.7183196,-1.3095296,99.958,0.047,0.013,0.000,0.000,0.0640,-0.0050,0.9980,-2.90,0.84,0.56,0.000,-3.669,0.138,1,2000,0,0.0,1,0,1,17.0,0.0,132,1,0,140,-14721
54064,219773680,1,1,13,53.7183196,-1.3095296,99.966,0.050,0.014,0.000,0.000,0.0630,-0.0100,1.0000,-2.90,0.82,0.56,0.000,-3.605,0.135,1,2000,0,0.0,1,0,1,17.0,0.0,132,1,0,-106,25727
54153,219773760,1,1,13,53.7183197,-1.3095296,99.968,0.094,0.026,0.000,0.000,0.0630,-0.0020,0.9940,-2.92,0.85,0.57,0.000,-3.627,0.144,1,1957,0,0.0,1,0,1,17.0,0.0,132,1,0,115,-128
54218,219773840,1,1,13,53.7183198,-1.3095295,99.976,0.061,0.017,0.000,0.000,0.0600,-0.0090,1.0050,-2.95,0.80,0.57,0.000,-3.417,0.139,1,1957,0,0.0,1,0,1,17.0,0.0,132,1,0,115,-128
54302,219773880,1,1,13,53.7183198,-1.3095296,99.981,0.079,0.022,0.000,0.000,0.0580,-0.0080,1.0010,-2.85,0.79,0.56,0.000,-3.316,0.141,1,1972,0,0.0,1,0,1,17.0,0.0,132,1,0,-84,-11905
54367,219774000,1,1,13,53.7183199,-1.3095296,99.990,0.112,0.031,0.000,0.000,0.0570,0.0000,0.9970,-2.80,0.86,0.56,0.000,-3.272,0.149,1,1988,0,0.0,1,0,1,17.0,0.0,132,1,0,-84,-11905
54454,219774080,1,1,13,53.7183199,-1.3095296,99.993,0.065,0.018,0.000,0.000,0.0520,-0.0070,0.9930,-2.92,0.88,0.54,0.000,-2.998,0.156,1,2015,0,0.0,1,0,1,17.0,0.0,132,1,0,90,27008
54531,219774160,1,1,13,53.7183200,-1.3095296,100.003,0.140,0.039,0.000,0.000,0.0560,-0.0070,1.0050,-2.76,0.81,0.58,0.000,-3.189,0.171,1,1976,0,0.0,1,0,1,17.0,0.0,132,1,0,-90,1150
54616,219774240,1,1,13,53.7183200,-1.3095296,100.008,0.180,0.050,0.000,0.000,0.0550,-0.0100,1.0060,-2.81,0.83,0.53,0.000,-3.129,0.185,1,1976,0,0.0,1,0,1,17.0,0.0,132,1,0,-90,1150
54681,219774320,1,1,13,53.7183201,-1.3095296,100.019,0.108,0.030,0.000,0.000,0.0590,-0.0160,0.9980,-2.96,0.88,0.51,0.000,-3.383,0.183,1,1917,0,0.0,1,0,1,17.0,0.0,132,1,0,118,8321
54765,219774400,1,1,13,53.7183202,-1.3095296,100.026,0.025,0.007,0.000,0.000,0.0570,-0.0040,1.0000,-2.80,0.81,0.61,0.000,-3.262,0.183,1,1957,0,0.0,1,0,1,17.0,0.0,132,1,0,118,8321
54830,219774440,1,1,13,53.7183202,-1.3095296,100.026,0.040,0.011,0.000,0.000,0.0550,-0.0090,0.9980,-2.92,0.88,0.54,0.000,-3.154,0.180,1,1925,0,0.0,1,0,1,17.0,0.0,132,1,0,126,-3970
54914,219774560,1,1,13,53.7183202,-1.3095296,100.038,0.086,0.024,0.000,0.000,0.0600,-0.0090,1.0000,-2.86,0.82,0.55,0.000,-3.434,0.182,1,1925,0,0.0,1,0,1,17.0,0.0,132,1,0,126,-3970
54979,219774600,1,1,13,53.7183203,-1.3095296,100.042,0.090,0.025,0.000,0.000,0.0610,-0.0010,0.9940,-2.78,0.80,0.57,0.000,-3.512,0.194,1,1964,0,0.0,1,0,1,17.0,0.0,132,1,0,-90,-3970
55065,219774680,1,1,13,53.7183203,-1.3095296,100.049,0.090,0.025,0.000,0.000,0.0590,0.0000,0.9960,-2.77,0.82,0.59,0.000,-3.390,0.192,1,1964,0,0.0,1,0,1,17.0,0.0,132,1,0,53,-895
55128,219774760,1,1,13,53.7183204,-1.3095296,100.050,0.079,0.022,0.000,0.000,0.0640,-0.0160,0.9990,-2.88,0.83,0.53,0.000,-3.666,0.183,1,1968,0,0.0,1,0,1,22.0,0.0,132,1,0,53,-895
55216,219774840,1,1,13,53.7183204,-1.3095296,100.059,0.072,0.020,0.000,0.000,0.0570,-0.0020,0.9980,-2.73,0.84,0.57,0.000,-3.269,0.198,1,1968,0,0.0,1,0,1,22.0,0.0,132,1,0,14,11901
55279,219774880,1,1,13,53.7183205,-1.3095296,100.063,0.101,0.028,0.000,0.000,0.0570,-0.0140,1.0080,-2.88,0.82,0.55,0.000,-3.236,0.191,1,2015,0,0.0,1,0,1,22.0,0.0,132,1,0,14,11901
55366,219774960,1,1,13,53.7183205,-1.3095296,100.069,0.047,0.013,0.000,0.000,0.0700,0.0020,0.9950,-2.92,0.79,0.59,0.000,-4.024,0.230,1,2015,0,0.0,1,0,1,22.0,0.0,132,1,0,0,-127
55430,219775040,1,1,13,53.7183205,-1.3095297,100.068,0.112,0.031,0.000,0.000,0.0570,0.0020,1.0020,-3.21,0.83,0.59,0.000,-3.256,0.221,1,1925,0,0.0,1,0,1,22.0,0.0,132,1,0,0,9085
55516,219775120,1,1,13,53.7183206,-1.3095296,100.077,0.054,0.015,0.000,0.000,0.0570,-0.0110,1.0000,-3.40,0.78,0.53,0.000,-3.262,0.182,1,1925,0,0.0,1,0,1,22.0,0.0,132,1,0,0,9085
55582,219775200,1,1,13,53.7183206,-1.3095296,100.083,0.043,0.012,0.000,0.000,0.0460,-0.0290,1.0070,-2.92,0.74,0.49,0.000,-2.615,0.147,1,1960,0,0.0,1,0,1,22.0,0.0,132,1,0,42,-7294
55669,219775280,1,1,13,53.7183207,-1.3095296,100.084,0.043,0.012,0.000,0.000,0.0680,-0.0180,0.9970,-2.12,0.79,0.45,0.000,-3.902,0.162,1,2027,0,0.0,1,0,1,22.0,0.0,132,1,0,42,-7294
55734,219775360,1,1,13,53.7183207,-1.3095297,100.087,0.094,0.026,0.000,0.000,0.0980,-0.0210,0.9970,-1.56,1.09,0.37,0.000,-5.614,0.206,1,2027,0,0.0,1,0,1,22.0,0.0,132,1,0,252,28545
55823,219775440,1,1,13,53.7183207,-1.3095296,100.094,0.079,0.022,0.000,0.000,0.1090,-0.0120,1.0080,-1.18,0.87,0.50,0.000,-6.172,0.338,1,1953,0,0.0,1,0,1,22.0,0.0,132,1,0,252,28545
55889,219775480,1,1,13,53.7183207,-1.3095296,100.093,0.259,0.072,0.000,0.000,0.1010,0.0050,1.0060,-1.08,0.83,0.60,0.000,-5.733,0.420,1,1953,0,0.0,1,0,1,22.0,0.0,132,1,0,280,-387
55974,219775600,1,1,13,53.7183207,-1.3095295,100.105,0.446,-0.114,0.049,0.000,0.0630,0.0090,1.0050,-1.28,0.86,0.65,156.961,-3.587,0.631,1,1953,0,0.0,1,0,1,22.0,0.0,132,1,0,269,641
56037,219775680,1,1,13,53.7183207,-1.3095295,100.109,0.259,-0.066,0.028,0.000,0.0520,-0.0030,0.9940,-1.28,0.82,0.53,156.961,-2.995,0.748,1,1984,0,0.0,1,0,1,22.0,0.0,132,1,0,269,641
56125,219775720,1,1,13,53.7183207,-1.3095295,100.111,0.230,-0.059,0.025,0.000,0.0570,-0.0080,0.9920,-1.06,0.77,0.49,156.961,-3.289,0.808,1,1984,0,0.0,1,0,1,22.0,0.0,132,1,0,291,18813
56189,219775800,1,1,13,53.7183206,-1.3095295,100.112,0.263,-0.067,0.029,0.000,0.0600,-0.0210,0.9970,-0.02,0.73,0.39,156.961,-3.444,0.959,1,1957,0,0.0,1,0,1,22.0,0.0,132,1,0,313,18813
56275,219775920,1,1,13,53.7183206,-1.3095295,100.114,0.482,-0.132,0.025,0.000,0.0780,0.0270,0.9950,1.55,0.82,0.68,169.381,-4.482,1.411,1,2011,0,0.0,1,0,1,22.0,0.0,132,1,0,588,-25726
56339,219775960,1,1,13,53.7183205,-1.3095295,100.118,0.457,-0.127,0.007,0.000,0.0750,0.0710,1.0000,1.02,0.79,1.10,176.927,-4.289,1.629,1,2011,0,0.0,1,0,1,22.0,0.0,132,1,0,834,-1408
56426,219776040,1,1,13,53.7183205,-1.3095294,100.104,0.407,-0.108,0.033,0.000,0.0480,0.1340,1.0030,-1.75,0.65,1.49,162.833,-2.740,1.995,1,2011,0,0.0,1,0,1,22.0,0.0,132,1,0,540,-19334
56491,219776120,1,1,13,53.7183205,-1.3095291,100.102,0.767,-0.054,0.206,0.000,0.0370,0.1510,0.9900,-7.08,0.58,1.34,104.631,-2.140,2.050,1,1976,0,0.0,1,0,1,22.0,0.0,132,1,0,-327,-19334
56575,219776200,1,1,13,53.7183206,-1.3095289,100.099,0.673,-0.008,0.187,0.000,0.0410,0.0840,0.9890,-12.71,0.71,0.76,92.375,-2.374,1.577,1,1941,0,0.0,1,0,1,22.0,0.0,132,1,0,-327,-19334
56639,219776280,1,1,13,53.7183207,-1.3095288,100.090,0.680,0.062,0.179,0.000,0.0650,-0.0150,0.9970,-14.75,0.66,0.22,70.930,-3.730,0.668,1,1941,0,0.0,1,0,1,22.0,0.0,132,1,0,-1777,26495
56726,219776360,1,1,13,53.7183208,-1.3095286,100.087,0.392,0.036,0.103,0.000,0.0770,-0.0990,1.0020,-12.72,0.37,0.00,70.930,-4.394,-0.341,1,1988,0,0.0,1,0,1,23.0,0.0,132,1,0,-1701,-7809
56791,219776400,1,1,13,53.7183208,-1.3095286,100.088,0.299,0.027,0.078,0.000,0.0660,-0.1490,1.0050,-10.58,0.41,0.05,70.930,-3.757,-0.792,1,1988,0,0.0,1,0,1,23.0,0.0,132,2,0,-243,-889
56876,219776520,1,1,13,53.7183208,-1.3095286,100.077,0.198,0.018,0.052,0.000,0.0680,-0.1450,0.9970,-0.29,0.83,0.64,70.930,-3.902,-1.329,1,1937,0,0.0,1,0,1,23.0,0.0,132,2,0,-243,-889
56941,219776560,1,1,13,53.7183208,-1.3095286,100.078,0.371,-0.036,0.096,0.000,0.0730,-0.1290,0.9970,2.24,0.83,0.72,110.500,-4.188,-1.236,1,1937,0,0.0,1,0,1,23.0,0.0,132,2,0,842,-28538
57028,219776640,1,1,13,53.7183208,-1.3095286,100.080,0.364,-0.100,0.013,0.000,0.0730,-0.0690,0.9920,5.65,0.73,0.66,172.325,-4.209,-0.730,1,1980,0,0.0,1,0,1,23.0,0.0,132,2,0,842,-28538
57092,219776720,1,1,13,53.7183208,-1.3095286,100.079,0.284,-0.078,0.011,0.000,0.0600,-0.0470,0.9970,7.43,0.77,0.39,172.325,-3.444,-0.005,1,1980,0,0.0,1,0,1,23.0,0.0,132,3,0,1491,-27777
57180,219776800,1,1,13,53.7183207,-1.3095288,100.075,0.554,-0.137,-0.070,0.000,0.0500,0.0070,1.0000,8.83,1.07,0.55,206.924,-2.862,0.908,1,1925,0,0.0,1,0,1,23.0,0.0,132,3,0,1491,-27777
57242,219776880,1,1,13,53.7183206,-1.3095289,100.068,0.612,-0.144,-0.091,0.000,0.0260,0.0580,0.9980,8.47,1.16,0.64,212.198,-1.492,1.902,1,1925,0,0.0,1,0,1,23.0,0.0,132,3,0,1729,-4992
57333,219776960,1,1,13,53.7183206,-1.3095290,100.062,0.407,-0.087,-0.072,0.000,0.0110,0.1180,1.0160,5.49,0.83,0.69,219.463,-0.620,2.819,1,1953,0,0.0,1,0,1,23.0,0.0,132,3,0,1259,10617
57398,219777000,1,1,13,53.7183206,-1.3095290,100.057,0.356,-0.076,-0.063,0.000,0.0090,0.1520,1.0070,4.09,0.70,0.76,219.463,-0.512,3.219,1,2015,0,0.0,1,0,1,23.0,0.0,132,3,0,1259,10617
57482,219777120,1,1,13,53.7183205,-1.3095291,100.042,0.151,-0.032,-0.027,0.000,0.0800,0.1740,0.9940,-3.11,0.57,0.69,219.463,-4.601,3.881,1,1976,0,0.0,1,0,1,23.0,0.0,132,3,0,215,30331
57594,219777200,1,1,13,53.7183206,-1.3095290,100.050,0.371,-0.080,-0.065,0.000,0.0640,0.1420,0.9860,-8.40,0.69,0.77,219.463,-3.714,3.770,1,2000,0,0.0,1,0,1,23.0,0.0,132,3,0,-1265,1658
57657,219777280,1,1,13,53.7183207,-1.3095288,100.038,0.544,-0.111,0.102,0.000,0.0600,0.1260,0.9800,-12.23,0.58,1.00,137.542,-3.504,3.299,1,1949,0,0.0,1,0,1,23.0,0.0,132,3,0,-1265,1658
57744,219777360,1,1,13,53.7183208,-1.3095286,100.027,0.742,0.052,0.199,0.000,0.0720,0.0900,0.9790,-15.94,0.18,1.09,75.397,-4.206,2.487,1,1988,0,0.0,1,0,1,23.0,0.0,132,3,0,-1693,-2690
57811,219777440,1,1,13,53.7183209,-1.3095284,100.023,0.547,0.074,0.133,0.000,0.0780,0.0150,0.9800,-18.69,-0.65,0.69,60.808,-4.551,1.320,1,2019,0,0.0,1,0,1,23.0,0.0,132,3,0,-2375,-22401
57895,219777520,1,1,13,53.7183210,-1.3095283,100.023,0.443,0.072,0.100,0.000,0.0760,-0.0460,1.0070,-18.31,-0.68,0.56,54.413,-4.316,0.005,1,1968,0,0.0,1,0,1,23.0,0.0,132,3,0,-2375,-22401
57959,219777600,1,1,13,53.7183212,-1.3095281,100.025,0.436,0.084,0.087,0.000,0.0630,-0.0830,1.0060,-15.81,-0.08,0.80,46.143,-3.583,-1.208,1,1968,0,0.0,1,0,1,23.0,0.0,132,3,0,-1617,12420
58046,219777680,1,1,13,53.7183212,-1.3095280,100.016,0.583,0.108,0.120,0.000,0.0640,-0.1130,1.0050,-13.08,0.14,0.86,48.050,-3.644,-2.235,1,2027,0,0.0,1,0,1,23.0,0.0,132,3,0,-1617,12420
58109,219777720,1,1,13,53.7183213,-1.3095279,100.011,0.626,0.122,0.124,0.000,0.0660,-0.1190,1.0070,-11.74,0.26,0.81,45.595,-3.750,-2.660,1,2027,0,0.0,1,0,1,23.0,0.0,132,3,0,-1617,12420
58196,219777840,1,1,13,53.7183214,-1.3095278,100.002,0.234,0.055,0.034,0.000,0.0720,-0.0780,0.9830,-8.67,0.56,0.95,31.745,-4.189,-3.562,1,1964,0,0.0,1,0,1,23.0,0.0,132,3,0,-920,-17023
58263,219777880,1,1,13,53.7183214,-1.3095278,99.996,0.238,0.056,0.035,0.000,0.0710,-0.0790,0.9880,-8.54,0.54,0.92,31.745,-4.110,-3.792,1,2023,0,0.0,1,0,1,23.0,0.0,132,3,0,-834,11139
58347,219777960,1,1,13,53.7183214,-1.3095277,99.991,0.230,0.054,0.034,0.000,0.0670,-0.0900,1.0070,-8.86,0.49,0.91,31.745,-3.807,-4.267,1,2023,0,0.0,1,0,1,23.0,0.0,132,4,0,-834,11139
58413,219778040,1,1,13,53.7183215,-1.3095276,99.981,0.274,0.065,0.040,0.000,0.0840,-0.1040,0.9980,-8.61,0.82,1.04,31.745,-4.811,-4.756,1,1972,0,0.0,1,0,1,23.0,0.0,132,4,0,-775,11139
58497,219778120,1,1,13,53.7183215,-1.3095275,99.975,0.292,0.069,0.043,0.000,0.0700,-0.1270,1.0080,-7.63,1.81,1.07,31.745,-3.972,-5.209,1,1972,0,0.0,1,0,1,23.0,0.0,132,4,0,-775,11139
58562,219778200,1,1,13,53.7183216,-1.3095274,99.977,0.162,0.038,0.024,0.000,0.0650,-0.1400,0.9870,-6.11,1.75,0.99,31.745,-3.768,-5.592,1,2023,0,0.0,1,0,1,23.0,0.0,132,4,0,-683,-8314
58650,219778280,1,1,13,53.7183216,-1.3095275,99.961,0.140,0.033,0.021,0.000,0.0730,-0.1540,0.9720,-4.25,0.70,0.60,31.745,-4.295,-5.838,1,2023,0,0.0,1,0,1,23.0,0.0,132,4,0,-683,-8314
58713,219778320,1,1,13,53.7183216,-1.3095275,99.961,0.086,0.020,0.013,0.000,0.0600,-0.1380,0.9770,-3.48,0.51,0.49,31.745,-3.514,-5.893,1,1972,0,0.0,1,0,1,23.0,0.0,132,4,0,98,14724
58799,219778440,1,1,13,53.7183217,-1.3095274,99.965,0.083,0.020,0.012,0.000,0.0630,-0.0930,1.0020,-2.88,0.47,0.55,31.745,-3.598,-5.869,1,1972,0,0.0,1,0,1,23.0,0.0,132,4,0,98,14724
58864,219778480,1,1,13,53.7183217,-1.3095274,99.968,0.130,0.031,0.019,0.000,0.0680,-0.0980,1.0030,-3.22,0.50,0.55,31.745,-3.879,-5.864,1,1972,0,0.0,1,0,1,23.0,0.0,132,4,0,-104,7809
58950,219778560,1,1,13,53.7183218,-1.3095274,99.963,0.054,0.013,0.008,0.000,0.0660,-0.1040,0.9960,-3.76,0.66,0.66,31.745,-3.791,-5.902,1,1972,0,0.0,1,0,1,23.0,0.0,132,4,0,-95,23939
59013,219778640,1,1,13,53.7183218,-1.3095274,99.956,0.090,0.021,0.013,0.000,0.0730,-0.1310,0.9950,-3.57,0.91,0.66,31.745,-4.196,-5.996,1,1972,0,0.0,1,0,1,23.0,0.0,132,4,0,-31,-14460
59103,219778720,1,1,13,53.7183218,-1.3095274,99.953,0.126,0.030,0.018,0.000,0.0790,-0.1320,0.9980,-2.82,1.03,0.59,31.745,-4.526,-6.032,1,1972,0,0.0,1,0,1,23.0,0.0,132,4,0,3,6018
59167,219778760,1,1,13,53.7183219,-1.3095274,99.947,0.050,0.012,0.007,0.000,0.0620,-0.1270,0.9910,-2.64,1.22,0.55,31.745,-3.580,-6.035,1,2031,0,0.0,1,0,1,23.0,0.0,131,4,0,3,6018
59252,219778880,1,1,13,53.7183220,-1.3095274,99.952,0.097,0.023,0.014,0.000,0.0690,-0.1230,0.9940,-1.94,0.90,0.51,31.745,-3.971,-5.963,1,2031,0,0.0,1,0,1,23.0,0.0,131,4,0,294,-19580
59319,219778920,1,1,13,53.7183220,-1.3095274,99.947,0.086,0.020,0.013,0.000,0.0650,-0.1190,0.9900,-1.70,0.70,0.45,31.745,-3.756,-5.922,1,2031,0,0.0,1,0,1,24.0,0.0,131,4,0,294,-19580
59403,219779040,1,1,13,53.7183221,-1.3095275,99.943,0.076,0.018,0.011,0.000,0.0730,-0.1100,0.9950,-1.54,0.58,0.43,31.745,-4.196,-5.736,1,1929,0,0.0,1,0,1,24.0,0.0,131,4,0,176,-14463
59471,219779080,1,1,13,53.7183221,-1.3095274,99.943,0.032,0.008,0.005,0.000,0.0670,-0.0990,0.9980,-1.51,0.59,0.47,31.745,-3.841,-5.669,1,1953,0,0.0,1,0,1,24.0,0.0,131,4,0,182,10116
59557,219779160,1,1,13,53.7183221,-1.3095274,99.940,0.065,0.015,0.009,0.000,0.0660,-0.0990,0.9930,-1.65,0.61,0.41,31.745,-3.803,-5.558,1,1953,0,0.0,1,0,1,24.0,0.0,131,4,0,182,10116
59622,219779240,1,1,13,53.7183222,-1.3095275,99.936,0.086,0.020,0.013,0.000,0.0660,-0.1030,0.9970,-1.82,0.76,0.41,31.745,-3.787,-5.457,1,1937,0,0.0,1,0,1,24.0,0.0,131,4,0,221,7808
59707,219779320,1,1,13,53.7183222,-1.3095275,99.926,0.126,0.030,0.018,0.000,0.0690,-0.1010,0.9900,-2.05,0.84,0.51,31.745,-3.987,-5.362,1,1937,0,0.0,1,0,1,24.0,0.0,131,4,0,221,7808
59772,219779400,1,1,13,53.7183223,-1.3095275,99.930,0.029,0.007,0.004,0.000,0.0770,-0.0880,0.9870,-2.32,0.90,0.60,31.745,-4.461,-5.279,1,1968,0,0.0,1,0,1,24.0,0.0,131,4,0,64,-16252
59856,219779480,1,1,13,53.7183223,-1.3095274,99.925,0.194,0.046,0.028,0.000,0.0680,-0.0760,1.0000,-3.09,1.17,0.65,31.745,-3.890,-5.231,1,1968,0,0.0,1,0,1,24.0,0.0,131,4,0,64,-16252
59921,219779560,1,1,13,53.7183224,-1.3095275,99.916,0.065,0.015,0.009,0.000,0.0620,-0.0690,1.0040,-4.20,1.38,0.79,31.745,-3.534,-5.236,1,1953,0,0.0,1,0,1,25.0,0.0,131,4,0,-78,-16256
60007,219779640,1,1,13,53.7183225,-1.3095274,99.917,0.090,0.021,0.013,0.000,0.0640,-0.0840,0.9880,-5.55,1.11,0.86,31.745,-3.706,-5.363,1,1953,0,0.0,1,0,1,25.0,0.0,131,4,0,-78,-16256
60076,219779680,1,1,13,53.7183225,-1.3095274,99.905,0.202,0.048,0.029,0.000,0.0640,-0.0990,0.9860,-6.01,0.79,0.86,31.745,-3.714,-5.481,1,1933,0,0.0,1,0,1,25.0,0.0,131,4,0,-448,1668
60160,219779800,1,1,13,53.7183226,-1.3095273,99.906,0.151,0.036,0.022,0.000,0.0770,-0.1340,0.9820,-5.63,-0.02,0.71,31.745,-4.483,-5.905,1,2007,0,0.0,1,0,1,25.0,0.0,130,4,0,-481,17797
60227,219779840,1,1,13,53.7183226,-1.3095273,99.908,0.119,0.028,0.017,0.000,0.0850,-0.1410,0.9870,-4.96,-0.04,0.67,31.745,-4.922,-6.019,1,1996,0,0.0,1,0,1,25.0,0.0,130,4,0,-481,17797
60313,219779920,1,1,13,53.7183227,-1.3095273,99.908,0.086,0.020,0.013,0.000,0.0810,-0.1450,1.0100,-3.80,0.31,0.69,31.745,-4.585,-6.161,1,1957,0,0.0,1,0,1,25.0,0.0,130,4,0,17,25473
60379,219780000,1,1,13,53.7183227,-1.3095272,99.906,0.169,0.040,0.025,0.000,0.0720,-0.1440,1.0030,-2.73,0.67,0.61,31.745,-4.106,-6.212,1,1996,0,0.0,1,0,1,25.0,0.0,130,4,0,-62,8322
60464,219780080,1,1,13,53.7183228,-1.3095272,99.910,0.130,0.031,0.019,0.000,0.0630,-0.1270,0.9980,-1.76,0.92,0.53,31.745,-3.612,-6.164,1,1941,0,0.0,1,0,1,25.0,0.0,130,4,0,120,-12411
60528,219780120,1,1,13,53.7183228,-1.3095273,99.908,0.151,0.036,0.022,0.000,0.0640,-0.1340,1.0020,-1.48,1.00,0.45,31.745,-3.655,-6.126,1,1957,0,0.0,1,0,1,25.0,0.0,130,4,0,269,-12411
60615,219780240,1,1,13,53.7183228,-1.3095273,99.904,0.205,0.048,0.030,0.000,0.0660,-0.1130,0.9850,-1.10,0.87,0.39,31.745,-3.833,-5.926,1,1960,0,0.0,1,0,1,25.0,0.0,130,4,0,333,-1663
60683,219780280,1,1,13,53.7183229,-1.3095272,99.909,0.014,0.003,0.002,0.000,0.0650,-0.1050,0.9930,-1.21,0.78,0.42,31.745,-3.745,-5.851,1,1945,0,0.0,1,0,1,25.0,0.0,130,4,0,257,20096
60769,219780400,1,1,13,53.7183230,-1.3095272,99.903,0.097,0.023,0.014,0.000,0.0710,-0.1020,1.0000,-1.49,0.91,0.44,31.745,-4.061,-5.642,1,1984,0,0.0,1,0,1,25.0,0.0,130,4,0,257,20096
60833,219780440,1,1,13,53.7183230,-1.3095272,99.901,0.130,0.031,0.019,0.000,0.0730,-0.1030,1.0050,-1.40,1.18,0.51,31.745,-4.154,-5.576,1,1984,0,0.0,1,0,1,25.0,0.0,130,4,0,185,-32379
60919,219780520,1,1,13,53.7183231,-1.3095272,99.909,0.205,0.048,0.030,0.000,0.0740,-0.1090,0.9960,-1.17,1.49,0.53,31.745,-4.249,-5.463,1,1976,0,0.0,1,0,1,26.0,0.0,130,4,0,185,-32379
60984,219780600,1,1,13,53.7183231,-1.3095272,99.912,0.151,0.036,0.022,0.000,0.0590,-0.1130,0.9850,-1.01,1.31,0.40,31.745,-3.428,-5.332,1,1925,0,0.0,1,0,1,26.0,0.0,131,4,0,299,30592
61070,219780680,1,1,13,53.7183232,-1.3095272,99.906,0.108,0.026,0.016,0.000,0.0690,-0.0880,0.9860,-0.82,0.75,0.38,31.745,-4.003,-5.158,1,1925,0,0.0,1,0,1,26.0,0.0,131,4,0,299,30592
61133,219780760,1,1,13,53.7183232,-1.3095273,99.904,0.130,0.031,0.019,0.000,0.0750,-0.0900,0.9880,-0.97,0.61,0.39,31.745,-4.341,-5.001,1,1925,0,0.0,1,0,1,26.0,0.0,131,4,0,232,-21116
61222,219780840,1,1,13,53.7183233,-1.3095272,99.899,0.050,0.012,0.007,0.000,0.0740,-0.0990,0.9930,-0.84,0.60,0.35,31.745,-4.262,-4.854,1,1945,0,0.0,1,0,1,26.0,0.0,131,4,0,232,-21116
61285,219780920,1,1,13,53.7183232,-1.3095273,99.899,0.270,0.064,0.039,0.000,0.0630,-0.1020,1.0080,-0.28,0.81,0.33,31.745,-3.576,-4.661,1,1945,0,0.0,1,0,1,26.0,0.0,131,4,0,453,11393
61372,219781000,1,1,13,53.7183233,-1.3095274,99.897,0.191,0.045,0.028,0.000,0.0650,-0.0640,0.9910,-0.48,1.00,0.37,31.745,-3.753,-4.419,1,1964,0,0.0,1,0,1,26.0,0.0,131,4,0,179,-15230
61437,219781080,1,1,13,53.7183234,-1.3095274,99.897,0.032,0.008,0.005,0.000,0.0680,-0.0440,0.9780,-2.25,0.67,0.57,31.745,-3.977,-4.249,1,1988,0,0.0,1,0,1,26.0,0.0,131,4,0,179,-15230
61524,219781120,1,1,13,53.7183234,-1.3095273,99.889,0.140,0.033,0.021,0.000,0.0660,-0.0480,0.9850,-2.91,0.44,0.60,31.745,-3.833,-4.208,1,1988,0,0.0,1,0,1,26.0,0.0,131,4,0,-11,18305
61588,219781200,1,1,13,53.7183235,-1.3095273,99.891,0.104,0.025,0.015,0.000,0.0710,-0.0940,0.9990,-3.25,0.33,0.48,31.745,-4.065,-4.247,1,2000,0,0.0,1,0,1,26.0,0.0,131,4,0,-11,18305
61676,219781280,1,1,13,53.7183236,-1.3095273,99.896,0.166,0.039,0.024,0.000,0.0700,-0.1350,1.0260,-1.82,0.50,0.30,31.745,-3.903,-4.279,1,2000,0,0.0,1,0,1,26.0,0.0,131,4,0,-56,-18044
61742,219781360,1,1,13,53.7183236,-1.3095274,99.900,0.209,0.049,0.031,0.000,0.0770,-0.1040,1.0070,-0.08,0.61,0.26,31.745,-4.373,-4.142,1,2007,0,0.0,1,0,1,26.0,0.0,131,4,0,618,-1663
61830,219781440,1,1,13,53.7183236,-1.3095273,99.902,0.094,0.022,0.014,0.000,0.0700,-0.0550,1.0070,0.01,0.68,0.39,31.745,-3.976,-3.878,1,1976,0,0.0,1,0,1,26.0,0.0,131,4,0,618,-1663
61895,219781520,1,1,13,53.7183236,-1.3095274,99.905,0.317,0.075,0.046,0.000,0.0670,-0.0490,0.9950,-1.04,0.75,0.46,31.745,-3.852,-3.634,1,1976,0,0.0,1,0,1,26.0,0.0,131,4,0,436,-1409
61980,219781600,1,1,13,53.7183237,-1.3095274,99.907,0.122,0.029,0.018,0.000,0.0770,-0.0600,0.9860,-1.80,1.10,0.48,31.745,-4.465,-3.496,1,1957,0,0.0,1,0,1,26.0,0.0,131,4,0,76,-1409
62045,219781680,1,1,13,53.7183237,-1.3095274,99.909,0.173,0.041,0.025,0.000,0.0700,-0.0940,1.0150,-1.78,1.91,0.56,31.745,-3.945,-3.437,1,1957,0,0.0,1,0,1,26.0,0.0,131,4,0,-50,22402
62129,219781760,1,1,13,53.7183238,-1.3095274,99.916,0.054,0.013,0.008,0.000,0.0710,-0.1030,1.0000,-0.67,1.95,0.68,31.745,-4.061,-3.342,1,1925,0,0.0,1,0,1,26.0,0.0,131,4,0,-50,22402
62195,219781800,1,1,13,53.7183238,-1.3095275,99.919,0.115,0.027,0.017,0.000,0.0750,-0.0990,0.9770,0.16,1.63,0.63,31.745,-4.390,-3.259,1,1925,0,0.0,1,0,1,26.0,0.0,131,4,0,490,11906
62280,219781920,1,1,13,53.7183238,-1.3095275,99.926,0.227,0.054,0.033,0.000,0.0740,-0.1170,0.9760,3.30,0.21,0.23,31.745,-4.336,-2.855,1,1949,0,0.0,1,0,1,26.0,0.0,131,4,0,490,11906
62390,219782000,1,1,13,53.7183238,-1.3095276,99.913,0.353,0.083,0.052,0.000,0.0730,-0.1320,0.9810,6.52,-0.19,0.15,31.745,-4.256,-2.334,1,1980,0,0.0,1,0,1,26.0,0.0,131,4,0,1777,-21629
62454,219782080,1,1,13,53.7183238,-1.3095277,99.916,0.475,0.124,-0.044,0.000,0.0860,-0.0820,0.9520,10.70,0.83,0.33,340.372,-5.162,-1.453,1,1980,0,0.0,1,0,1,26.0,0.0,131,4,0,1841,-10623
62542,219782160,1,1,13,53.7183238,-1.3095278,99.915,0.576,-0.040,-0.155,0.000,0.0520,0.0000,1.0060,12.56,2.47,0.66,255.607,-2.959,-0.250,1,1960,0,0.0,1,0,1,26.0,0.0,131,4,0,1841,-10623
62607,219782240,1,1,13,53.7183238,-1.3095279,99.920,0.666,-0.097,-0.157,0.000,0.0160,0.0590,1.0730,11.62,0.85,0.70,238.303,-0.854,1.023,1,1984,0,0.0,1,0,1,26.0,0.0,131,4,0,1841,-10623
62690,219782320,1,1,13,53.7183240,-1.3095280,99.954,0.659,-0.071,-0.169,0.000,0.0560,0.0960,1.0250,8.60,-1.08,0.50,247.067,-3.127,2.148,1,1984,0,0.0,1,0,1,26.0,0.0,131,4,0,1525,-13702
62759,219782400,1,1,13,53.7183241,-1.3095280,99.986,0.562,-0.097,-0.122,0.000,0.0950,0.1280,0.9850,5.42,-0.84,0.67,231.471,-5.509,3.066,1,1996,0,0.0,1,0,1,26.0,0.0,131,4,0,1525,-13702
62851,219782480,1,1,13,53.7183239,-1.3095280,99.991,0.706,-0.184,-0.066,0.000,0.1070,0.1250,0.9860,1.36,-0.40,0.75,199.797,-6.193,3.672,1,1984,0,0.0,1,0,1,26.0,0.0,131,4,0,450,-17283
62916,219782520,1,1,13,53.7183239,-1.3095281,99.994,0.637,-0.170,-0.049,0.000,0.1130,0.1100,0.9690,-0.07,-0.09,0.69,196.140,-6.652,3.850,1,1976,0,0.0,1,0,1,27.0,0.0,131,4,0,450,-17283
63002,219782640,1,1,13,53.7183240,-1.3095280,99.993,0.198,-0.054,-0.013,0.000,0.0790,0.0690,0.9680,-1.99,1.32,0.52,193.179,-4.666,4.070,1,1976,0,0.0,1,0,1,27.0,0.0,131,4,0,3,7804
63067,219782680,1,1,13,53.7183241,-1.3095279,99.980,0.252,-0.068,-0.016,0.000,0.0620,0.0710,0.9950,-2.21,1.68,0.48,193.179,-3.566,4.109,1,2046,0,0.0,1,0,1,27.0,0.0,131,4,0,3,7804
63154,219782760,1,1,13,53.7183240,-1.3095280,99.978,0.029,-0.008,-0.002,0.000,0.0480,0.0690,1.0120,-2.55,1.46,0.62,193.179,-2.716,4.144,1,2046,0,0.0,1,0,1,27.0,0.0,131,4,0,112,23678
63218,219782840,1,1,13,53.7183241,-1.3095280,99.991,0.076,-0.020,-0.005,0.000,0.0530,0.0510,1.0050,-2.56,0.99,0.75,193.179,-3.019,4.135,1,1984,0,0.0,1,0,1,27.0,0.0,131,4,0,112,23678
63305,219782920,1,1,13,53.7183241,-1.3095280,99.988,0.216,-0.058,-0.014,0.000,0.0900,0.0340,0.9910,-1.53,0.77,0.44,193.179,-5.189,4.173,1,1984,0,0.0,1,0,1,27.0,0.0,131,4,0,50,-8835
63369,219782960,1,1,13,53.7183241,-1.3095280,99.985,0.173,-0.047,-0.011,0.000,0.0770,0.0390,1.0010,-0.83,1.05,0.21,193.179,-4.399,4.227,1,2015,0,0.0,1,0,1,27.0,0.0,131,4,0,50,-8835
63456,219783080,1,1,13,53.7183241,-1.3095281,99.976,0.198,-0.054,-0.013,0.000,0.0640,0.0660,1.0120,-0.55,0.80,0.35,193.179,-3.619,4.483,1,2015,0,0.0,1,0,1,27.0,0.0,131,4,0,445,12414
63520,219783160,1,1,13,53.7183241,-1.3095281,99.992,0.090,-0.024,-0.006,0.000,0.0860,0.0630,0.9890,-0.40,0.36,0.41,193.179,-4.970,4.677,1,1992,0,0.0,1,0,1,27.0,0.0,131,4,0,305,12414
63607,219783240,1,1,13,53.7183242,-1.3095282,99.987,0.130,-0.035,-0.008,0.000,0.0820,0.0720,0.9940,-0.12,0.62,0.40,193.179,-4.716,4.890,1,2015,0,0.0,1,0,1,27.0,0.0,131,4,0,305,12414
63672,219783280,1,1,13,53.7183242,-1.3095282,99.982,0.101,-0.027,-0.006,0.000,0.0740,0.0780,0.9960,-0.19,0.68,0.34,193.179,-4.249,4.999,1,2015,0,0.0,1,0,1,27.0,0.0,131,4,0,378,17277
63757,219783360,1,1,13,53.7183242,-1.3095283,99.982,0.313,-0.085,-0.020,0.000,0.0710,0.0960,0.9870,-0.51,0.61,0.45,193.179,-4.114,5.217,1,2062,0,0.0,1,0,1,27.0,0.0,131,4,0,378,17277
63823,219783440,1,1,13,53.7183242,-1.3095282,99.990,0.086,-0.023,-0.005,0.000,0.0750,0.1120,0.9870,-1.23,0.56,0.53,193.179,-4.345,5.403,1,2062,0,0.0,1,0,1,27.0,0.0,131,4,0,369,4219
63912,219783480,1,1,13,53.7183242,-1.3095282,99.989,0.079,-0.021,-0.005,0.000,0.0780,0.1130,1.0000,-1.85,0.49,0.63,193.179,-4.460,5.477,1,1968,0,0.0,1,0,1,27.0,0.0,131,4,0,-109,21885
63977,219783600,1,1,13,53.7183243,-1.3095282,99.990,0.032,-0.009,-0.002,0.000,0.0810,0.0890,0.9690,-2.79,0.58,0.62,193.179,-4.778,5.527,1,2062,0,0.0,1,0,1,27.0,0.0,131,4,0,-109,21885
64066,219783680,1,1,13,53.7183243,-1.3095282,99.995,0.090,-0.024,-0.006,0.000,0.0920,0.0880,0.9850,-2.65,0.99,0.51,193.179,-5.336,5.520,1,1988,0,0.0,1,0,1,27.0,0.0,131,4,0,115,-7812
64131,219783760,1,1,13,53.7183244,-1.3095282,99.991,0.076,-0.020,-0.005,0.000,0.0670,0.1000,1.0060,-2.83,1.07,0.51,193.179,-3.810,5.557,1,1988,0,0.0,1,0,1,27.0,0.0,131,4,0,-179,23165
64219,219783840,1,1,13,53.7183244,-1.3095282,99.994,0.094,-0.025,-0.006,0.000,0.0670,0.1000,0.9940,-3.38,0.88,0.59,193.179,-3.856,5.546,1,1996,0,0.0,1,0,1,27.0,0.0,131,4,0,-179,23165
64284,219783880,1,1,13,53.7183244,-1.3095282,99.994,0.076,-0.020,-0.005,0.000,0.0690,0.1000,0.9800,-3.65,0.88,0.60,193.179,-4.027,5.534,1,2035,0,0.0,1,0,1,27.0,0.0,131,4,0,-109,22398
64367,219784000,1,1,13,53.7183245,-1.3095281,99.998,0.097,-0.026,-0.006,0.000,0.0860,0.0890,0.9910,-3.83,0.92,0.63,193.179,-4.960,5.448,1,2035,0,0.0,1,0,1,27.0,0.0,131,4,0,-109,22398
64434,219784040,1,1,13,53.7183245,-1.3095281,100.002,0.083,-0.022,-0.005,0.000,0.0670,0.0720,1.0120,-4.14,0.99,0.56,193.179,-3.788,5.383,1,2062,0,0.0,1,0,1,27.0,0.0,131,4,0,-185,-20869
64520,219784120,1,1,13,53.7183245,-1.3095281,100.002,0.061,-0.017,-0.004,0.000,0.0710,0.0850,0.9910,-4.30,0.99,0.59,193.179,-4.098,5.292,1,2062,0,0.0,1,0,1,27.0,0.0,130,4,0,-185,-20869
64585,219784200,1,1,13,53.7183246,-1.3095281,100.001,0.180,-0.049,-0.011,0.000,0.0710,0.0800,1.0140,-4.54,0.96,0.63,193.179,-4.005,5.179,1,2062,0,0.0,1,0,1,27.0,0.0,130,4,0,-145,-20869
64673,219784280,1,1,13,53.7183246,-1.3095280,100.010,0.112,-0.030,-0.007,0.000,0.0730,0.0780,0.9870,-4.63,0.98,0.67,193.179,-4.230,5.052,1,2062,0,0.0,1,0,1,27.0,0.0,130,4,0,-308,3963
64737,219784360,1,1,13,53.7183246,-1.3095280,100.007,0.036,-0.010,-0.002,0.000,0.0740,0.0830,0.9810,-4.73,1.07,0.64,193.179,-4.314,4.922,1,2007,0,0.0,1,0,1,27.0,0.0,129,4,0,-308,3963
64823,219784440,1,1,13,53.7183247,-1.3095280,100.013,0.108,-0.029,-0.007,0.000,0.0740,0.0840,0.9890,-4.94,1.23,0.65,193.179,-4.279,4.780,1,1968,0,0.0,1,0,1,27.0,0.0,129,4,0,-215,24958
64888,219784480,1,1,13,53.7183247,-1.3095280,100.014,0.112,-0.030,-0.007,0.000,0.0730,0.0670,0.9960,-5.13,1.31,0.60,193.179,-4.192,4.686,1,1968,0,0.0,1,0,1,27.0,0.0,129,4,0,-215,24958
64973,219784560,1,1,13,53.7183248,-1.3095279,100.018,0.191,-0.052,-0.012,0.000,0.0740,0.0620,0.9880,-5.15,1.36,0.60,193.179,-4.283,4.496,1,1878,0,0.0,1,0,1,27.0,0.0,129,4,0,-350,28539
65036,219784680,1,1,13,53.7183248,-1.3095279,100.019,0.126,-0.034,-0.008,0.000,0.0780,0.0410,1.0020,-4.05,1.22,0.60,193.179,-4.451,4.241,1,1878,0,0.0,1,0,1,27.0,0.0,129,4,0,-350,28539
65123,219784720,1,1,13,53.7183249,-1.3095279,100.018,0.072,-0.019,-0.005,0.000,0.0750,0.0400,0.9900,-3.60,1.05,0.58,193.179,-4.332,4.187,1,2035,0,0.0,1,0,1,27.0,0.0,129,4,0,-112,3712
65186,219784800,1,1,13,53.7183249,-1.3095278,100.033,0.104,-0.028,-0.007,0.000,0.0700,0.0510,0.9870,-2.70,0.79,0.57,193.179,-4.057,4.145,1,2035,0,0.0,1,0,1,27.0,0.0,129,4,0,-112,3712
65274,219784880,1,1,13,53.7183249,-1.3095279,100.031,0.227,-0.061,-0.014,0.000,0.0730,0.0590,0.9940,-2.08,0.81,0.54,193.179,-4.200,4.182,1,2000,0,0.0,1,0,1,27.0,0.0,129,4,0,148,-25220
65337,219784960,1,1,13,53.7183250,-1.3095279,100.033,0.007,-0.002,-0.000,0.000,0.0710,0.0680,0.9940,-1.98,0.86,0.51,193.179,-4.086,4.250,1,2000,0,0.0,1,0,1,27.0,0.0,129,4,0,148,-25220
65421,219785000,1,1,13,53.7183250,-1.3095278,100.035,0.194,-0.053,-0.012,0.000,0.0690,0.0640,1.0030,-2.12,1.02,0.50,193.179,-3.935,4.280,1,1941,0,0.0,1,0,1,27.0,0.0,129,4,0,106,-6785
65489,219785080,1,1,13,53.7183250,-1.3095279,100.035,0.209,-0.056,-0.013,0.000,0.0730,0.0750,0.9950,-2.34,1.25,0.49,193.179,-4.196,4.353,1,1941,0,0.0,1,0,1,27.0,0.0,129,4,0,106,-6785
65571,219785200,1,1,14,53.7183251,-1.3095278,100.040,0.108,-0.029,-0.007,0.000,0.0760,0.0720,0.9870,-2.63,0.41,0.59,193.179,-4.403,4.407,1,1941,0,0.0,1,0,1,27.0,0.0,129,4,0,48,-4997
65637,219785240,1,1,14,53.7183251,-1.3095278,100.038,0.061,-0.017,-0.004,0.000,0.0640,0.0550,0.9950,-2.86,0.19,0.58,193.179,-3.680,4.396,1,1941,0,0.0,1,0,1,27.0,0.0,129,4,0,48,-4997
65728,219785280,1,1,14,53.7183251,-1.3095278,100.043,0.112,-0.030,-0.007,0.000,0.0790,0.0660,0.9880,-2.62,0.06,0.69,193.179,-4.572,4.407,1,2066,0,0.0,1,0,1,27.0,0.0,129,4,0,70,15743
65791,219785400,1,1,14,53.7183251,-1.3095279,100.049,0.112,-0.030,-0.007,0.000,0.0750,0.0650,0.9980,-2.28,0.31,0.68,193.179,-4.298,4.456,1,2066,0,0.0,1,0,1,27.0,0.0,129,4,0,199,12669
65876,219785520,1,1,14,53.7183251,-1.3095279,100.040,0.061,-0.017,-0.004,0.000,0.0720,0.0640,0.9950,-1.90,0.67,0.48,193.179,-4.139,4.544,1,2066,0,0.0,1,0,1,27.0,0.0,129,4,0,199,12669
65941,219785560,1,1,14,53.7183252,-1.3095279,100.043,0.079,-0.021,-0.005,0.000,0.0720,0.0620,0.9970,-1.79,0.77,0.45,193.179,-4.131,4.580,1,2066,0,0.0,1,0,1,27.0,0.0,129,4,0,50,-23171
66029,219785640,1,1,14,53.7183252,-1.3095279,100.047,0.094,-0.025,-0.006,0.000,0.0740,0.0680,1.0000,-1.47,0.85,0.47,193.179,-4.232,4.671,1,2066,0,0.0,1,0,1,27.0,0.0,129,4,0,308,-4738
66093,219785680,1,1,14,53.7183252,-1.3095279,100.054,0.014,-0.004,-0.001,0.000,0.0730,0.0660,1.0080,-1.42,0.78,0.48,193.179,-4.142,4.722,1,1945,0,0.0,1,0,1,27.0,0.0,129,4,0,350,28029
66181,219785800,1,1,14,53.7183252,-1.3095279,100.052,0.158,-0.043,-0.010,0.000,0.0800,0.0740,1.0050,-1.19,0.51,0.54,193.179,-4.551,4.916,1,1945,0,0.0,1,0,1,27.0,0.0,129,4,0,176,3964
66244,219785840,1,1,14,53.7183252,-1.3095279,100.059,0.090,-0.024,-0.006,0.000,0.0660,0.0660,1.0110,-1.23,0.55,0.49,193.179,-3.735,4.970,1,2035,0,0.0,1,0,1,27.0,0.0,129,4,0,196,15228
66332,219785920,1,1,14,53.7183252,-1.3095279,100.064,0.133,-0.036,-0.008,0.000,0.0700,0.0820,0.9810,-0.84,0.59,0.45,193.179,-4.081,5.126,1,2042,0,0.0,1,0,1,27.0,0.0,129,4,0,414,15228
66397,219786000,1,1,14,53.7183252,-1.3095279,100.066,0.104,-0.028,-0.007,0.000,0.0730,0.0970,0.9900,-0.87,0.60,0.48,193.179,-4.217,5.305,1,2042,0,0.0,1,0,1,27.0,0.0,129,4,0,414,15228
66481,219786120,1,1,14,53.7183253,-1.3095279,100.079,0.058,-0.016,-0.004,0.000,0.0780,0.0970,0.9910,-1.55,0.60,0.59,193.179,-4.500,5.534,1,1949,0,0.0,1,0,1,27.0,0.0,129,4,0,143,29563
66549,219786160,1,1,14,53.7183253,-1.3095279,100.081,0.133,-0.036,-0.008,0.000,0.0800,0.0960,0.9930,-1.73,0.61,0.61,193.179,-4.606,5.591,1,1949,0,0.0,1,0,1,27.0,0.0,129,4,0,143,29563
66634,219786240,1,1,14,53.7183253,-1.3095279,100.091,0.086,-0.023,-0.005,0.000,0.0760,0.0960,0.9880,-1.96,0.66,0.60,193.179,-4.399,5.677,1,1984,0,0.0,1,0,1,27.0,0.0,129,4,0,213,-4483
66700,219786280,1,1,14,53.7183253,-1.3095279,100.085,0.014,-0.004,-0.001,0.000,0.0830,0.0900,0.9890,-2.06,0.67,0.57,193.179,-4.797,5.712,1,1984,0,0.0,1,0,1,27.0,0.0,129,4,0,213,-4483
66785,219786400,1,1,14,53.7183253,-1.3095279,100.099,0.029,-0.008,-0.002,0.000,0.0770,0.0990,0.9880,-2.44,0.75,0.56,193.179,-4.456,5.809,1,2000,0,0.0,1,0,1,27.0,0.0,129,4,0,11,32635
66850,219786440,1,1,14,53.7183254,-1.3095278,100.109,0.032,-0.009,-0.002,0.000,0.0720,0.0960,0.9970,-2.74,0.81,0.55,193.179,-4.131,5.821,1,1996,0,0.0,1,0,1,27.0,0.0,129,4,0,-48,10877
66935,219786560,1,1,14,53.7183254,-1.3095279,100.110,0.086,-0.023,-0.005,0.000,0.0810,0.0950,0.9870,-3.19,0.83,0.59,193.179,-4.692,5.830,1,1980,0,0.0,1,0,1,27.0,0.0,129,4,0,81,-7555
67001,219786640,1,1,14,53.7183254,-1.3095278,100.119,0.137,-0.037,-0.009,0.000,0.0790,0.0930,0.9870,-3.29,0.87,0.57,193.179,-4.576,5.819,1,1980,0,0.0,1,0,1,27.0,0.0,129,4,0,-145,19067
67089,219786720,1,1,14,53.7183254,-1.3095278,100.121,0.007,-0.002,-0.000,0.000,0.0750,0.0960,0.9950,-3.50,0.84,0.57,193.179,-4.311,5.791,1,1972,0,0.0,1,0,1,27.0,0.0,129,4,0,-145,19067
67196,219786840,1,1,14,53.7183255,-1.3095278,100.135,0.029,-0.008,-0.002,0.000,0.0790,0.0930,0.9880,-3.53,0.86,0.61,193.179,-4.572,5.711,1,1972,0,0.0,1,0,1,27.0,0.0,128,4,0,-196,-1155
67261,219786880,1,1,14,53.7183255,-1.3095278,100.139,0.029,-0.008,-0.002,0.000,0.0720,0.0940,0.9830,-3.56,0.92,0.59,193.179,-4.189,5.692,1,2046,0,0.0,1,0,1,27.0,0.0,128,4,0,-154,-1155
67347,219786960,1,1,14,53.7183255,-1.3095277,100.143,0.047,-0.013,-0.003,0.000,0.0810,0.0890,0.9980,-3.52,0.92,0.62,193.179,-4.640,5.637,1,2046,0,0.0,1,0,1,27.0,0.0,128,4,0,-154,-1155
67412,219787040,1,1,14,53.7183255,-1.3095277,100.138,0.101,-0.027,-0.006,0.000,0.0750,0.0860,1.0000,-3.60,0.89,0.58,193.179,-4.289,5.578,1,2011,0,0.0,1,0,1,27.0,0.0,128,4,0,20,15997
67495,219787120,1,1,14,53.7183255,-1.3095277,100.148,0.104,-0.028,-0.007,0.000,0.0770,0.0820,0.9910,-3.44,0.89,0.57,193.179,-4.443,5.521,1,2011,0,0.0,1,0,1,27.0,0.0,128,4,0,20,15997
67559,219787200,1,1,14,53.7183256,-1.3095277,100.160,0.112,-0.030,-0.007,0.000,0.0720,0.0860,0.9910,-3.24,0.90,0.60,193.179,-4.155,5.477,1,2050,0,0.0,1,0,1,27.0,0.0,128,4,0,-137,-32388
67652,219787240,1,1,14,53.7183256,-1.3095277,100.161,0.083,-0.022,-0.005,0.000,0.0740,0.0780,0.9950,-3.17,0.86,0.56,193.179,-4.253,5.458,1,2050,0,0.0,1,0,1,27.0,0.0,128,4,0,76,25981
67718,219787320,1,1,14,53.7183255,-1.3095277,100.158,0.086,-0.023,-0.005,0.000,0.0770,0.0840,1.0000,-3.07,0.78,0.53,193.179,-4.403,5.444,1,1996,0,0.0,1,0,1,27.0,0.0,128,4,0,76,25981
67801,219787440,1,1,14,53.7183256,-1.3095277,100.165,0.054,-0.015,-0.003,0.000,0.0800,0.0910,0.9870,-2.98,0.83,0.58,193.179,-4.634,5.433,1,1996,0,0.0,1,0,1,27.0,0.0,128,4,0,-78,25981
67868,219787480,1,1,14,53.7183255,-1.3095277,100.163,0.036,-0.010,-0.002,0.000,0.0730,0.0820,1.0020,-3.16,0.86,0.55,193.179,-4.167,5.419,1,1976,0,0.0,1,0,1,27.0,0.0,128,4,0,-78,25981
67953,219787560,1,1,14,53.7183256,-1.3095276,100.175,0.162,-0.044,-0.010,0.000,0.0760,0.0920,0.9930,-3.38,0.86,0.61,193.179,-4.377,5.399,1,1976,0,0.0,1,0,1,27.0,0.0,128,4,0,20,31869
68018,219787640,1,1,14,53.7183256,-1.3095276,100.185,0.101,-0.027,-0.006,0.000,0.0730,0.0880,0.9900,-3.61,0.87,0.62,193.179,-4.217,5.357,1,2027,0,0.0,1,0,1,27.0,0.0,128,4,0,20,31869
68104,219787680,1,1,14,53.7183256,-1.3095275,100.190,0.029,-0.008,-0.002,0.000,0.0820,0.0900,0.9930,-3.58,0.84,0.63,193.179,-4.721,5.339,1,2027,0,0.0,1,0,1,27.0,0.0,128,4,0,20,31869
68170,219787800,1,1,14,53.7183256,-1.3095275,100.195,0.090,-0.024,-0.006,0.000,0.0780,0.0840,0.9880,-3.62,0.92,0.62,193.179,-4.514,5.232,1,2027,0,0.0,1,0,1,27.0,0.0,128,4,0,20,31869
68253,219787880,1,1,14,53.7183256,-1.3095275,100.191,0.032,-0.009,-0.002,0.000,0.0710,0.0850,0.9900,-3.66,0.93,0.60,193.179,-4.102,5.169,1,2027,0,0.0,1,0,1,27.0,0.0,128,4,0,-11,-15234
68320,219787920,1,1,14,53.7183256,-1.3095275,100.200,0.025,-0.007,-0.002,0.000,0.0760,0.0840,0.9990,-3.79,0.93,0.56,193.179,-4.350,5.138,1,2023,0,0.0,1,0,1,27.0,0.0,128,4,0,-11,-15234
68406,219788040,1,1,14,53.7183256,-1.3095274,100.214,0.050,-0.014,-0.003,0.000,0.0710,0.0890,0.9850,-3.98,1.00,0.62,193.179,-4.123,5.022,1,2023,0,0.0,1,0,1,27.0,0.0,128,4,0,-221,-27012
68473,219788080,1,1,14,53.7183256,-1.3095274,100.214,0.137,-0.037,-0.009,0.000,0.0670,0.0750,1.0000,-4.20,1.02,0.55,193.179,-3.833,4.968,1,2089,0,0.0,1,0,1,27.0,0.0,127,4,0,-221,-27012
68562,219788200,1,1,14,53.7183257,-1.3095273,100.218,0.054,-0.015,-0.003,0.000,0.0760,0.0730,0.9930,-4.17,1.04,0.58,193.179,-4.377,4.806,1,1968,0,0.0,1,0,1,27.0,0.0,127,4,0,-90,27515
68628,219788240,1,1,14,53.7183257,-1.3095273,100.224,0.076,-0.020,-0.005,0.000,0.0770,0.0710,0.9910,-4.20,1.02,0.60,193.179,-4.443,4.752,1,2000,0,0.0,1,0,1,27.0,0.0,127,4,0,-90,27515
68714,219788320,1,1,14,53.7183257,-1.3095273,100.234,0.119,-0.032,-0.008,0.000,0.0740,0.0770,0.9840,-4.17,0.98,0.63,193.179,-4.301,4.664,1,2000,0,0.0,1,0,1,27.0,0.0,127,4,0,-271,-3458
68780,219788400,1,1,14,53.7183257,-1.3095272,100.233,0.148,-0.040,-0.009,0.000,0.0720,0.0830,0.9890,-4.45,0.83,0.81,193.179,-4.164,4.575,1,1980,0,0.0,1,0,1,27.0,0.0,127,4,0,-271,-3458
68865,219788480,1,1,14,53.7183257,-1.3095272,100.236,0.104,-0.028,-0.007,0.000,0.0760,0.0630,1.0070,-4.58,0.60,0.95,193.179,-4.316,4.440,1,1980,0,0.0,1,0,1,27.0,0.0,127,4,0,-159,-17796
68932,219788560,1,1,14,53.7183258,-1.3095271,100.255,0.090,-0.024,-0.006,0.000,0.0760,0.0290,1.0080,-3.63,0.52,0.68,193.179,-4.312,4.291,1,1941,0,0.0,1,0,1,27.0,0.0,126,4,0,-28,8575
69016,219788640,1,1,14,53.7183257,-1.3095271,100.250,0.032,-0.009,-0.002,0.000,0.0770,0.0520,1.0000,-2.36,0.51,0.37,193.179,-4.403,4.257,1,1984,0,0.0,1,0,1,27.0,0.0,126,4,0,-28,8575
69082,219788680,1,1,14,53.7183257,-1.3095272,100.249,0.122,-0.033,-0.008,0.000,0.0760,0.0720,0.9970,-2.32,0.58,0.33,193.179,-4.359,4.289,1,1960,0,0.0,1,0,1,27.0,0.0,126,4,0,56,-8837
69165,219788800,1,1,14,53.7183258,-1.3095271,100.252,0.241,-0.065,-0.015,0.000,0.0800,0.1500,0.9810,-5.78,0.89,0.70,193.179,-4.662,4.353,1,1890,0,0.0,1,0,1,27.0,0.0,126,4,0,56,-8837
69231,219788840,1,1,14,53.7183258,-1.3095270,100.255,0.428,-0.116,-0.027,0.000,0.0780,0.1490,0.9890,-7.55,0.96,0.80,193.179,-4.509,4.267,1,1890,0,0.0,1,0,1,27.0,0.0,126,4,0,-1256,6267
69320,219788920,1,1,14,53.7183259,-1.3095268,100.263,0.515,-0.123,0.074,0.000,0.0870,0.0950,0.9880,-10.78,1.07,0.88,149.006,-5.032,3.822,1,2035,0,0.0,1,0,1,27.0,0.0,126,4,0,-1256,6267
69383,219789000,1,1,14,53.7183261,-1.3095267,100.253,0.864,0.167,0.172,0.000,0.0940,0.0500,0.9820,-11.78,1.09,0.89,45.837,-5.468,3.144,1,2035,0,0.0,1,0,1,27.0,0.0,126,4,0,-1419,5247
69469,219789080,1,1,14,53.7183262,-1.3095265,100.248,0.594,0.116,0.118,0.000,0.0850,0.0180,0.9770,-11.94,1.35,0.68,45.417,-4.972,2.375,1,1980,0,0.0,1,0,1,27.0,0.0,126,4,0,-1419,5247
69534,219789160,1,1,14,53.7183261,-1.3095264,100.262,0.382,0.074,0.075,0.000,0.0630,-0.0080,0.9940,-11.29,1.64,0.55,45.417,-3.627,1.615,1,1980,0,0.0,1,0,1,27.0,0.0,126,5,0,-1158,-25474
69621,219789240,1,1,14,53.7183263,-1.3095263,100.263,0.497,0.116,0.075,0.000,0.0610,-0.0030,1.0010,-9.94,1.62,1.02,32.828,-3.487,1.006,1,2019,0,0.0,1,0,1,27.0,0.0,126,5,0,-1158,-25474
69685,219789280,1,1,14,53.7183263,-1.3095263,100.267,0.400,0.093,0.060,0.000,0.0600,-0.0080,0.9910,-9.65,1.66,1.15,32.813,-3.465,0.724,1,1992,0,0.0,1,0,1,27.0,0.0,126,5,0,-1052,30592
69772,219789400,1,1,14,53.7183263,-1.3095262,100.266,0.252,0.059,0.038,0.000,0.0500,-0.0630,1.0270,-7.98,1.56,0.86,32.813,-2.787,-0.087,1,1992,0,0.0,1,0,1,27.0,0.0,126,5,0,-1052,-11392
69834,219789440,1,1,14,53.7183264,-1.3095261,100.276,0.187,0.044,0.028,0.000,0.0510,-0.0540,1.0250,-7.00,1.30,0.82,32.813,-2.848,-0.294,1,2000,0,0.0,1,0,1,27.0,0.0,126,5,0,-1052,-11392
69920,219789520,1,1,14,53.7183264,-1.3095261,100.281,0.133,0.031,0.020,0.000,0.0620,-0.0530,0.9910,-5.45,0.87,0.69,32.813,-3.580,-0.612,1,2000,0,0.0,1,0,1,27.0,0.0,126,5,0,-425,-8574
69987,219789600,1,1,14,53.7183265,-1.3095262,100.281,0.144,0.034,0.022,0.000,0.0790,-0.0380,0.9780,-4.45,1.18,0.47,32.813,-4.618,-0.793,1,2000,0,0.0,1,0,1,27.0,0.0,125,5,0,-333,-24446
70073,219789680,1,1,14,53.7183265,-1.3095261,100.281,0.014,0.003,0.002,0.000,0.0770,-0.0120,0.9990,-4.02,1.43,0.44,32.813,-4.407,-0.883,1,2000,0,0.0,1,0,1,27.0,0.0,125,5,0,-92,-29569
70138,219789760,1,1,14,53.7183265,-1.3095261,100.290,0.058,0.013,0.009,0.000,0.0800,-0.0120,1.0090,-4.59,1.05,0.65,32.813,-4.533,-0.976,1,1921,0,0.0,1,0,1,27.0,0.0,125,5,0,-92,-29569
70225,219789840,1,1,14,53.7183266,-1.3095261,100.298,0.119,0.028,0.018,0.000,0.0900,-0.0400,1.0010,-5.01,0.74,0.67,32.813,-5.138,-1.134,1,1949,0,0.0,1,0,1,27.0,0.0,125,5,0,-428,-32128
70289,219789920,1,1,14,53.7183267,-1.3095261,100.306,0.079,0.018,0.012,0.000,0.0750,-0.0570,1.0000,-4.72,0.86,0.53,32.813,-4.289,-1.308,1,1878,0,0.0,1,0,1,27.0,0.0,125,5,0,-95,-32125
70376,219790000,1,1,14,53.7183266,-1.3095260,100.307,0.115,0.027,0.017,0.000,0.0650,-0.0430,0.9970,-3.84,0.71,0.41,32.813,-3.730,-1.417,1,1937,0,0.0,1,0,1,27.0,0.0,125,5,0,-95,-32125
70439,219790080,1,1,14,53.7183267,-1.3095261,100.313,0.101,0.024,0.015,0.000,0.0590,-0.0220,1.0000,-3.66,0.41,0.41,32.813,-3.377,-1.465,1,1937,0,0.0,1,0,1,27.0,0.0,125,5,0,56,-32125
70525,219790120,1,1,14,53.7183267,-1.3095261,100.317,0.058,0.013,0.009,0.000,0.0530,-0.0070,0.9970,-4.15,0.32,0.45,32.813,-3.043,-1.481,1,1957,0,0.0,1,0,1,27.0,0.0,125,5,0,-104,23933
70592,219790200,1,1,14,53.7183267,-1.3095260,100.319,0.022,0.005,0.003,0.000,0.0710,0.0020,0.9900,-5.67,0.32,0.77,32.813,-4.102,-1.578,1,1957,0,0.0,1,0,1,27.0,0.0,125,5,0,-632,-4990
70676,219790320,1,1,14,53.7183268,-1.3095259,100.325,0.281,0.066,0.042,0.000,0.0660,-0.0610,0.9940,-6.60,1.19,0.91,32.813,-3.799,-1.981,1,1976,0,0.0,1,0,1,27.0,0.0,125,5,0,-632,-4990
70743,219790360,1,1,14,53.7183268,-1.3095259,100.327,0.191,0.045,0.029,0.000,0.0540,-0.0800,1.0110,-6.28,1.24,0.73,32.813,-3.057,-2.153,1,1976,0,0.0,1,0,1,27.0,0.0,125,5,0,-288,-16511
70829,219790440,1,1,14,53.7183268,-1.3095259,100.321,0.007,0.002,0.001,0.000,0.0500,-0.0930,1.0180,-4.87,0.78,0.48,32.813,-2.812,-2.418,1,1933,0,0.0,1,0,1,27.0,0.0,125,5,0,-288,-16511
70894,219790520,1,1,14,53.7183269,-1.3095260,100.334,0.205,0.048,0.031,0.000,0.0740,-0.0630,0.9940,-3.70,0.31,0.53,32.813,-4.258,-2.526,1,1929,0,0.0,1,0,1,27.0,0.0,125,5,0,-92,-26752
70981,219790600,1,1,14,53.7183269,-1.3095259,100.341,0.151,0.035,0.023,0.000,0.0910,-0.0470,0.9840,-3.67,0.48,0.44,32.813,-5.284,-2.583,1,1929,0,0.0,1,0,1,27.0,0.0,125,5,0,-45,23426
71046,219790680,1,1,14,53.7183270,-1.3095259,100.343,0.173,0.040,0.026,0.000,0.0860,-0.0690,0.9860,-3.73,0.70,0.26,32.813,-4.985,-2.676,1,1976,0,0.0,1,0,1,27.0,0.0,125,5,0,-98,5251
71136,219790720,1,1,14,53.7183270,-1.3095259,100.351,0.065,0.015,0.010,0.000,0.0850,-0.0620,0.9810,-3.55,0.83,0.22,32.813,-4.952,-2.709,1,1976,0,0.0,1,0,1,27.0,0.0,125,5,0,8,6527
71201,219790840,1,1,14,53.7183271,-1.3095258,100.370,0.086,0.020,0.013,0.000,0.0530,-0.0550,1.0250,-3.11,0.64,0.13,32.813,-2.960,-2.758,1,1949,0,0.0,1,0,1,27.0,0.0,125,5,0,11,-15229
71291,219790920,1,1,14,53.7183271,-1.3095258,100.377,0.083,0.019,0.012,0.000,0.0560,-0.0560,1.0220,-2.91,-0.04,0.17,32.813,-3.136,-2.759,1,1964,0,0.0,1,0,1,27.0,0.0,125,5,0,118,-2174
71357,219790960,1,1,14,53.7183272,-1.3095258,100.378,0.097,0.023,0.015,0.000,0.0730,-0.0490,0.9980,-2.77,-0.21,0.28,32.813,-4.184,-2.743,1,1964,0,0.0,1,0,1,27.0,0.0,125,5,0,118,-2174
71442,219791080,1,1,14,53.7183272,-1.3095258,100.385,0.158,0.037,0.024,0.000,0.0940,-0.0390,0.9780,-2.96,0.21,0.56,32.813,-5.490,-2.713,1,1964,0,0.0,1,0,1,27.0,0.0,125,5,0,0,3199
71507,219791120,1,1,14,53.7183272,-1.3095258,100.391,0.054,0.013,0.008,0.000,0.0820,-0.0490,0.9930,-3.52,0.43,0.48,32.813,-4.721,-2.728,1,1964,0,0.0,1,0,1,27.0,0.0,125,5,0,0,3199
71594,219791200,1,1,14,53.7183273,-1.3095258,100.397,0.036,0.008,0.005,0.000,0.0740,-0.0570,0.9940,-3.92,0.75,0.64,32.813,-4.258,-2.798,1,1964,0,0.0,1,0,1,27.0,0.0,125,5,0,-109,-8061
71662,219791280,1,1,14,53.7183273,-1.3095257,100.407,0.133,0.031,0.020,0.000,0.0620,-0.0700,1.0050,-3.50,0.87,0.71,32.813,-3.530,-2.881,1,1980,0,0.0,1,0,1,27.0,0.0,125,5,0,-34,8575
71747,219791360,1,1,14,53.7183273,-1.3095257,100.411,0.119,0.028,0.018,0.000,0.0740,-0.0690,1.0050,-2.89,0.68,0.63,32.813,-4.211,-2.909,1,1980,0,0.0,1,0,1,27.0,0.0,125,5,0,-34,8575
71812,219791400,1,1,14,53.7183274,-1.3095257,100.416,0.047,0.011,0.007,0.000,0.0700,-0.0660,1.0010,-2.85,0.68,0.63,32.813,-4.000,-2.912,1,1996,0,0.0,1,0,1,27.0,0.0,125,5,0,134,32386
71899,219791520,1,1,14,53.7183274,-1.3095257,100.416,0.108,0.025,0.016,0.000,0.0830,-0.0560,0.9830,-2.45,1.26,0.76,32.813,-4.826,-2.879,1,1996,0,0.0,1,0,1,27.0,0.0,125,5,0,134,32386
71965,219791560,1,1,14,53.7183275,-1.3095257,100.426,0.083,0.019,0.012,0.000,0.0640,-0.0650,1.0030,-2.56,1.41,0.62,32.813,-3.651,-2.871,1,1996,0,0.0,1,0,1,27.0,0.0,125,5,0,120,-32126
72048,219791680,1,1,14,53.7183275,-1.3095257,100.434,0.086,0.020,0.013,0.000,0.0750,-0.0410,0.9930,-2.68,1.10,0.65,32.813,-4.319,-2.791,1,1996,0,0.0,1,0,1,27.0,0.0,125,5,0,48,-2176
72114,219791720,1,1,14,53.7183275,-1.3095257,100.441,0.076,0.018,0.011,0.000,0.0830,-0.0470,0.9980,-3.16,1.08,0.64,32.813,-4.754,-2.787,1,1917,0,0.0,1,0,1,27.0,0.0,125,5,0,-109,-128
72200,219791800,1,1,14,53.7183276,-1.3095256,100.445,0.076,0.018,0.011,0.000,0.0590,-0.0550,1.0130,-3.85,1.00,0.62,32.813,-3.333,-2.832,1,1917,0,0.0,1,0,1,27.0,0.0,125,5,0,-64,-28542
72265,219791880,1,1,14,53.7183276,-1.3095256,100.457,0.014,0.003,0.002,0.000,0.0730,-0.0640,1.0050,-3.84,0.72,0.62,32.813,-4.154,-2.922,1,1953,0,0.0,1,0,1,27.0,0.0,125,5,0,-95,26754
72350,219791960,1,1,14,53.7183277,-1.3095256,100.459,0.115,0.027,0.017,0.000,0.0610,-0.0680,1.0090,-3.65,0.60,0.54,32.813,-3.460,-2.999,1,1953,0,0.0,1,0,1,27.0,0.0,125,5,0,-104,27007
72415,219792040,1,1,14,53.7183277,-1.3095256,100.473,0.072,0.017,0.011,0.000,0.0180,-0.0650,1.0480,-3.53,0.49,0.55,32.813,-0.984,-3.039,1,1886,0,0.0,1,0,1,27.0,0.0,125,5,0,-104,27007
72500,219792120,1,1,15,53.7183278,-1.3095256,100.467,0.101,0.024,0.015,0.000,0.0900,-0.0670,0.9740,-3.19,0.68,0.49,32.813,-5.279,-3.068,1,1886,0,0.0,1,0,1,32.0,0.0,125,5,0,-218,27007
72566,219792200,1,1,15,53.7183279,-1.3095255,100.491,0.047,0.011,0.007,0.000,0.1010,-0.0510,0.9850,-2.92,1.27,0.67,32.813,-5.855,-3.104,1,1957,0,0.0,1,0,1,32.0,0.0,125,5,0,-95,2435
72648,219792280,1,1,15,53.7183280,-1.3095255,100.495,0.104,0.024,0.016,0.000,0.0550,-0.0780,1.0010,-2.80,0.78,0.47,32.813,-3.145,-3.143,1,1937,0,0.0,1,0,1,32.0,0.0,125,5,0,145,5760
72715,219792360,1,1,15,53.7183280,-1.3095255,100.498,0.166,0.039,0.025,0.000,0.0800,-0.0400,1.0260,-2.79,0.38,0.38,32.813,-4.458,-3.089,1,1992,0,0.0,1,0,1,32.0,0.0,125,5,0,145,3456
72801,219792400,1,1,15,53.7183281,-1.3095255,100.510,0.029,0.007,0.004,0.000,0.0780,-0.0350,1.0310,-3.03,0.56,0.50,32.813,-4.326,-3.059,1,1960,0,0.0,1,0,1,32.0,0.0,125,5,0,145,3456
72866,219792480,1,1,15,53.7183281,-1.3095254,100.518,0.148,0.034,0.022,0.000,0.0810,-0.0530,0.9870,-3.70,0.68,0.74,32.813,-4.692,-3.086,1,1929,0,0.0,1,0,1,32.0,0.0,125,5,0,-266,31105
72953,219792560,1,1,15,53.7183281,-1.3095255,100.525,0.101,0.024,0.015,0.000,0.0700,-0.0950,0.9780,-3.07,0.80,0.64,32.813,-4.094,-3.193,1,1964,0,0.0,1,0,1,32.0,0.0,125,5,0,22,-17278
73018,219792640,1,1,15,53.7183282,-1.3095254,100.535,0.032,0.008,0.005,0.000,0.0700,-0.1150,0.9830,-0.86,0.95,0.52,32.813,-4.073,-3.190,1,1960,-1,0.0,1,0,1,32.0,0.0,125,5,0,22,-17278
73102,219792720,1,1,15,53.7183282,-1.3095255,100.530,0.216,0.050,0.033,0.000,0.0620,-0.0950,0.9990,1.13,1.14,0.64,32.813,-3.551,-2.979,1,1992,1,0.0,1,0,1,32.0,0.0,125,5,0,478,16770
73169,219792800,1,1,15,53.7183281,-1.3095255,100.532,0.266,0.062,0.040,0.000,0.0520,-0.0600,0.9860,2.72,1.15,0.63,32.813,-3.019,-2.598,1,1875,1,0.0,1,0,1,32.0,0.0,125,5,0,478,16770
73252,219792880,1,1,15,53.7183282,-1.3095257,100.541,0.400,0.093,0.060,0.000,0.0020,-0.0700,1.0170,3.46,1.21,0.24,32.813,-0.113,-2.161,1,1828,1,0.0,1,0,1,32.0,0.0,125,5,0,881,-31613
73316,219792920,1,1,15,53.7183283,-1.3095258,100.551,0.540,0.126,0.081,0.000,-0.0100,-0.0660,1.0120,3.77,1.04,0.07,32.813,0.566,-1.919,1,1722,1,0.0,1,0,1,32.0,0.0,125,5,0,1108,-31613
73406,219793040,1,1,15,53.7183284,-1.3095261,100.575,0.634,0.073,-0.160,0.000,0.0100,-0.0210,0.9890,3.71,0.88,-0.25,294.433,-0.579,-1.085,1,1621,1,0.0,1,0,1,32.0,0.0,125,5,0,1164,27007
73471,219793080,1,1,15,53.7183285,-1.3095262,100.574,0.580,0.055,-0.151,0.000,0.0000,-0.0060,1.0080,3.28,0.98,-0.32,289.894,-0.000,-0.816,1,1660,1,0.0,1,0,1,32.0,0.0,125,5,0,1063,27007
73556,219793160,1,1,15,53.7183286,-1.3095264,100.566,0.641,0.086,-0.156,0.000,0.0220,0.0280,0.9730,2.08,0.96,-0.37,298.950,-1.295,-0.321,1,1660,1,0.0,1,0,1,32.0,0.0,125,5,0,1063,27007
73623,219793240,1,1,15,53.7183288,-1.3095267,100.572,0.976,0.152,-0.224,0.000,0.0000,0.0080,0.9790,0.64,1.44,-0.58,304.199,-0.000,0.055,1,1652,1,0.0,1,0,1,32.0,0.0,122,5,0,557,-10370
73710,219793320,1,1,15,53.7183291,-1.3095271,100.597,1.451,0.218,-0.339,0.000,-0.0230,0.0120,1.0080,-0.31,1.91,-0.67,302.696,1.307,0.312,1,1652,1,0.0,1,0,1,32.0,0.0,122,7,0,557,-10370
73774,219793400,1,1,15,53.7183295,-1.3095275,100.625,1.847,0.339,-0.385,0.000,0.0000,0.0170,0.9980,-1.74,1.61,-0.88,311.379,-0.000,0.500,1,1671,1,0.0,1,0,1,32.0,0.0,122,7,0,249,-19331
73862,219793480,1,1,15,53.7183297,-1.3095278,100.617,1.303,0.252,-0.260,0.000,-0.0170,-0.0010,1.0200,-2.41,1.54,-1.33,314.099,0.955,0.559,1,1656,1,2.4,1,0,1,32.0,0.0,122,7,0,-196,-7299
73926,219793560,1,1,15,53.7183299,-1.3095281,100.623,1.454,0.274,-0.297,0.000,-0.0040,0.0340,1.0240,-2.85,1.65,-1.83,312.776,0.224,0.626,1,1656,1,7.4,1,0,1,32.0,0.0,122,7,0,-162,-30339
74013,219793600,1,1,15,53.7183301,-1.3095283,100.630,1.800,0.332,-0.374,0.000,0.0000,0.0350,1.0040,-4.10,1.64,-2.21,311.642,-0.000,0.618,1,1648,1,9.1,1,0,1,32.0,0.0,122,7,91,-607,-6787
74077,219793680,1,1,15,53.7183305,-1.3095289,100.626,2.164,0.429,-0.421,0.000,0.0030,0.0340,0.9980,-5.57,1.89,-2.57,315.555,-0.172,0.516,1,1722,1,9.1,1,0,1,32.0,0.0,122,7,91,-607,-6787
74163,219793800,1,1,15,53.7183312,-1.3095294,100.657,2.142,0.499,-0.325,0.000,0.0000,-0.0320,1.0430,-5.37,1.60,-3.58,326.932,-0.000,0.145,1,1750,1,14.3,1,0,1,32.0,0.0,122,7,91,-1259,26496
74228,219793840,1,1,15,53.7183314,-1.3095297,100.642,2.232,0.511,-0.351,0.000,0.0190,-0.0220,1.0360,-4.40,1.06,-3.75,325.468,-1.051,0.071,1,1671,1,14.3,1,0,1,32.0,0.0,122,14,91,-1259,26496
74318,219793920,1,1,15,53.7183317,-1.3095306,100.644,2.880,0.510,-0.617,0.000,0.0370,-0.0130,1.0260,-3.89,-0.32,-3.80,309.562,-2.065,-0.016,1,1671,1,17.4,1,0,1,32.0,0.0,122,14,174,-610,4737
74383,219794000,1,1,15,53.7183320,-1.3095310,100.664,1.962,0.340,-0.426,0.000,0.0900,-0.0080,1.0200,-3.23,-1.56,-3.37,308.630,-5.042,-0.077,1,1730,1,18.3,1,0,1,32.0,0.0,123,18,174,-677,4737
74469,219794080,1,1,15,53.7183325,-1.3095315,100.693,2.552,0.513,-0.489,0.000,0.1220,-0.0300,0.9820,-2.51,-1.21,-3.20,316.386,-7.082,-0.103,1,1699,1,19.1,1,0,1,32.0,0.0,123,18,174,-677,4737
74536,219794160,1,1,15,53.7183330,-1.3095319,100.711,2.419,0.509,-0.439,0.000,0.1490,-0.0050,0.9690,-1.46,-0.53,-2.96,319.261,-8.742,-0.024,1,1699,1,19.5,1,0,1,32.0,0.0,123,18,195,-229,17537
74621,219794240,1,1,15,53.7183333,-1.3095322,100.742,1.789,0.361,-0.341,0.000,0.1730,0.0020,0.9900,-1.06,-0.97,-2.50,316.614,-9.912,0.116,1,1757,1,19.5,1,0,1,32.0,0.0,122,18,195,-87,19327
74685,219794320,1,1,15,53.7183335,-1.3095326,100.732,1.501,0.275,-0.313,0.000,0.2210,0.0020,0.9880,-1.14,-1.57,-1.68,311.348,-12.609,0.290,1,1757,1,19.5,1,0,1,32.0,0.0,122,21,195,-87,19327
74769,219794400,1,1,15,53.7183338,-1.3095329,100.752,1.454,0.259,-0.310,0.000,0.2570,0.0370,0.9640,-1.66,-0.84,-0.83,309.812,-14.928,0.465,1,1695,1,18.3,1,0,1,32.0,0.0,122,21,183,-56,19327
74836,219794440,1,1,15,53.7183339,-1.3095331,100.760,1.181,0.205,-0.256,0.000,0.2420,0.0130,0.9730,-2.44,-0.34,-0.67,308.749,-13.967,0.500,1,1695,1,18.3,1,0,1,32.0,0.0,122,21,183,17,-10883
74920,219794560,1,1,15,53.7183340,-1.3095331,100.762,0.356,0.060,-0.079,0.000,0.2090,0.0060,0.9240,-3.20,2.36,-0.30,307.431,-12.745,0.521,1,1750,1,18.3,1,0,1,32.0,0.0,122,21,183,-325,-10883
74986,219794600,1,1,15,53.7183340,-1.3095330,100.759,0.137,0.023,-0.030,0.000,0.1490,-0.0170,0.9460,-3.06,4.97,-0.54,307.431,-8.951,0.495,1,1750,1,18.3,1,0,1,32.0,0.0,122,23,183,-229,-12418
75074,219794680,1,1,15,53.7183340,-1.3095332,100.749,0.263,0.044,-0.058,0.000,0.0500,-0.0140,1.0470,-2.12,6.25,-0.89,307.431,-2.734,0.508,1,1765,1,18.3,1,0,1,32.0,0.0,122,23,183,-115,9856
75138,219794760,1,1,15,53.7183342,-1.3095332,100.769,0.392,0.066,-0.087,0.000,0.0410,0.0110,1.0450,-1.86,3.02,-0.65,307.431,-2.247,0.609,1,1847,1,0.0,1,0,1,32.0,0.0,123,23,183,-115,9856
75227,219794840,1,1,15,53.7183342,-1.3095333,100.770,0.184,0.031,-0.040,0.000,0.0750,0.0060,0.9800,-1.97,1.99,-0.28,307.431,-4.376,0.714,1,1847,1,0.0,1,0,1,32.0,0.0,123,23,183,224,31615
75292,219794920,1,1,15,53.7183342,-1.3095333,100.761,0.119,0.020,-0.026,0.000,0.0400,-0.0060,0.9930,-2.11,2.52,-0.62,307.431,-2.307,0.799,1,1914,1,0.0,1,0,1,32.0,0.0,123,23,0,-67,-11906
75379,219795000,1,1,15,53.7183343,-1.3095333,100.770,0.227,0.038,-0.050,0.000,-0.0050,-0.0030,1.0110,-1.45,1.60,-0.73,307.431,0.283,0.901,1,1914,1,0.0,1,0,1,32.0,0.0,123,23,0,-67,-11906
75445,219795040,1,1,15,53.7183344,-1.3095334,100.773,0.461,0.078,-0.102,0.000,-0.0460,-0.0070,1.0200,-0.71,0.96,-0.72,307.431,2.582,0.972,1,1789,1,0.0,1,0,1,32.0,0.0,120,23,0,118,-11906
75528,219795160,1,1,15,53.7183347,-1.3095337,100.782,0.904,0.153,-0.199,0.000,-0.0800,0.0180,1.0560,-0.37,1.14,-1.92,307.616,4.332,1.280,1,1503,1,0.0,1,0,1,32.0,0.0,120,23,0,109,-11906
75594,219795200,1,1,15,53.7183348,-1.3095338,100.792,1.037,0.170,-0.233,0.000,-0.0480,0.0490,1.0390,-0.31,0.56,-2.49,306.109,2.645,1.422,1,1503,1,0.0,1,0,1,32.0,0.0,120,23,0,-109,28796
75682,219795280,1,1,15,53.7183351,-1.3095342,100.797,1.397,0.247,-0.299,0.000,-0.0410,0.0730,1.0360,-1.97,-0.48,-3.34,309.512,2.266,1.640,1,1593,1,0.0,1,0,1,32.0,0.0,121,23,0,-512,28796
75747,219795360,1,1,14,53.7183354,-1.3095345,100.799,1.454,0.289,-0.282,0.000,-0.0060,0.0810,0.9810,-5.09,-0.70,-3.62,315.654,0.350,1.685,1,1761,1,0.0,1,0,1,32.0,0.0,121,26,0,-828,24186
75834,219795440,1,1,15,53.7183357,-1.3095348,100.814,1.688,0.347,-0.315,0.000,0.0110,0.0610,0.9680,-7.64,0.23,-3.91,317.761,-0.651,1.499,1,1761,1,0.0,1,0,1,32.0,0.0,121,26,0,-1656,10110
75898,219795520,1,1,15,53.7183361,-1.3095352,100.834,2.048,0.437,-0.364,0.000,-0.0030,0.0220,0.9890,-9.09,1.18,-4.81,320.247,0.174,1.067,1,1757,1,7.5,1,0,1,34.0,0.0,123,26,0,-1656,10110
75986,219795600,1,1,15,53.7183365,-1.3095354,100.827,1.865,0.459,-0.239,0.000,-0.0060,-0.0040,1.0190,-9.65,1.48,-5.66,332.505,0.337,0.565,1,1757,1,7.5,1,0,1,34.0,0.0,123,29,0,-1788,9088
76051,219795680,1,1,15,53.7183369,-1.3095358,100.834,2.110,0.520,-0.270,0.000,-0.0080,-0.0080,1.0170,-9.12,1.39,-5.96,332.531,0.451,0.052,1,1765,1,11.3,1,0,1,34.0,0.0,123,29,113,-1788,9088
76137,219795760,1,1,15,53.7183374,-1.3095363,100.843,2.560,0.584,-0.405,0.000,-0.0180,-0.0630,1.0580,-7.65,0.50,-6.61,325.287,0.975,-0.453,1,1785,1,15.6,1,0,1,34.0,0.0,122,29,113,-1788,9088
76202,219795840,1,1,15,53.7183378,-1.3095369,100.834,2.560,0.581,-0.410,0.000,0.0150,-0.0900,1.0330,-4.76,-0.69,-7.47,324.752,-0.832,-0.793,1,1785,1,15.6,1,0,1,34.0,0.0,122,33,113,-1446,-14720
76287,219795920,1,1,15,53.7183381,-1.3095374,100.825,2.398,0.525,-0.410,0.000,0.0500,-0.0290,0.9490,-2.12,-0.33,-7.53,321.971,-3.016,-0.832,1,1691,1,18.7,1,0,1,34.0,0.0,122,33,113,-1446,-14720
76353,219795960,1,1,15,53.7183383,-1.3095377,100.830,2.484,0.528,-0.444,0.000,0.0480,-0.0030,0.9270,-1.64,0.76,-7.65,319.902,-2.964,-0.758,1,1742,1,18.7,1,0,1,34.0,0.0,122,33,113,-954,-13442
76438,219796040,1,1,15,53.7183388,-1.3095382,100.835,2.592,0.550,-0.464,0.000,0.0150,0.0230,0.9900,-2.12,1.52,-7.79,319.856,-0.868,-0.564,1,1738,1,21.3,1,0,1,34.0,0.0,122,33,113,-954,-13442
76505,219796120,1,1,15,53.7183394,-1.3095388,100.848,3.118,0.694,-0.519,0.000,0.0050,-0.0030,1.0260,-2.80,1.55,-8.23,323.211,-0.279,-0.485,1,1714,1,21.3,1,0,1,34.0,0.0,122,38,113,-1374,-22403
76590,219796200,1,1,15,53.7183398,-1.3095392,100.828,2.477,0.579,-0.372,0.000,0.0050,-0.0420,1.0140,-1.88,0.90,-8.75,327.287,-0.283,-0.458,1,1714,1,22.8,1,0,1,34.0,0.0,122,38,228,-1374,-22403
76655,219796280,1,1,15,53.7183403,-1.3095402,100.809,3.542,0.755,-0.631,0.000,0.0100,0.0020,0.9850,-0.19,0.32,-9.18,320.151,-0.582,-0.274,1,1753,1,25.4,1,0,1,34.0,0.0,122,38,228,-979,32128
76744,219796360,1,1,15,53.7183409,-1.3095409,100.846,3.128,0.606,-0.623,0.000,0.0020,-0.0020,1.0140,-0.06,0.66,-9.76,314.174,-0.113,-0.008,1,1753,1,25.4,1,0,1,34.0,0.0,122,44,228,-1038,4480
76807,219796440,1,1,15,53.7183416,-1.3095416,100.820,3.708,0.789,-0.662,0.000,0.0150,0.0070,1.0240,0.13,0.32,-9.73,320.010,-0.839,0.302,1,1718,1,26.2,1,0,1,34.0,0.0,122,44,6,-1038,4480
76893,219796520,1,1,15,53.7183423,-1.3095422,100.857,3.413,0.744,-0.587,0.000,0.0390,-0.0070,1.0000,0.91,-0.35,-9.56,321.748,-2.233,0.569,1,1718,1,26.2,1,0,1,34.0,0.0,122,44,6,-708,-15488
76957,219796560,1,1,15,53.7183426,-1.3095426,100.870,3.600,0.777,-0.629,0.000,0.0590,0.0000,1.0270,1.73,-0.43,-9.45,320.999,-3.288,0.751,1,1738,1,29.2,1,0,1,34.0,0.0,122,44,6,-708,-15488
77043,219796680,1,1,15,53.7183437,-1.3095438,100.870,3.830,0.816,-0.683,0.000,0.1300,0.0430,1.0240,3.20,-1.75,-8.31,320.063,-7.235,1.479,1,1738,1,29.2,1,0,1,34.0,0.0,122,51,6,28,-32642
77113,219796720,1,1,15,53.7183439,-1.3095439,100.860,3.316,0.752,-0.531,0.000,0.1490,0.0620,1.0430,2.98,-2.51,-7.71,324.776,-8.130,1.759,1,1722,1,29.7,1,0,1,34.0,0.0,122,51,41,-90,-645
77198,219796800,1,1,15,53.7183445,-1.3095444,100.875,2.920,0.686,-0.433,0.000,0.2400,0.1050,1.0120,1.33,-3.01,-5.95,327.740,-13.341,2.290,1,1800,1,29.0,1,0,1,34.0,0.0,122,51,41,-90,-645
77263,219796880,1,1,15,53.7183450,-1.3095448,100.904,2.570,0.568,-0.433,0.000,0.2750,0.0760,0.8950,-1.44,-1.15,-4.36,322.660,-17.080,2.634,1,1828,1,29.0,1,0,1,34.0,0.0,122,56,41,-361,-645
77348,219796960,1,1,15,53.7183454,-1.3095449,100.896,1.966,0.492,-0.237,0.000,0.2470,0.0780,0.9410,-3.88,0.51,-2.78,334.287,-14.708,2.760,1,1828,1,26.0,1,0,1,34.0,0.0,122,56,4,-361,-645
77413,219797040,1,1,15,53.7183459,-1.3095452,100.895,2.110,0.520,-0.270,0.000,0.2410,0.0730,1.0050,-5.27,1.04,-1.94,332.578,-13.485,2.711,1,1781,1,26.0,1,0,1,34.0,0.0,122,56,4,-630,27263
77498,219797120,1,1,15,53.7183464,-1.3095453,100.954,1.588,0.371,-0.239,0.000,0.2380,0.0770,1.0050,-6.31,1.32,-0.83,327.156,-13.323,2.532,1,1781,1,23.2,1,0,1,34.0,0.0,121,60,4,-630,27263
77562,219797200,1,1,15,53.7183466,-1.3095451,100.967,0.907,0.245,-0.058,0.000,0.2140,0.0260,0.9420,-7.14,1.89,-0.33,346.591,-12.799,2.238,1,1753,1,23.2,1,0,1,34.0,0.0,121,60,4,-613,-9090
77647,219797280,1,1,15,53.7183468,-1.3095450,100.962,0.698,0.194,0.013,0.000,0.1570,-0.0040,0.9580,-6.54,3.13,-0.40,3.715,-9.307,1.869,1,1753,1,16.3,1,0,1,34.0,0.0,121,60,163,-613,-9090
77713,219797320,1,1,15,53.7183470,-1.3095450,100.959,0.835,0.231,-0.021,0.000,0.1340,-0.0030,0.9970,-5.74,3.79,-0.26,354.752,-7.655,1.729,1,1914,1,16.3,1,0,1,34.0,0.0,121,60,163,-618,-21890
77798,219797400,1,1,15,53.7183472,-1.3095450,100.973,0.662,0.176,-0.054,0.000,0.1080,-0.0310,1.0550,-3.76,2.87,0.24,342.853,-5.845,1.501,1,1914,-1,13.3,1,0,1,34.0,0.0,120,61,163,-618,-21890
77863,219797480,1,1,14,53.7183473,-1.3095450,100.994,0.284,0.073,-0.031,0.000,0.1290,0.0010,1.0230,-2.07,1.34,0.63,337.112,-7.187,1.487,1,1890,-1,13.3,1,0,1,34.0,0.0,120,62,163,31,-19071
77949,219797560,1,1,15,53.7183474,-1.3095449,100.998,0.155,0.040,-0.017,0.000,0.1270,0.0480,0.9700,-1.83,0.93,1.05,337.112,-7.459,1.600,1,1890,-1,13.3,1,0,1,34.0,0.0,120,62,133,31,-19071
78016,219797640,1,1,15,53.7183475,-1.3095449,100.997,0.169,0.043,-0.018,0.000,0.1030,0.0310,0.9900,-2.77,0.57,1.08,337.112,-5.940,1.674,1,1917,-1,0.0,1,0,1,34.0,0.0,119,62,133,291,5758
78100,219797720,1,1,15,53.7183476,-1.3095448,101.010,0.050,0.013,-0.005,0.000,0.0950,0.0430,0.9930,-3.74,0.40,0.94,337.112,-5.465,1.719,1,1917,-1,0.0,1,0,1,34.0,0.0,119,62,133,-84,5758
78166,219797800,1,1,15,53.7183476,-1.3095447,101.011,0.310,0.079,-0.033,0.000,0.1270,0.0550,0.9900,-4.99,0.77,1.20,337.112,-7.310,1.677,1,1910,-1,0.0,1,0,1,34.0,0.0,119,62,133,-218,-9348
78250,219797880,1,1,15,53.7183478,-1.3095445,101.020,0.306,0.078,-0.033,0.000,0.1130,0.0160,1.0050,-6.13,1.11,1.15,337.112,-6.415,1.461,1,1910,-1,0.0,1,0,1,34.0,0.0,119,62,133,-487,-1152
78317,219797920,1,1,15,53.7183478,-1.3095445,101.020,0.320,0.082,-0.035,0.000,0.1040,0.0180,0.9960,-6.01,1.30,1.12,337.112,-5.961,1.342,1,1886,-1,0.0,1,0,1,34.0,0.0,119,62,133,-487,31360
78401,219798040,1,1,15,53.7183477,-1.3095443,101.021,0.486,-0.049,-0.126,0.000,0.0940,-0.0830,0.9900,-3.10,1.63,0.25,248.847,-5.424,0.890,1,1886,-1,0.0,1,0,1,34.0,0.0,119,62,133,-257,-11137
78468,219798080,1,1,15,53.7183477,-1.3095443,101.023,0.385,-0.087,-0.062,0.000,0.0780,-0.0730,0.9970,-1.16,1.55,0.21,215.423,-4.473,0.868,1,1886,-1,0.0,1,0,1,34.0,0.0,119,62,0,-257,-11137
78555,219798160,1,1,15,53.7183476,-1.3095444,101.028,0.752,-0.194,-0.078,0.000,0.0660,-0.0490,1.0010,3.04,0.99,0.74,202.055,-3.772,1.085,1,1910,-1,0.0,1,0,1,34.0,0.0,119,62,0,814,-14974
78621,219798240,1,1,15,53.7183475,-1.3095446,101.014,0.806,-0.196,-0.109,0.000,0.0720,-0.0030,0.9930,5.88,0.81,1.21,209.001,-4.147,1.694,1,1910,-1,0.0,1,0,1,34.0,0.0,119,63,0,1707,-23169
78708,219798320,1,1,15,53.7183475,-1.3095446,101.015,0.565,-0.138,-0.075,0.000,0.0860,0.0640,0.9850,5.96,1.04,1.65,208.505,-4.990,2.476,1,1941,-1,0.0,1,0,1,34.0,0.0,119,63,0,1707,-23169
78773,219798400,1,1,15,53.7183476,-1.3095445,101.013,0.428,-0.116,-0.026,0.000,0.0750,0.1150,1.0070,3.82,1.13,1.96,192.398,-4.259,3.208,1,1941,-1,0.0,1,0,1,34.0,0.0,119,63,0,1460,-29572
78858,219798480,1,1,15,53.7183475,-1.3095444,101.015,0.691,-0.188,0.039,0.000,0.0830,0.1360,0.9980,0.11,1.06,2.53,168.276,-4.754,3.709,1,1941,-1,0.0,1,0,1,34.0,0.0,119,64,0,778,30074
78923,219798520,1,1,15,53.7183476,-1.3095443,101.027,0.436,-0.115,0.039,0.000,0.0710,0.1310,1.0010,-1.67,0.96,2.59,161.192,-4.057,3.844,1,1953,-1,0.0,1,0,1,34.0,0.0,119,64,0,341,-17030
79012,219798640,1,1,15,53.7183475,-1.3095439,101.028,0.864,-0.152,0.186,0.000,0.0950,0.1100,0.9810,-5.99,0.52,2.01,129.334,-5.531,3.807,1,1937,-1,0.0,1,0,1,34.0,0.0,118,64,0,-383,-29570
79077,219798680,1,1,15,53.7183475,-1.3095438,101.027,0.799,-0.134,0.177,0.000,0.0850,0.0890,0.9910,-7.23,0.63,1.69,127.046,-4.902,3.676,1,1937,-1,0.0,1,0,1,34.0,0.0,118,65,0,-383,-29570
79163,219798760,1,1,15,53.7183476,-1.3095435,101.045,0.612,-0.087,0.146,0.000,0.0810,0.1200,0.9900,-9.64,1.04,1.47,120.642,-4.677,3.363,1,1792,-1,0.0,1,0,1,34.0,0.0,118,65,0,-831,-31110
79228,219798840,1,1,15,53.7183477,-1.3095432,101.057,0.824,-0.086,0.212,0.000,0.0760,0.0660,1.0090,-13.15,1.16,1.13,112.074,-4.308,2.720,1,1875,-1,0.0,1,0,1,34.0,0.0,118,65,0,-1405,-31110
79313,219798920,1,1,15,53.7183477,-1.3095429,101.071,0.680,-0.061,0.179,0.000,0.0670,-0.0190,0.9880,-13.71,1.32,0.08,108.981,-3.880,1.819,1,1812,-1,0.0,1,0,1,34.0,0.0,118,65,0,-1889,10878
79379,219799000,1,1,15,53.7183477,-1.3095427,101.077,0.612,-0.060,0.159,0.000,0.0530,-0.1280,1.0100,-9.79,0.91,-1.22,110.787,-3.004,0.922,1,1812,-1,0.0,1,0,1,34.0,0.0,118,66,0,-1889,10878
79464,219799080,1,1,15,53.7183477,-1.3095425,101.097,0.410,-0.051,0.102,0.000,0.0530,-0.1090,0.9980,-4.29,0.12,-1.00,116.540,-3.040,0.455,1,1894,-1,0.0,1,0,1,34.0,0.0,118,66,0,-543,12421
79529,219799120,1,1,15,53.7183477,-1.3095425,101.102,0.396,-0.072,0.084,0.000,0.0840,-0.1120,0.9940,-1.69,0.05,-0.57,130.568,-4.830,0.376,1,1878,-1,0.0,1,0,1,34.0,0.0,118,66,0,378,12421
79613,219799240,1,1,15,53.7183474,-1.3095425,101.103,0.990,-0.275,-0.009,0.000,0.0810,-0.0270,1.0120,3.10,1.05,-0.32,181.805,-4.576,0.836,1,1851,-1,0.0,1,0,1,34.0,0.0,118,68,0,937,16510
79677,219799280,1,1,15,53.7183474,-1.3095425,101.108,0.857,-0.238,-0.014,0.000,0.0960,0.0320,1.0090,3.46,0.96,-0.40,183.378,-5.435,1.116,1,1851,-1,0.0,1,0,1,34.0,0.0,118,68,0,937,16510
79763,219799360,1,1,15,53.7183473,-1.3095424,101.114,0.666,-0.183,0.030,0.000,0.0650,0.0850,1.0030,1.17,0.84,-0.57,170.773,-3.708,1.657,1,1863,-1,5.2,1,0,1,34.0,0.0,118,68,0,467,-5252
79835,219799440,1,1,15,53.7183472,-1.3095422,101.115,0.868,-0.210,0.118,0.000,0.0800,0.1220,0.9910,-3.37,0.42,-0.16,150.602,-4.615,1.984,1,1898,-1,5.2,1,0,1,34.0,0.0,118,68,0,-823,-5252
79922,219799520,1,1,15,53.7183471,-1.3095419,101.121,0.997,-0.220,0.168,0.000,0.0680,0.0680,0.9980,-7.38,0.44,-0.54,142.568,-3.898,1.855,1,1898,-1,5.4,1,0,1,34.0,0.0,118,68,0,-823,-4738
79990,219799600,1,1,15,53.7183471,-1.3095416,101.128,0.986,-0.200,0.187,0.000,0.0940,0.0620,0.9820,-9.80,1.03,-0.55,136.859,-5.468,1.483,1,1910,-1,5.4,1,0,1,34.0,0.0,118,68,54,-1055,19326
80075,219799680,1,1,15,53.7183471,-1.3095413,101.125,0.835,-0.136,0.188,0.000,0.0750,0.0060,1.0070,-11.35,1.27,-0.64,125.842,-4.259,0.857,1,1910,-1,5.4,1,0,1,34.0,0.0,118,70,54,-1405,-28803
80145,219799760,1,1,15,53.7183471,-1.3095409,101.135,0.968,-0.141,0.229,0.000,0.0610,-0.0690,1.0120,-10.94,0.86,-1.48,121.663,-3.449,0.105,1,1894,-1,6.5,1,0,1,34.0,0.0,118,70,65,-1223,-8315
80233,219799840,1,1,15,53.7183470,-1.3095407,101.139,0.886,-0.175,0.173,0.000,0.0640,-0.1080,1.0020,-6.83,0.58,-2.09,135.448,-3.655,-0.521,1,1894,-1,6.5,1,0,1,34.0,0.0,118,70,65,-367,901
80297,219799920,1,1,15,53.7183469,-1.3095406,101.141,0.774,-0.186,0.108,0.000,0.0710,-0.1020,0.9940,-2.09,0.24,-1.44,149.789,-4.086,-0.771,1,1945,-1,6.5,1,0,1,34.0,0.0,118,71,65,-367,901
80384,219800000,1,1,15,53.7183467,-1.3095406,101.134,0.979,-0.271,0.026,0.000,0.0880,-0.0970,0.9820,1.83,0.44,-0.94,174.478,-5.121,-0.622,1,1859,-1,6.5,1,0,1,34.0,0.0,118,71,65,-367,901
80448,219800080,1,1,15,53.7183465,-1.3095405,101.127,1.015,-0.282,-0.016,0.000,0.0840,-0.0360,0.9910,4.86,1.02,-1.02,183.299,-4.845,-0.131,1,1925,-1,6.5,1,0,1,34.0,0.0,118,71,65,-367,901
80535,219800160,1,1,15,53.7183464,-1.3095404,101.132,0.976,-0.271,0.015,0.000,0.0900,0.0170,0.9900,5.90,0.65,-1.22,176.813,-5.194,0.532,1,1925,-1,6.5,1,0,1,34.0,0.0,118,73,65,920,-13695
80599,219800200,1,1,15,53.7183463,-1.3095404,101.139,1.001,-0.277,0.027,0.000,0.0820,0.0670,0.9760,5.53,0.50,-1.09,174.383,-4.803,0.942,1,1914,-1,6.5,1,0,1,34.0,0.0,118,73,65,1100,-13695
80687,219800320,1,1,15,53.7183462,-1.3095402,101.143,0.922,-0.247,0.065,0.000,0.0680,0.1340,0.9900,0.58,0.53,-0.44,165.190,-3.929,1.901,1,1914,-1,6.5,1,0,1,34.0,0.0,118,73,65,862,6267
80751,219800360,1,1,15,53.7183461,-1.3095401,101.148,0.994,-0.259,0.095,0.000,0.0630,0.0970,1.0230,-1.75,0.46,-0.64,159.789,-3.524,2.028,1,1835,-1,6.5,1,0,1,34.0,0.0,117,73,65,112,6267
80839,219800440,1,1,15,53.7183461,-1.3095398,101.160,0.878,-0.207,0.129,0.000,0.1000,0.0950,0.9720,-5.33,0.66,-0.90,148.213,-5.874,2.094,1,1910,-1,6.5,1,0,1,34.0,0.0,117,75,65,112,6267
80902,219800520,1,1,15,53.7183460,-1.3095396,101.167,0.842,-0.177,0.153,0.000,0.0960,0.0460,0.9930,-7.78,0.98,-1.05,139.247,-5.522,1.829,1,1859,-1,6.5,1,0,1,34.0,0.0,117,75,65,112,6267
80989,219800600,1,1,15,53.7183459,-1.3095393,101.165,1.123,-0.233,0.207,0.000,0.0690,0.0190,1.0110,-9.27,1.09,-1.31,138.333,-3.904,1.405,1,1886,-1,6.5,1,0,1,34.0,0.0,117,75,65,112,6267
81058,219800680,1,1,15,53.7183458,-1.3095389,101.158,1.199,-0.230,0.240,0.000,0.0840,-0.0520,1.0110,-8.76,1.04,-2.04,133.784,-4.750,0.805,1,1886,-1,6.5,1,0,1,34.0,0.0,117,75,65,112,6267
81144,219800760,1,1,15,53.7183457,-1.3095387,101.160,0.886,-0.204,0.137,0.000,0.0580,-0.1320,1.0090,-5.44,1.14,-3.08,146.105,-3.290,0.289,1,1886,-1,7.2,1,0,1,34.0,0.0,117,75,72,-965,-12671
81208,219800840,1,1,15,53.7183456,-1.3095388,101.168,0.961,-0.266,0.019,0.000,0.0570,-0.1000,0.9930,-0.23,1.15,-2.62,175.922,-3.285,0.185,1,1882,-1,7.4,1,0,1,34.0,0.0,117,75,72,-965,-12671
81292,219800920,1,1,15,53.7183453,-1.3095387,101.173,1.141,-0.317,0.003,0.000,0.0720,-0.0750,0.9870,4.41,1.18,-1.33,179.464,-4.172,0.537,1,1882,-1,7.4,1,0,1,34.0,0.0,118,75,72,657,-19581
81357,219800960,1,1,15,53.7183453,-1.3095387,101.176,1.040,-0.289,0.002,0.000,0.0750,-0.0390,0.9850,5.95,1.05,-1.07,179.519,-4.354,0.839,1,1828,-1,7.4,1,0,1,34.0,0.0,118,75,74,657,-19581
81443,219801040,1,1,15,53.7183451,-1.3095386,101.175,0.979,-0.272,0.001,0.000,0.0720,0.0700,1.0070,6.34,0.89,-1.08,179.756,-4.090,1.655,1,1828,-1,7.4,1,0,1,34.0,0.0,118,75,74,1256,-20866
81509,219801120,1,1,15,53.7183449,-1.3095385,101.169,1.192,-0.330,0.030,0.000,0.0710,0.1630,0.9990,3.44,0.35,-0.59,174.861,-4.065,2.455,1,1937,-1,7.4,1,0,1,34.0,0.0,118,75,74,1256,-20866
81594,219801200,1,1,15,53.7183447,-1.3095383,101.168,1.256,-0.343,0.066,0.000,0.0740,0.1610,0.9860,-1.82,-0.13,-0.16,169.142,-4.292,2.917,1,1937,-1,7.4,1,0,1,34.0,0.0,118,80,74,151,-10632
81661,219801280,1,1,15,53.7183446,-1.3095380,101.165,0.958,-0.238,0.118,0.000,0.0800,0.1220,0.9810,-7.14,0.34,-0.72,153.557,-4.662,2.883,1,1871,-1,7.8,1,0,1,34.0,0.0,118,80,78,151,-10632
81748,219801360,1,1,15,53.7183446,-1.3095376,101.161,1.087,-0.183,0.240,0.000,0.0930,0.0950,0.9790,-9.88,1.02,-0.94,127.367,-5.427,2.497,1,1878,-1,7.8,1,0,1,34.0,0.0,118,80,78,-1452,11645
81812,219801440,1,1,15,53.7183444,-1.3095373,101.148,1.184,-0.230,0.235,0.000,0.0640,0.0390,0.9920,-12.06,1.71,-0.92,134.419,-3.691,1.856,1,1878,-1,7.8,1,0,1,34.0,0.0,117,80,78,-1452,11645
81900,219801520,1,1,15,53.7183442,-1.3095370,101.145,1.202,-0.247,0.225,0.000,0.0620,-0.0300,1.0070,-11.53,1.89,-1.42,137.740,-3.523,1.071,1,1835,-1,8.1,1,0,1,34.0,0.0,117,80,81,-1452,11645
81963,219801600,1,1,15,53.7183442,-1.3095366,101.155,1.076,-0.193,0.228,0.000,0.0450,-0.1350,1.0330,-7.83,1.37,-3.33,130.218,-2.494,0.314,1,1835,-1,8.1,1,0,1,34.0,0.0,117,80,81,-1402,2689
82049,219801680,1,1,15,53.7183441,-1.3095365,101.173,0.788,-0.189,0.111,0.000,0.0400,-0.0910,0.9850,-1.75,0.29,-5.72,149.545,-2.325,0.054,1,1886,-1,8.1,1,0,1,34.0,0.0,116,80,81,-1402,2689
82114,219801720,1,1,15,53.7183440,-1.3095365,101.173,0.900,-0.243,0.058,0.000,0.0480,-0.0630,0.9730,-0.15,0.09,-6.07,166.477,-2.824,0.098,1,1886,-1,8.1,1,0,1,34.0,0.0,116,84,81,-372,23679
82200,219801840,1,1,15,53.7183438,-1.3095363,101.174,0.911,-0.243,0.070,0.000,0.0680,0.0340,1.0060,-0.25,1.15,-2.61,163.910,-3.867,0.600,1,1871,-1,8.1,1,0,1,34.0,0.0,116,84,81,-372,23679
82265,219801880,1,1,15,53.7183438,-1.3095361,101.174,0.817,-0.206,0.095,0.000,0.0590,0.0240,1.0210,-1.18,1.55,-0.39,155.161,-3.307,0.694,1,1875,-1,8.1,1,0,1,34.0,0.0,116,84,81,-104,5505
82352,219801960,1,1,15,53.7183437,-1.3095359,101.182,0.839,-0.207,0.107,0.000,0.0430,-0.0300,0.9960,-1.14,1.39,1.99,152.698,-2.472,0.805,1,1875,-1,8.1,1,0,1,34.0,0.0,117,85,81,574,5505
82415,219802040,1,1,15,53.7183436,-1.3095359,101.178,0.868,-0.237,0.044,0.000,0.0390,-0.0370,0.9950,-0.08,1.67,1.80,169.439,-2.245,0.903,1,1875,-1,8.1,1,0,1,34.0,0.0,117,85,81,761,17792
82502,219802120,1,1,15,53.7183434,-1.3095359,101.170,1.019,-0.282,-0.018,0.000,0.0310,0.0020,0.9930,0.70,1.99,1.46,183.610,-1.788,1.176,1,1875,-1,7.8,1,0,1,34.0,0.0,117,85,78,688,14461
82567,219802200,1,1,15,53.7183433,-1.3095358,101.179,0.637,-0.177,0.001,0.000,0.0380,0.0470,0.9900,1.46,1.68,1.79,179.630,-2.198,1.530,1,1875,-1,7.8,1,0,1,34.0,0.0,117,85,78,792,16765
82652,219802280,1,1,15,53.7183433,-1.3095357,101.183,0.439,-0.122,0.010,0.000,0.0130,0.0690,1.0150,0.32,1.18,1.97,175.490,-0.734,1.896,1,1875,-1,7.8,1,0,1,34.0,0.0,117,87,78,487,1149
82719,219802320,1,1,15,53.7183433,-1.3095357,101.181,0.295,-0.082,0.006,0.000,0.0110,0.0750,1.0160,-0.58,0.88,1.91,175.490,-0.620,2.045,1,1847,-1,7.8,1,0,1,34.0,0.0,117,87,78,487,1149
82808,219802400,1,1,15,53.7183432,-1.3095355,101.180,0.529,-0.142,0.037,0.000,0.0060,0.0630,1.0110,-2.65,0.60,1.48,165.538,-0.340,2.219,1,1816,-1,7.8,1,0,1,34.0,0.0,117,87,78,143,6781
82873,219802480,1,1,15,53.7183433,-1.3095354,101.189,0.331,-0.089,0.023,0.000,0.0020,0.0180,0.9950,-3.67,0.99,0.92,165.538,-0.115,2.183,1,1816,1,0.0,1,0,1,34.0,0.0,117,87,78,45,6781
82958,219802560,1,1,15,53.7183433,-1.3095353,101.185,0.018,-0.005,0.001,0.000,-0.0160,0.0180,1.0060,-3.27,1.56,0.39,165.538,0.911,2.126,1,1746,1,0.0,1,0,1,34.0,0.0,117,87,0,45,6781
83024,219802640,1,1,15,53.7183434,-1.3095353,101.183,0.137,-0.037,0.009,0.000,-0.0460,0.0300,1.0200,-2.53,1.32,-0.01,165.538,2.582,2.135,1,1746,1,0.0,1,0,1,34.0,0.0,117,87,0,-11,29052
83109,219802720,1,1,15,53.7183435,-1.3095354,101.186,0.576,-0.064,-0.147,0.000,-0.0480,0.0390,1.0010,-2.42,0.65,-0.98,246.331,2.745,2.168,1,1542,1,0.0,1,0,1,34.0,0.0,116,87,0,-11,29052
83175,219802800,1,1,15,53.7183438,-1.3095354,101.193,0.799,0.185,-0.123,0.000,-0.0440,0.0450,1.0310,-2.24,0.09,-1.77,326.254,2.444,2.255,1,1535,1,0.0,1,0,1,34.0,0.0,116,87,0,-204,8828
83260,219802880,1,1,15,53.7183440,-1.3095354,101.194,0.983,0.259,-0.087,0.000,-0.0520,0.0500,1.0390,-2.74,-0.48,-2.39,341.353,2.865,2.314,1,1535,1,0.0,1,0,1,34.0,0.0,116,87,0,-204,8828
83331,219802920,1,1,15,53.7183441,-1.3095354,101.188,1.127,0.295,-0.105,0.000,0.0000,0.0630,0.9760,-3.50,-0.61,-2.87,340.370,-0.000,2.330,1,1535,1,0.0,1,0,1,34.0,0.0,116,90,0,-957,-6277
83420,219803040,1,1,15,53.7183446,-1.3095356,101.201,1.350,0.333,-0.172,0.000,0.0020,0.0740,0.9820,-5.91,-0.17,-3.88,332.629,-0.117,2.210,1,1535,1,0.0,1,0,1,34.0,0.0,116,90,0,-957,-6277
83484,219803080,1,1,15,53.7183448,-1.3095357,101.198,1.534,0.384,-0.184,0.000,-0.0110,0.0660,0.9930,-7.07,-0.11,-4.28,334.428,0.635,2.090,1,1605,1,0.0,1,0,1,34.0,0.0,116,90,0,-1192,32123
83571,219803200,1,1,15,53.7183454,-1.3095358,101.172,1.692,0.459,-0.100,0.000,-0.0040,0.0370,0.9850,-8.64,0.65,-5.28,347.699,0.233,1.553,1,1605,1,9.2,1,0,1,34.0,0.0,116,90,0,-1634,-25987
83635,219803280,1,1,15,53.7183459,-1.3095357,101.190,2.246,0.624,-0.016,0.000,-0.0010,0.0280,0.9890,-9.03,1.27,-6.09,358.569,0.058,1.105,1,1539,1,13.2,1,0,1,34.0,0.0,116,90,132,-1634,-25987
83721,219803320,1,1,15,53.7183463,-1.3095357,101.192,2.772,0.767,-0.063,0.000,-0.0060,0.0240,0.9880,-9.17,1.38,-6.39,355.290,0.348,0.877,1,1539,1,13.2,1,0,1,34.0,0.0,116,90,132,-1889,11388
83788,219803400,1,1,15,53.7183468,-1.3095362,101.207,2.830,0.727,-0.298,0.000,-0.0180,0.0060,1.0090,-9.19,1.39,-6.99,337.730,1.022,0.397,1,1593,1,13.2,1,0,1,34.0,0.0,116,97,132,-1855,31101
83871,219803440,1,1,15,53.7183470,-1.3095363,101.202,2.657,0.679,-0.290,0.000,-0.0170,0.0010,1.0130,-9.00,1.35,-7.21,336.838,0.961,0.163,1,1593,1,13.2,1,0,1,34.0,0.0,116,97,132,-1958,-18818
83936,219803560,1,1,15,53.7183479,-1.3095362,101.196,2.801,0.776,-0.051,0.000,-0.0010,-0.0250,0.9920,-8.09,1.19,-8.36,356.275,0.058,-0.508,1,1539,1,20.6,1,0,1,34.0,0.0,116,97,206,-1958,-18818
84024,219803640,1,1,15,53.7183487,-1.3095365,101.220,3.535,0.954,-0.231,0.000,-0.0270,-0.0130,1.0140,-7.48,1.67,-9.12,346.395,1.525,-0.873,1,1542,1,20.6,1,0,1,34.0,0.0,116,97,206,-1880,-25217
84088,219803720,1,1,15,53.7183491,-1.3095367,101.193,2.905,0.775,-0.227,0.000,-0.0100,0.0020,0.9870,-7.55,1.78,-9.74,343.700,0.580,-1.175,1,1542,1,24.2,1,0,1,34.0,0.0,117,103,206,-1880,-25217
84175,219803800,1,1,15,53.7183499,-1.3095369,101.202,3.503,0.953,-0.198,0.000,-0.0180,0.0000,1.0190,-8.67,1.38,-10.41,348.232,1.012,-1.514,1,1542,1,27.7,1,0,1,34.0,0.0,117,103,21,-2188,-25217
84239,219803880,1,1,15,53.7183510,-1.3095370,101.204,4.504,1.236,-0.194,0.000,-0.0140,-0.0640,1.0410,-8.06,0.85,-11.36,351.100,0.771,-1.973,1,1609,1,27.7,1,0,1,34.0,0.0,117,103,21,-2353,-4738
84324,219803920,1,1,15,53.7183514,-1.3095373,101.206,4.619,1.252,-0.279,0.000,-0.0180,-0.1050,1.0390,-6.82,0.28,-11.75,347.453,0.993,-2.191,1,1574,1,30.3,1,0,1,34.0,0.0,117,103,21,-2208,-19327
84390,219804000,1,1,15,53.7183521,-1.3095375,101.224,3.784,1.014,-0.275,0.000,-0.0210,-0.1230,1.0070,-2.52,0.69,-12.86,344.846,1.195,-2.409,1,1574,1,32.4,1,0,1,34.0,0.0,117,103,21,-934,-19327
84474,219804080,1,1,15,53.7183527,-1.3095377,101.217,3.110,0.837,-0.214,0.000,0.0030,-0.0490,0.9320,1.85,1.34,-13.48,345.682,-0.184,-2.188,1,1550,1,35.0,1,0,1,34.0,0.0,117,103,105,-934,19840
84540,219804160,1,1,15,53.7183538,-1.3095382,101.189,4.990,1.335,-0.374,0.000,-0.0080,0.0130,0.9350,2.35,2.85,-13.39,344.337,0.490,-1.648,1,1550,1,35.0,1,0,1,34.0,0.0,117,103,105,-733,19840
84627,219804240,1,1,15,53.7183548,-1.3095385,101.182,4.738,1.284,-0.291,0.000,-0.0360,0.0330,1.0400,0.90,2.69,-13.81,347.247,1.983,-1.164,1,1574,1,37.3,1,0,1,34.0,0.0,117,103,105,-1178,-25732
84692,219804320,1,1,15,53.7183556,-1.3095385,101.229,4.111,1.125,-0.198,0.000,0.0230,0.0180,1.0630,0.66,0.71,-13.56,350.009,-1.240,-0.785,1,1574,1,37.3,1,0,1,34.0,0.0,117,120,105,-1488,-17025
84777,219804400,1,1,15,53.7183568,-1.3095391,101.223,5.393,1.446,-0.392,0.000,0.0690,-0.0050,1.0140,1.38,0.86,-12.45,344.846,-3.893,-0.416,1,1574,1,40.1,1,0,1,34.0,0.0,117,120,145,-1488,-17025
84841,219804480,1,1,15,53.7183579,-1.3095392,101.214,5.119,1.400,-0.251,0.000,0.0880,0.0340,1.0020,1.59,0.16,-10.30,349.834,-5.019,0.043,1,1574,1,41.2,1,0,1,34.0,0.0,117,120,145,-632,-32386
84926,219804560,1,1,15,53.7183587,-1.3095391,101.219,4.262,1.182,-0.072,0.000,0.1380,0.0860,1.0130,-0.02,-1.72,-7.30,356.496,-7.758,0.486,1,1574,1,41.2,1,0,1,34.0,0.0,116,120,145,-632,-32386
84993,219804600,1,1,15,53.7183592,-1.3095394,101.225,4.608,1.266,-0.192,0.000,0.1720,0.0270,0.9680,-0.66,-2.49,-5.51,351.375,-10.075,0.607,1,1574,1,41.2,1,0,1,34.0,0.0,116,130,145,-630,29565
85079,219804720,1,1,15,53.7183603,-1.3095391,101.226,3.719,1.032,0.034,0.000,0.2120,-0.0270,0.9800,-0.13,-3.34,-3.31,1.881,-12.207,0.895,1,1574,1,41.2,1,0,1,38.0,0.0,116,130,145,-56,29565
85143,219804760,1,1,15,53.7183608,-1.3095391,101.219,4.298,1.194,0.031,0.000,0.2540,0.0150,0.9920,0.18,-3.62,-3.47,1.499,-14.362,1.027,1,1714,1,37.1,1,0,1,38.0,0.0,116,130,145,-92,-1920
85230,219804840,1,1,15,53.7183614,-1.3095393,101.243,3.136,0.866,-0.096,0.000,0.3230,0.0150,0.9880,0.16,-3.12,-2.57,353.645,-18.104,1.313,1,1714,1,37.1,1,0,1,38.0,0.0,116,137,145,56,-1920
85295,219804880,1,1,15,53.7183617,-1.3095394,101.243,2.981,0.815,-0.148,0.000,0.3410,0.0080,0.9840,-0.02,-2.82,-2.33,349.729,-19.113,1.421,1,1660,1,33.8,1,0,1,38.0,0.0,116,137,145,255,-25727
85383,219805000,1,1,15,53.7183620,-1.3095392,101.200,1.278,0.355,-0.018,0.000,0.3800,0.0220,0.9590,0.12,-1.53,-0.91,357.153,-21.616,1.869,1,1714,1,33.8,1,0,1,38.0,0.0,116,137,145,470,8062
85449,219805040,1,1,15,53.7183622,-1.3095392,101.195,1.735,0.482,-0.012,0.000,0.3970,0.0350,0.9600,0.00,-1.28,-0.50,358.525,-22.467,1.999,1,1761,1,27.1,1,0,1,38.0,0.0,116,137,145,372,-8577
85531,219805160,1,1,15,53.7183624,-1.3095392,101.189,0.540,0.147,-0.027,0.000,0.4070,0.0390,0.9190,-0.66,0.71,0.31,349.479,-23.887,2.314,1,1683,1,27.1,1,0,1,38.0,0.0,116,137,145,361,-26499
85598,219805200,1,1,15,53.7183624,-1.3095392,101.191,0.288,0.079,-0.015,0.000,0.3590,0.0670,0.9060,-0.77,2.51,0.52,349.479,-21.616,2.448,1,1683,1,27.1,1,0,1,38.0,0.0,116,137,145,361,-26499
85682,219805320,1,1,15,53.7183621,-1.3095391,101.185,0.756,-0.196,-0.075,0.000,0.1130,0.0980,1.0450,-2.88,6.30,1.24,201.039,-6.172,2.704,1,1746,1,0.0,1,0,1,38.0,0.0,114,137,145,101,-20612
85748,219805360,1,1,15,53.7183621,-1.3095390,101.189,0.666,-0.184,-0.016,0.000,0.0920,0.0910,1.0670,-4.00,5.88,1.42,184.812,-4.928,2.716,1,1746,-1,0.0,1,0,1,38.0,0.0,114,141,145,101,-20612
85835,219805440,1,1,15,53.7183620,-1.3095389,101.207,0.706,-0.181,0.074,0.000,0.0790,0.0910,1.0380,-6.83,4.17,1.62,157.728,-4.352,2.577,1,1707,-1,0.0,1,0,1,38.0,0.0,114,141,145,-473,-6020
85899,219805480,1,1,15,53.7183621,-1.3095388,101.206,0.443,-0.110,0.056,0.000,0.0880,0.0870,0.9820,-8.64,2.70,1.71,153.143,-5.121,2.413,1,1820,-1,0.0,1,0,1,38.0,0.0,114,141,145,-901,-7299
85985,219805600,1,1,15,53.7183621,-1.3095385,101.227,0.522,-0.076,0.123,0.000,0.0950,0.0720,0.9590,-12.48,1.37,2.18,121.733,-5.657,1.615,1,1792,-1,0.0,1,0,1,38.0,0.0,114,141,145,-1181,-6017
86048,219805680,1,1,15,53.7183621,-1.3095382,101.237,0.724,-0.092,0.179,0.000,0.0790,-0.0060,1.0010,-14.27,1.32,1.96,117.327,-4.512,0.762,1,1808,-1,0.0,1,0,1,38.0,0.0,114,143,145,-1424,-6017
86133,219805760,1,1,15,53.7183620,-1.3095380,101.256,0.781,-0.155,0.152,0.000,0.0610,-0.1030,1.0370,-12.09,1.22,0.41,135.544,-3.366,-0.222,1,1746,-1,0.0,1,0,1,38.0,0.0,114,143,0,-1488,30593
86198,219805800,1,1,15,53.7183621,-1.3095380,101.270,0.594,-0.141,0.085,0.000,0.0680,-0.1000,1.0280,-9.83,0.96,0.35,148.829,-3.784,-0.589,1,1699,-1,0.0,1,0,1,38.0,0.0,114,143,0,-993,30593
86288,219805920,1,1,15,53.7183619,-1.3095378,101.275,0.940,-0.256,0.053,0.000,0.0830,-0.0840,0.9710,-3.65,0.19,1.47,168.248,-4.886,-1.110,1,1773,-1,0.0,1,0,1,38.0,0.0,114,144,0,-87,16257
86353,219805960,1,1,15,53.7183618,-1.3095378,101.282,1.026,-0.284,0.025,0.000,0.0920,-0.0840,0.9780,-2.05,0.41,1.24,175.054,-5.374,-1.141,1,1773,-1,0.0,1,0,1,38.0,0.0,114,144,0,297,10880
86438,219806040,1,1,15,53.7183617,-1.3095378,101.289,1.030,-0.285,-0.024,0.000,0.0930,-0.0860,1.0010,-0.08,0.92,0.78,184.801,-5.308,-1.102,1,1734,-1,5.2,1,0,1,38.0,0.0,114,144,0,297,10880
86503,219806120,1,1,15,53.7183616,-1.3095378,101.288,0.965,-0.264,-0.046,0.000,0.0890,-0.0990,1.0150,2.79,0.93,0.09,189.981,-5.011,-0.874,1,1734,-1,5.9,1,0,1,38.0,0.0,114,144,0,641,10880
86588,219806200,1,1,15,53.7183614,-1.3095379,101.288,1.260,-0.329,-0.119,0.000,0.0820,-0.0570,0.9940,5.89,0.77,-0.11,199.831,-4.716,-0.337,1,1734,-1,5.9,1,0,1,38.0,0.0,114,146,0,641,10880
86655,219806280,1,1,15,53.7183612,-1.3095380,101.287,1.310,-0.341,-0.129,0.000,0.0780,0.0050,0.9790,7.00,0.84,0.28,200.681,-4.555,0.432,1,1753,-1,5.9,1,0,1,38.0,0.0,114,146,59,1486,-31360
86740,219806360,1,1,15,53.7183610,-1.3095381,101.299,1.224,-0.322,-0.110,0.000,0.0610,0.0910,1.0070,4.61,1.28,0.95,198.924,-3.467,1.263,1,1761,-1,5.9,1,0,1,38.0,0.0,114,146,59,1430,8062
86805,219806440,1,1,15,53.7183608,-1.3095380,101.307,1.184,-0.328,-0.030,0.000,0.0480,0.1230,1.0100,0.60,1.36,1.38,185.175,-2.721,1.845,1,1761,-1,6.1,1,0,1,38.0,0.0,114,146,59,817,-388
86890,219806520,1,1,15,53.7183607,-1.3095379,101.309,0.860,-0.238,0.025,0.000,0.0490,0.0790,0.9890,-3.19,1.10,1.12,174.116,-2.836,2.047,1,1769,-1,7.5,1,0,1,38.0,0.0,114,146,75,229,-899
86955,219806560,1,1,15,53.7183608,-1.3095379,101.316,0.666,-0.184,0.015,0.000,0.0530,0.0660,0.9970,-4.14,1.06,0.89,175.239,-3.043,2.044,1,1769,-1,7.5,1,0,1,38.0,0.0,114,146,75,-129,-26753
87042,219806680,1,1,15,53.7183607,-1.3095378,101.327,0.558,-0.155,0.007,0.000,0.0720,0.0870,0.9920,-7.42,0.93,0.79,177.308,-4.151,1.847,1,1777,-1,7.5,1,0,1,38.0,0.0,114,149,75,-361,-19332
87106,219806720,1,1,15,53.7183607,-1.3095378,101.324,0.511,-0.141,0.020,0.000,0.0630,0.0640,1.0010,-9.24,0.85,0.77,171.710,-3.601,1.646,1,1707,-1,7.5,1,0,1,38.0,0.0,114,149,75,-361,-19332
87193,219806800,1,1,15,53.7183607,-1.3095376,101.316,0.738,-0.165,0.121,0.000,0.0770,0.0120,0.9970,-10.73,1.24,-0.69,143.682,-4.416,1.090,1,1691,-1,7.5,1,0,1,38.0,0.0,114,149,75,-1592,28796
87257,219806880,1,1,15,53.7183606,-1.3095374,101.312,0.853,-0.214,0.103,0.000,0.0780,-0.0920,1.0120,-9.84,1.83,-3.35,154.373,-4.407,0.331,1,1707,-1,7.5,1,0,1,38.0,0.0,114,149,75,-1592,28796
87344,219806920,1,1,15,53.7183605,-1.3095373,101.315,0.968,-0.250,0.098,0.000,0.0860,-0.1060,1.0180,-7.51,1.40,-3.98,158.525,-4.829,0.036,1,1707,-1,7.5,1,0,1,38.0,0.0,114,151,75,-1315,-25212
87406,219807040,1,1,15,53.7183602,-1.3095372,101.327,1.033,-0.286,0.028,0.000,0.0960,-0.0910,0.9850,0.00,0.56,-2.21,174.315,-5.567,-0.205,1,1691,-1,7.5,1,0,1,38.0,0.0,114,151,75,-1315,-25212
87495,219807120,1,1,15,53.7183601,-1.3095372,101.322,1.084,-0.300,-0.028,0.000,0.0980,-0.0610,0.9950,3.43,0.58,-1.76,185.351,-5.625,0.131,1,1691,-1,7.5,1,0,1,38.0,0.0,114,151,75,607,-6525
87558,219807160,1,1,15,53.7183600,-1.3095373,101.315,1.102,-0.299,-0.063,0.000,0.1020,-0.0010,0.9900,4.43,0.70,-1.98,191.918,-5.882,0.426,1,1718,-1,7.5,1,0,1,38.0,0.0,114,151,75,607,-6525
87645,219807240,1,1,15,53.7183597,-1.3095372,101.321,1.447,-0.397,-0.060,0.000,0.0810,0.1010,1.0150,2.87,1.00,-1.95,188.602,-4.563,1.115,1,1718,-1,7.5,1,0,1,38.0,0.0,114,151,75,655,-24705
87711,219807320,1,1,15,53.7183595,-1.3095370,101.341,1.429,-0.396,0.024,0.000,0.0610,0.1290,0.9990,-1.97,1.35,-1.52,176.543,-3.494,1.547,1,1703,-1,7.5,1,0,1,38.0,0.0,114,151,75,-1021,17020
87797,219807400,1,1,15,53.7183595,-1.3095368,101.351,0.878,-0.230,0.080,0.000,0.0690,0.0990,0.9770,-7.84,1.11,-1.78,160.768,-4.040,1.465,1,1746,-1,7.8,1,0,1,38.0,0.0,114,151,75,-1021,17020
87865,219807480,1,1,15,53.7183595,-1.3095368,101.353,0.356,-0.093,0.035,0.000,0.0800,0.0620,0.9790,-11.13,0.68,-1.69,159.212,-4.672,1.014,1,1753,-1,7.8,1,0,1,38.0,0.0,114,151,75,-1021,17020
87950,219807560,1,1,15,53.7183594,-1.3095366,101.363,0.742,-0.193,0.072,0.000,0.0790,-0.0090,0.9970,-13.17,0.92,-2.15,159.661,-4.531,0.280,1,1695,-1,7.8,1,0,1,38.0,0.0,114,151,78,-1021,17020
88014,219807640,1,1,15,53.7183592,-1.3095364,101.365,1.055,-0.261,0.133,0.000,0.0660,-0.0820,1.0360,-12.79,1.56,-2.82,152.995,-3.645,-0.608,1,1695,-1,7.8,1,0,1,38.0,0.0,114,151,78,-1897,10879
88103,219807720,1,1,15,53.7183590,-1.3095361,101.373,1.483,-0.380,0.158,0.000,0.0530,-0.1370,1.0440,-9.43,1.13,-3.11,157.398,-2.906,-1.414,1,1710,-1,8.3,1,0,1,38.0,0.0,114,151,78,-1575,10879
88168,219807800,1,1,15,53.7183587,-1.3095360,101.373,1.454,-0.390,0.104,0.000,0.0610,-0.1340,0.9820,-4.46,0.25,-2.76,165.073,-3.555,-1.849,1,1761,-1,9.0,1,0,1,38.0,0.0,114,157,90,-957,-12926
88253,219807880,1,1,15,53.7183586,-1.3095361,101.380,1.224,-0.340,-0.014,0.000,0.0730,-0.1000,0.9570,-0.52,0.07,-2.21,182.404,-4.362,-1.901,1,1761,-1,9.0,1,0,1,38.0,0.0,114,157,90,-215,-14460
88317,219807920,1,1,15,53.7183585,-1.3095362,101.394,1.264,-0.345,-0.062,0.000,0.0820,-0.0980,0.9720,0.93,0.49,-2.07,190.202,-4.822,-1.816,1,1691,-1,9.0,1,0,1,38.0,0.0,114,157,90,-215,-14460
88404,219808000,1,1,15,53.7183584,-1.3095363,101.423,1.109,-0.293,-0.096,0.000,0.0840,-0.0720,1.0050,3.76,1.34,-2.00,198.183,-4.778,-1.428,1,1691,-1,9.0,1,0,1,38.0,0.0,114,160,90,646,2435
88470,219808080,1,1,15,53.7183581,-1.3095363,101.417,1.361,-0.361,-0.112,0.000,0.0660,-0.0250,1.0170,5.22,1.48,-2.20,197.274,-3.713,-0.838,1,1789,-1,9.0,1,0,1,38.0,0.0,114,160,90,646,2435
88556,219808160,1,1,15,53.7183579,-1.3095363,101.429,1.310,-0.357,-0.072,0.000,0.0340,0.0670,1.0110,3.90,1.01,-1.76,191.384,-1.926,-0.111,1,1789,-1,9.0,1,0,1,38.0,0.0,114,160,90,985,-6018
88623,219808240,1,1,15,53.7183577,-1.3095362,101.440,1.321,-0.367,0.015,0.000,0.0340,0.1020,1.0080,-0.20,0.28,-1.18,177.721,-1.932,0.445,1,1773,-1,9.0,1,0,1,38.0,0.0,114,161,90,-394,-4229
88710,219808320,1,1,15,53.7183576,-1.3095361,101.441,0.940,-0.258,0.037,0.000,0.0690,0.0750,0.9820,-4.63,0.03,-1.54,171.803,-4.019,0.575,1,1726,-1,9.0,1,0,1,38.0,0.0,114,161,90,-394,-4229
88779,219808400,1,1,15,53.7183574,-1.3095360,101.437,1.019,-0.270,0.085,0.000,0.0690,0.0300,0.9910,-7.74,0.70,-2.07,162.470,-3.983,0.342,1,1679,-1,9.0,1,0,1,38.0,0.0,114,161,90,-839,-7300
88866,219808480,1,1,15,53.7183573,-1.3095357,101.450,1.058,-0.265,0.128,0.000,0.0800,0.0240,1.0040,-9.11,1.17,-2.07,154.203,-4.556,-0.057,1,1679,-1,9.0,1,0,1,38.0,0.0,114,163,90,-1340,-7300
88932,219808560,1,1,15,53.7183571,-1.3095356,101.459,1.123,-0.291,0.113,0.000,0.0710,-0.0700,1.0120,-8.70,1.21,-2.63,158.747,-4.013,-0.599,1,1679,-1,9.0,1,0,1,38.0,0.0,114,163,90,-1206,-17532
89016,219808640,1,1,15,53.7183569,-1.3095355,101.462,1.159,-0.319,0.041,0.000,0.0650,-0.1380,1.0030,-5.23,0.91,-3.17,172.686,-3.708,-1.076,1,1753,-1,9.0,1,0,1,38.0,0.0,114,163,90,-1206,-17532
89082,219808720,1,1,15,53.7183567,-1.3095356,101.466,1.246,-0.343,-0.044,0.000,0.0640,-0.1300,0.9950,-0.27,0.41,-2.90,187.325,-3.680,-1.217,1,1753,-1,9.0,1,0,1,38.0,0.0,114,164,90,-445,-17532
89172,219808800,1,1,15,53.7183566,-1.3095357,101.468,1.174,-0.312,-0.096,0.000,0.0790,-0.0910,0.9810,4.59,0.20,-2.17,197.131,-4.604,-0.892,1,1750,-1,9.0,1,0,1,38.0,0.0,114,164,90,1144,13443
89237,219808840,1,1,15,53.7183565,-1.3095358,101.476,1.339,-0.339,-0.153,0.000,0.0920,-0.0480,0.9820,6.23,0.41,-1.77,204.202,-5.352,-0.560,1,1742,-1,9.0,1,0,1,38.0,0.0,114,164,90,1144,13443
89323,219808920,1,1,15,53.7183563,-1.3095359,101.482,1.454,-0.373,-0.155,0.000,0.0780,0.0280,1.0280,7.39,0.92,-1.65,202.591,-4.339,0.282,1,1742,-1,9.0,1,0,1,38.0,0.0,114,166,90,1337,-24706
89389,219809000,1,1,15,53.7183561,-1.3095360,101.497,1.321,-0.348,-0.118,0.000,0.0590,0.0860,1.0140,5.48,0.94,-1.73,198.732,-3.330,1.137,1,1707,-1,9.0,1,0,1,38.0,0.0,114,166,90,1337,-24706
89472,219809080,1,1,15,53.7183560,-1.3095360,101.489,0.886,-0.236,-0.070,0.000,0.0490,0.1210,0.9930,1.54,0.64,-1.54,196.490,-2.825,1.797,1,1707,-1,9.0,1,0,1,38.0,0.0,114,166,90,386,-11143
89538,219809160,1,1,15,53.7183558,-1.3095359,101.493,1.051,-0.292,0.013,0.000,0.0660,0.0970,0.9710,-3.04,-0.32,-1.57,177.525,-3.888,2.088,1,1757,-1,9.0,1,0,1,38.0,0.0,114,166,90,386,-11143
89621,219809240,1,1,15,53.7183556,-1.3095358,101.505,1.188,-0.329,0.022,0.000,0.0910,0.0760,0.9810,-5.57,0.10,-1.35,176.195,-5.300,2.076,1,1757,-1,9.0,1,0,1,38.0,0.0,114,168,90,-767,-11143
89687,219809320,1,1,15,53.7183554,-1.3095356,101.510,1.091,-0.299,0.046,0.000,0.0770,0.0390,1.0140,-7.36,0.89,-1.57,171.212,-4.343,1.800,1,1746,-1,9.0,1,0,1,38.0,0.0,114,168,90,-767,-11143
89772,219809400,1,1,15,53.7183552,-1.3095355,101.516,1.037,-0.284,0.048,0.000,0.0740,0.0440,1.0020,-8.92,1.40,-1.68,170.398,-4.224,1.416,1,1730,-1,9.0,1,0,1,38.0,0.0,114,168,90,-1128,2431
89837,219809440,1,1,15,53.7183552,-1.3095354,101.523,1.044,-0.283,0.065,0.000,0.0660,0.0410,1.0060,-9.64,1.46,-1.56,167.022,-3.754,1.182,1,1726,-1,9.0,1,0,1,38.0,0.0,114,168,90,-1128,2431
89922,219809560,1,1,15,53.7183548,-1.3095350,101.526,1.213,-0.320,0.105,0.000,0.0390,-0.0620,1.0140,-9.99,1.16,-2.14,161.813,-2.203,0.273,1,1726,-1,9.0,1,0,1,38.0,0.0,114,171,90,-1472,30080
89988,219809600,1,1,15,53.7183547,-1.3095350,101.530,1.303,-0.352,0.085,0.000,0.0370,-0.0900,1.0110,-8.58,1.11,-2.67,166.417,-2.096,-0.046,1,1812,-1,9.0,1,0,1,38.0,0.0,114,171,90,-1472,30080
90073,219809680,1,1,15,53.7183546,-1.3095349,101.542,1.019,-0.282,0.021,0.000,0.0350,-0.1290,1.0160,-4.07,0.52,-3.71,175.752,-1.973,-0.487,1,1812,-1,9.0,1,0,1,40.0,0.0,114,171,90,-660,-11133
90140,219809760,1,1,15,53.7183545,-1.3095350,101.546,0.922,-0.248,-0.064,0.000,0.0370,-0.0840,0.9940,1.28,0.04,-3.74,194.402,-2.132,-0.446,1,1722,-1,9.0,1,0,1,40.0,0.0,114,171,90,599,-11133
90225,219809840,1,1,15,53.7183544,-1.3095351,101.540,0.702,-0.164,-0.106,0.000,0.0510,0.0150,0.9810,3.10,0.65,-2.74,212.767,-2.976,0.047,1,1710,-1,9.0,1,0,1,40.0,0.0,114,171,90,599,20862
90291,219809920,1,1,15,53.7183543,-1.3095351,101.535,0.565,-0.139,-0.072,0.000,0.0110,0.0490,1.0180,1.16,1.29,-1.65,207.330,-0.619,0.533,1,1710,1,9.0,1,0,1,40.0,0.0,114,171,90,115,4732
90377,219810000,1,1,15,53.7183542,-1.3095350,101.544,0.482,-0.134,0.006,0.000,0.0070,0.0710,0.9700,-1.91,0.88,-0.50,177.490,-0.413,0.813,1,1671,1,9.0,1,0,1,40.0,0.0,114,171,90,115,4732
90444,219810040,1,1,15,53.7183542,-1.3095349,101.555,0.554,-0.150,0.037,0.000,-0.0080,0.0460,0.9710,-3.20,0.76,-0.28,166.220,0.472,0.851,1,1578,1,9.0,1,0,1,40.0,0.0,114,171,90,115,4732
90528,219810160,1,1,15,53.7183543,-1.3095348,101.555,0.061,-0.016,0.006,0.000,-0.0070,-0.0030,0.9880,-4.12,0.83,-0.17,161.088,0.406,0.713,1,1578,1,0.0,1,0,1,40.0,0.0,114,171,0,115,4732
90594,219810200,1,1,15,53.7183543,-1.3095347,101.555,0.036,-0.009,0.003,0.000,-0.0030,-0.0140,0.9970,-3.62,1.16,-0.16,161.088,0.172,0.666,1,1621,1,0.0,1,0,1,40.0,0.0,114,171,0,-297,-30337
90681,219810280,1,1,15,53.7183544,-1.3095347,101.572,0.209,-0.055,0.019,0.000,-0.0040,-0.0070,1.0200,-2.45,1.57,0.03,161.088,0.225,0.654,1,1621,1,0.0,1,0,1,40.0,0.0,114,174,0,-31,-30337
90746,219810360,1,1,15,53.7183546,-1.3095346,101.584,0.497,0.106,-0.088,0.000,0.0040,0.0150,0.9990,-2.07,1.44,0.11,320.484,-0.229,0.732,1,1562,1,0.0,1,0,1,40.0,0.0,114,174,0,78,6269
90831,219810440,1,1,15,53.7183548,-1.3095345,101.599,0.461,0.127,-0.018,0.000,0.0080,0.0240,0.9960,-2.34,1.49,-0.14,351.772,-0.460,0.824,1,1585,1,0.0,1,0,1,40.0,0.0,114,174,0,-62,-7042
90896,219810520,1,1,15,53.7183550,-1.3095344,101.605,0.619,0.170,0.028,0.000,0.0110,0.0270,1.0010,-2.95,1.71,-0.62,9.266,-0.630,0.885,1,1593,1,0.0,1,0,1,40.0,0.0,114,174,0,-118,-16772
90984,219810600,1,1,15,53.7183551,-1.3095342,101.603,0.727,0.189,0.071,0.000,-0.0070,0.0190,1.0220,-3.82,1.84,-1.30,20.427,0.392,0.859,1,1574,1,0.0,1,0,1,40.0,0.0,114,175,0,-453,-27523
91048,219810680,1,1,15,53.7183554,-1.3095340,101.599,1.404,0.382,0.077,0.000,-0.0010,0.0260,1.0070,-4.45,1.62,-1.57,11.353,0.057,0.793,1,1574,1,0.0,1,0,1,40.0,0.0,114,175,0,-453,-27523
91135,219810760,1,1,15,53.7183556,-1.3095338,101.601,1.228,0.329,0.090,0.000,0.0100,0.0170,0.9880,-4.99,1.29,-1.89,15.387,-0.580,0.676,1,1562,1,0.0,1,0,1,40.0,0.0,114,175,0,-671,-29570
91197,219810840,1,1,15,53.7183559,-1.3095336,101.618,1.159,0.312,0.079,0.000,0.0020,0.0120,0.9970,-5.57,1.47,-2.36,14.255,-0.115,0.508,1,1562,1,0.0,1,0,1,40.0,0.0,114,177,0,-727,-1667
91283,219810880,1,1,15,53.7183561,-1.3095335,101.621,1.404,0.382,0.077,0.000,-0.0060,0.0150,1.0010,-5.82,1.60,-2.57,11.376,0.343,0.412,1,1562,1,8.6,1,0,1,40.0,0.0,114,177,86,-893,7293
91349,219810960,1,1,15,53.7183565,-1.3095333,101.621,1.912,0.517,0.119,0.000,-0.0080,0.0050,1.0000,-6.50,1.08,-2.87,12.953,0.458,0.177,1,1562,1,8.6,1,0,1,40.0,0.0,114,177,86,-893,7293
91434,219811040,1,1,15,53.7183570,-1.3095330,101.622,2.239,0.608,0.133,0.000,-0.0210,-0.0180,1.0120,-6.63,1.28,-3.50,12.390,1.189,-0.119,1,1523,1,9.4,1,0,1,40.0,0.0,114,177,86,-1097,16765
91499,219811120,1,1,15,53.7183574,-1.3095328,101.620,2.070,0.565,0.104,0.000,-0.0010,-0.0230,0.9940,-6.09,1.30,-4.34,10.451,0.058,-0.408,1,1523,1,9.4,1,0,1,40.0,0.0,114,181,86,-1097,16765
91584,219811200,1,1,15,53.7183578,-1.3095326,101.622,1.991,0.544,0.101,0.000,-0.0380,-0.0200,1.0270,-5.61,1.21,-4.81,10.532,2.119,-0.618,1,1511,1,14.6,1,0,1,40.0,0.0,114,181,86,-1072,9342
91648,219811280,1,1,15,53.7183584,-1.3095323,101.631,2.750,0.742,0.183,0.000,-0.0180,-0.0140,0.9950,-5.86,1.19,-5.10,13.839,1.036,-0.834,1,1511,1,14.6,1,0,1,40.0,0.0,114,181,86,-1027,9342
91733,219811360,1,1,15,53.7183589,-1.3095321,101.631,2.354,0.642,0.124,0.000,0.0030,-0.0120,0.9680,-5.67,1.04,-5.53,10.944,-0.178,-1.028,1,1531,1,19.2,1,0,1,40.0,0.0,114,181,86,-1074,-23425
91797,219811440,1,1,15,53.7183596,-1.3095319,101.645,3.204,0.884,0.099,0.000,-0.0550,-0.0400,1.0320,-5.22,0.78,-6.36,6.383,3.051,-1.234,1,1531,1,19.2,1,0,1,40.0,0.0,114,186,86,-1142,-23425
91884,219811480,1,1,15,53.7183601,-1.3095319,101.659,3.578,0.991,0.071,0.000,-0.0430,-0.0440,1.0160,-4.92,0.67,-6.77,4.107,2.423,-1.326,1,1507,1,22.2,1,0,1,40.0,0.0,114,186,86,-1270,14976
91949,219811560,1,1,15,53.7183607,-1.3095316,101.680,3.283,0.906,0.105,0.000,-0.0030,-0.0090,0.9830,-4.60,0.31,-7.34,6.616,0.175,-1.424,1,1507,1,22.2,1,0,1,40.0,0.0,114,186,86,-1270,14976
92035,219811680,1,1,15,53.7183619,-1.3095311,101.680,3.755,1.029,0.173,0.000,-0.0220,-0.0250,1.0300,-5.47,0.56,-7.80,9.533,1.224,-1.597,1,1539,1,26.0,1,0,1,40.0,0.0,114,186,86,-1309,-20608
92099,219811720,1,1,15,53.7183624,-1.3095310,101.679,4.021,1.102,0.181,0.000,-0.0070,-0.0440,1.0040,-5.49,0.84,-8.23,9.330,0.399,-1.705,1,1539,1,26.0,1,0,1,40.0,0.0,114,193,86,-1309,-20608
92190,219811800,1,1,15,53.7183630,-1.3095306,101.690,3.564,0.969,0.204,0.000,-0.0170,-0.0580,1.0210,-3.86,0.41,-9.68,11.895,0.954,-1.858,1,1507,1,29.4,1,0,1,40.0,0.0,114,193,86,-1477,-17022
92255,219811880,1,1,15,53.7183639,-1.3095301,101.711,4.000,1.075,0.281,0.000,-0.0210,-0.0140,1.0000,-3.74,0.87,-11.11,14.659,1.203,-1.883,1,1507,1,31.2,1,0,1,40.0,0.0,114,200,86,-1581,19327
92339,219811960,1,1,15,53.7183645,-1.3095296,101.667,3.848,1.011,0.346,0.000,0.0000,0.0090,0.9900,-4.79,1.28,-11.55,18.894,-0.000,-1.888,1,1519,1,31.2,1,0,1,40.0,0.0,114,200,86,-1768,2176
92404,219812040,1,1,15,53.7183655,-1.3095291,101.664,4.356,1.146,0.388,0.000,-0.0440,-0.0230,1.0580,-4.78,1.14,-11.80,18.687,2.381,-1.949,1,1476,1,34.4,1,0,1,40.0,0.0,114,200,86,-1981,-8577
92488,219812120,1,1,15,53.7183662,-1.3095284,101.676,4.090,1.063,0.401,0.000,-0.0280,-0.0200,1.0310,-4.99,0.43,-12.32,20.689,1.556,-2.057,1,1476,1,34.4,1,0,1,40.0,0.0,114,200,86,-2031,-7040
92554,219812160,1,1,15,53.7183668,-1.3095282,101.670,4.698,1.233,0.429,0.000,-0.0170,-0.0070,1.0210,-4.98,0.34,-12.54,19.184,0.954,-2.093,1,1542,1,37.1,1,0,1,40.0,0.0,114,210,86,-1989,21118
92640,219812280,1,1,15,53.7183684,-1.3095272,101.673,5.317,1.392,0.494,0.000,-0.0350,-0.0120,1.0390,-4.88,0.49,-13.24,19.530,1.929,-2.165,1,1457,1,37.1,1,0,1,40.0,0.0,114,210,86,-2132,21118
92706,219812320,1,1,15,53.7183688,-1.3095269,101.696,4.835,1.261,0.462,0.000,-0.0280,-0.0150,1.0310,-5.10,0.23,-13.57,20.104,1.556,-2.213,1,1457,1,40.2,1,0,1,40.0,0.0,114,210,146,-2196,-32386
92794,219812400,1,1,15,53.7183700,-1.3095265,101.678,5.526,1.476,0.420,0.000,0.0080,-0.0120,1.0090,-4.38,0.46,-14.14,15.878,-0.454,-2.292,1,1492,1,42.5,1,0,1,40.0,0.0,114,210,146,-2135,-17537
92857,219812480,1,1,15,53.7183711,-1.3095255,101.668,5.933,1.541,0.583,0.000,-0.0060,-0.0420,1.0320,-3.74,1.16,-15.04,20.725,0.333,-2.342,1,1492,1,42.5,1,0,1,40.0,0.0,114,218,146,-2135,-17537
92944,219812560,1,1,15,53.7183721,-1.3095248,101.674,5.357,1.364,0.596,0.000,0.0130,-0.0130,0.9620,-2.84,2.39,-15.86,23.596,-0.774,-2.292,1,1484,1,45.3,1,0,1,40.0,0.0,114,218,211,-1919,-11138
93009,219812640,1,1,15,53.7183733,-1.3095240,101.638,5.800,1.495,0.600,0.000,-0.0530,0.0030,1.0590,-2.20,2.73,-16.34,21.876,2.865,-2.120,1,1539,1,46.8,1,0,1,40.0,0.0,114,218,211,-1919,-11138
93095,219812720,1,1,15,53.7183745,-1.3095232,101.674,6.037,1.556,0.626,0.000,-0.0180,0.0010,1.0630,-2.35,1.77,-16.60,21.931,0.970,-1.963,1,1539,1,48.4,1,0,1,40.0,0.0,114,231,211,-2124,18301
93159,219812760,1,1,15,53.7183752,-1.3095228,101.696,6.451,1.674,0.640,0.000,0.0060,0.0060,1.0240,-2.14,1.61,-16.62,20.919,-0.336,-1.876,1,1523,1,50.2,1,0,1,40.0,0.0,114,231,246,-1919,18301
93245,219812880,1,1,15,53.7183768,-1.3095214,101.671,6.116,1.538,0.721,0.000,0.0000,0.0080,1.0060,-0.61,1.34,-16.29,25.109,-0.000,-1.477,1,1523,1,50.2,1,0,1,40.0,0.0,114,231,246,-1919,-21377
93311,219812920,1,1,15,53.7183775,-1.3095209,101.658,6.584,1.660,0.768,0.000,-0.0390,0.0280,0.9970,-0.32,0.74,-15.96,24.816,2.240,-1.302,1,1570,1,53.7,1,0,1,40.0,0.0,114,231,246,-1659,7808
93399,219813000,1,1,15,53.7183788,-1.3095200,101.643,6.955,1.776,0.760,0.000,-0.0170,0.0160,0.9680,0.08,0.51,-14.28,23.169,1.006,-0.959,1,1519,1,53.7,1,0,1,40.0,0.0,114,241,246,-1659,7808
93462,219813080,1,1,15,53.7183798,-1.3095183,101.647,6.588,1.543,0.983,0.000,0.0140,0.0250,1.0030,0.89,0.10,-11.82,32.499,-0.800,-0.560,1,1519,1,55.5,1,0,1,40.0,0.0,114,241,43,-1234,31618
93548,219813160,1,1,15,53.7183813,-1.3095176,101.674,6.700,1.669,0.823,0.000,0.0160,0.0390,1.0060,1.45,0.02,-9.22,26.258,-0.911,-0.101,1,1511,1,55.5,1,0,1,40.0,0.0,114,241,43,-1234,31618
93614,219813200,1,1,15,53.7183820,-1.3095171,101.697,7.070,1.776,0.839,0.000,0.0570,0.0470,0.9490,0.81,0.61,-7.80,25.304,-3.437,0.114,1,1492,1,57.9,1,0,1,40.0,0.0,114,256,43,-299,31618
93699,219813320,1,1,15,53.7183840,-1.3095150,101.731,7.592,1.804,1.092,0.000,0.0080,0.0430,1.0070,0.06,1.38,-4.69,31.174,-0.455,0.695,1,1480,1,60.5,1,0,1,40.0,0.0,114,256,93,-299,31618
93762,219813400,1,1,15,53.7183856,-1.3095140,101.776,7.938,1.951,1.027,0.000,-0.0380,-0.0280,1.0510,0.70,0.12,-3.74,27.761,2.071,0.946,1,1480,1,60.5,1,0,1,40.0,0.0,114,256,93,-277,-32639
93849,219813480,1,1,15,53.7183872,-1.3095127,101.775,8.381,2.091,1.023,0.000,0.0600,0.0260,0.9660,2.50,1.25,-2.85,26.060,-3.554,1.345,1,1519,1,63.5,1,0,1,40.0,0.0,114,256,93,-277,-32639
93913,219813520,1,1,15,53.7183879,-1.3095120,101.738,7.945,1.956,1.022,0.000,0.0730,0.0540,0.9780,2.79,2.65,-1.84,27.585,-4.269,1.616,1,1519,1,63.5,1,0,1,40.0,0.0,114,268,93,378,12927
93999,219813600,1,1,15,53.7183890,-1.3095100,101.698,7.945,1.782,1.302,0.000,-0.0130,0.0910,1.0300,1.02,2.67,1.82,36.152,0.723,2.105,1,1550,1,65.9,1,0,1,40.0,0.0,114,268,93,378,12927
94062,219813680,1,1,15,53.7183906,-1.3095081,101.772,8.971,1.979,1.515,0.000,-0.0170,0.0610,0.9910,-2.22,0.88,7.22,37.437,0.983,2.313,1,1550,1,65.9,1,0,1,42.0,0.0,114,268,93,865,-27008
94150,219813760,1,1,15,53.7183921,-1.3095070,101.695,7.985,1.851,1.223,0.000,0.0160,0.0040,0.9520,-3.28,0.76,9.80,33.455,-0.963,2.268,1,1507,1,65.9,1,0,1,42.0,0.0,114,268,93,865,-27008
94220,219813840,1,1,15,53.7183935,-1.3095047,101.712,9.223,2.042,1.547,0.000,-0.0090,-0.0210,1.0440,-3.90,1.42,9.66,37.143,0.494,2.118,1,1507,1,67.6,1,0,1,42.0,0.0,114,268,93,1192,-4739
94307,219813920,1,1,15,53.7183950,-1.3095028,101.675,9.212,1.979,1.623,0.000,0.0210,-0.0010,1.0590,-4.84,0.81,9.69,39.354,-1.136,1.912,1,1507,1,67.6,1,0,1,42.0,0.0,114,268,93,817,30334
94371,219814000,1,1,15,53.7183966,-1.3095015,101.641,8.806,2.041,1.347,0.000,0.0390,0.0110,0.9800,-5.68,0.79,10.90,33.424,-2.279,1.698,1,1570,1,69.7,1,0,1,42.0,0.0,114,300,93,845,25214
94459,219814080,1,1,15,53.7183983,-1.3095000,101.617,9.011,2.152,1.279,0.000,0.0000,-0.0300,1.0130,-6.69,0.30,11.50,30.721,-0.000,1.324,1,1570,1,69.7,1,0,1,42.0,0.0,114,300,93,845,25214
94524,219814120,1,1,15,53.7183990,-1.3094992,101.601,8.730,2.052,1.292,0.000,-0.0340,-0.0880,1.1060,-6.67,-0.30,10.68,32.185,1.761,1.070,1,1453,1,72.2,1,0,1,42.0,0.0,114,300,210,845,25214
94607,219814240,1,1,15,53.7184013,-1.3094971,101.498,8.633,2.050,1.244,0.000,-0.0430,-0.0630,1.0070,-2.89,-1.24,4.31,31.257,2.445,0.586,1,1511,1,72.8,1,0,1,42.0,0.0,114,300,210,845,25214
94674,219814280,1,1,15,53.7184022,-1.3094964,101.469,9.464,2.299,1.276,0.000,-0.0590,-0.0170,0.9550,-2.50,0.06,2.88,29.026,3.535,0.581,1,1511,1,72.8,1,0,1,42.0,0.0,114,314,210,367,7293
94760,219814360,1,1,15,53.7184039,-1.3094948,101.445,9.248,2.260,1.222,0.000,-0.0310,0.0200,0.9610,-3.49,1.32,2.58,28.400,1.848,0.568,1,1449,1,76.6,1,0,1,42.0,0.0,114,314,254,207,7293
94826,219814440,1,1,15,53.7184055,-1.3094932,101.438,9.212,2.246,1.227,0.000,-0.0740,0.0200,1.1050,-5.12,2.76,4.82,28.653,3.831,0.512,1,1449,1,76.6,1,0,1,42.0,0.0,114,314,254,319,-640
94911,219814520,1,1,15,53.7184075,-1.3094920,101.388,10.282,2.582,1.222,0.000,0.0030,-0.0960,1.0080,-5.08,1.31,5.28,25.323,-0.171,0.169,1,1449,1,80.9,1,0,1,42.0,0.0,114,314,254,400,-18047
94976,219814600,1,1,15,53.7184092,-1.3094899,101.428,10.368,2.576,1.288,0.000,0.0090,-0.1380,1.0130,-0.91,1.09,2.08,26.574,-0.509,-0.047,1,1449,1,80.9,1,0,1,42.0,0.0,114,334,254,604,-6525
95068,219814680,1,1,15,53.7184111,-1.3094888,101.385,9.659,2.434,1.129,0.000,-0.0410,-0.0580,1.0040,3.17,0.70,-3.12,24.880,2.338,0.224,1,1484,1,85.3,1,0,1,42.0,0.0,114,334,70,649,-25217
95132,219814760,1,1,15,53.7184132,-1.3094877,101.321,10.739,2.751,1.153,0.000,0.0390,0.0870,0.8930,4.54,-0.46,-4.01,22.737,-2.501,0.932,1,1484,1,85.3,1,0,1,42.0,0.0,114,334,70,383,-25217
95217,219814840,1,1,15,53.7184152,-1.3094862,101.305,11.041,2.838,1.163,0.000,0.0570,0.0840,0.9260,3.34,0.00,-0.80,22.278,-3.522,1.636,1,1421,1,85.3,1,0,1,42.0,0.0,114,334,70,383,-25217
95283,219814920,1,1,15,53.7184173,-1.3094847,101.329,11.135,2.881,1.126,0.000,0.0300,0.0530,0.9970,2.62,0.69,3.01,21.342,-1.724,2.183,1,1421,1,85.3,1,0,1,42.0,0.0,114,334,70,954,-32126
95368,219815000,1,1,15,53.7184195,-1.3094841,101.264,11.164,2.953,0.948,0.000,-0.0230,0.0280,1.0570,1.52,0.68,5.68,17.791,1.247,2.548,1,1484,1,91.0,1,0,1,42.0,0.0,114,334,70,954,-32126
95432,219815040,1,1,14,53.7184208,-1.3094837,101.260,12.251,3.278,0.915,0.000,0.0480,0.0650,0.9470,0.43,0.12,7.42,15.599,-2.902,2.718,1,1484,1,91.0,1,0,1,42.0,0.0,114,369,70,1248,-21889
95519,219815160,1,1,15,53.7184240,-1.3094814,101.225,11.822,3.101,1.080,0.000,0.0190,0.0530,0.9580,-3.05,0.85,12.37,19.209,-1.136,2.931,1,1507,1,92.7,1,0,1,42.0,0.0,114,369,159,1248,-21889
95583,219815200,1,1,14,53.7184252,-1.3094805,101.234,12.481,3.248,1.212,0.000,-0.0160,0.0190,1.0000,-4.29,0.80,13.26,20.459,0.917,2.852,1,1535,1,92.7,1,0,1,42.0,0.0,114,369,159,1480,-14721
95672,219815280,1,1,15,53.7184274,-1.3094789,101.230,11.779,3.038,1.214,0.000,0.0390,-0.0070,0.9840,-6.04,0.85,12.97,21.778,-2.270,2.517,1,1546,1,95.9,1,0,1,42.0,0.0,114,369,159,1480,-14721
95737,219815360,1,1,15,53.7184295,-1.3094770,101.246,11.718,2.983,1.301,0.000,0.0560,-0.0150,0.9980,-6.76,0.81,11.93,23.569,-3.212,2.107,1,1546,1,97.7,1,0,1,42.0,0.0,114,393,209,859,31868
95823,219815440,1,1,15,53.7184319,-1.3094757,101.229,12.355,3.220,1.188,0.000,0.0040,-0.0530,1.0220,-6.78,0.57,10.16,20.254,-0.224,1.635,1,1523,1,97.7,1,0,1,42.0,0.0,114,393,209,571,-5506
95889,219815520,1,1,15,53.7184342,-1.3094746,101.178,11.855,3.117,1.063,0.000,0.0150,-0.0550,1.0050,-6.07,1.01,7.66,18.825,-0.855,1.210,1,1531,1,99.0,1,0,1,42.0,0.0,113,413,209,571,-5506
95974,219815600,1,1,13,53.7184363,-1.3094731,101.103,11.794,3.049,1.198,0.000,0.0500,-0.0190,1.0090,-5.74,2.44,5.80,21.445,-2.837,0.908,1,1531,1,99.0,1,0,1,42.0,0.0,113,413,209,280,29566
96038,219815640,1,1,14,53.7184375,-1.3094724,101.080,11.891,3.057,1.250,0.000,0.0460,-0.0170,0.9950,-5.68,2.76,5.22,22.242,-2.647,0.773,1,1582,1,100.5,1,0,1,42.0,0.0,113,413,209,280,29566
96125,219815760,1,1,14,53.7184411,-1.3094704,101.078,12.211,3.206,1.108,0.000,0.0940,-0.0260,1.0600,-4.70,0.06,3.74,19.062,-5.068,0.414,1,1582,1,100.5,1,0,1,42.0,0.0,113,413,209,118,-27009
96190,219815800,1,1,13,53.7184423,-1.3094698,101.063,12.301,3.254,1.044,0.000,0.1410,-0.0090,1.0670,-4.39,-1.33,3.08,17.796,-7.528,0.349,1,1660,1,99.9,1,0,1,42.0,0.0,113,439,209,118,-27009
96275,219815880,1,1,13,53.7184443,-1.3094681,101.079,11.448,2.970,1.136,0.000,0.1870,-0.0190,1.0130,-3.86,-3.57,1.70,20.939,-10.459,0.225,1,1753,1,98.0,1,0,1,42.0,0.0,113,439,209,-232,19583
96342,219815960,1,1,13,53.7184466,-1.3094667,101.084,11.682,3.060,1.079,0.000,0.2740,-0.0170,0.9790,-2.74,-5.10,0.80,19.416,-15.636,0.178,1,1753,-1,96.4,1,0,1,42.0,0.0,113,439,196,98,-17022
96428,219816040,1,1,14,53.7184487,-1.3094654,101.072,11.185,2.936,1.015,0.000,0.3120,-0.0130,1.0010,-1.93,-4.92,0.52,19.075,-17.312,0.201,1,1765,-1,92.3,1,0,1,42.0,0.0,113,439,196,98,-17022
96493,219816120,1,1,13,53.7184506,-1.3094644,101.075,10.188,2.720,0.782,0.000,0.4000,0.0160,0.9160,-1.61,-3.27,0.81,16.047,-23.590,0.311,1,1765,-1,92.3,1,0,1,42.0,0.0,113,456,196,215,11905
96578,219816200,1,1,14,53.7184525,-1.3094631,101.130,9.475,2.527,0.736,0.000,0.4120,0.0330,0.9480,-2.20,-1.06,1.68,16.249,-23.490,0.481,1,1722,-1,84.3,1,0,1,42.0,0.0,113,456,75,215,11905
96641,219816280,1,1,14,53.7184541,-1.3094623,101.115,8.464,2.264,0.633,0.000,0.4340,0.0110,0.9920,-2.37,-1.74,2.31,15.618,-23.629,0.554,1,1722,-1,84.3,1,0,1,42.0,0.0,113,456,75,341,-24959
96729,219816320,1,1,14,53.7184549,-1.3094618,101.111,8.413,2.236,0.680,0.000,0.4640,0.0100,0.9650,-2.21,-2.02,2.32,16.918,-25.680,0.594,1,1683,-1,70.7,1,0,1,42.0,0.0,113,456,75,341,-24959
96794,219816400,1,1,13,53.7184562,-1.3094609,101.104,7.398,1.958,0.624,0.000,0.4990,-0.0340,0.9140,-1.81,-0.71,1.84,17.682,-28.632,0.610,1,1718,-1,58.1,1,0,1,42.0,0.0,113,474,75,420,-24959
96878,219816480,1,1,14,53.7184573,-1.3094602,101.109,6.084,1.635,0.427,0.000,0.4930,-0.0370,0.9820,-0.36,0.00,1.31,14.628,-26.658,0.675,1,1718,-1,58.1,1,0,1,42.0,0.0,113,474,69,420,-24959
96946,219816560,1,1,14,53.7184583,-1.3094596,101.134,5.094,1.371,0.350,0.000,0.5280,-0.0370,0.9620,1.28,-0.63,0.81,14.321,-28.760,0.875,1,1722,-1,58.1,1,0,1,42.0,0.0,113,474,69,733,12159
97033,219816640,1,1,14,53.7184590,-1.3094592,101.145,3.841,1.044,0.220,0.000,0.5510,0.0090,0.9270,3.30,0.19,0.63,11.903,-30.727,1.288,1,1722,-1,58.1,1,0,1,42.0,0.0,113,483,69,1114,23933
97097,219816720,1,1,13,53.7184594,-1.3094591,101.128,2.398,0.658,0.102,0.000,0.5680,0.0470,0.9760,3.94,-0.30,0.65,8.794,-30.198,1.848,1,1746,-1,37.8,1,0,1,42.0,0.0,113,483,122,1114,23933
97183,219816800,1,1,14,53.7184598,-1.3094588,101.186,1.519,0.420,0.038,0.000,0.5980,0.0580,0.9360,3.12,-1.01,0.50,5.157,-32.574,2.443,1,1644,-1,37.8,1,0,1,42.0,0.0,113,483,122,879,-387
97247,219816840,1,1,13,53.7184598,-1.3094588,101.189,0.738,0.205,0.002,0.000,0.6020,0.0390,0.8760,2.64,-0.18,0.21,0.470,-34.497,2.674,1,1644,-1,34.4,1,0,1,42.0,0.0,113,486,122,879,-387
97335,219816960,1,1,14,53.7184595,-1.3094591,101.154,1.163,-0.217,-0.239,0.000,0.2610,0.0930,0.9140,1.83,8.78,0.71,227.747,-15.937,3.484,1,1644,-1,34.4,1,0,1,42.0,0.0,113,486,88,657,-29057
97401,219817000,1,1,14,53.7184594,-1.3094591,101.145,1.267,-0.282,-0.211,0.000,0.2020,0.0820,0.9810,1.38,9.39,0.78,216.833,-11.635,3.689,1,1644,-1,34.4,1,0,1,42.0,0.0,113,486,88,495,6781
97483,219817080,1,1,14,53.7184593,-1.3094591,101.149,1.026,-0.265,-0.105,0.000,0.0630,0.1090,1.0740,0.37,8.14,0.60,201.665,-3.357,4.019,1,1707,-1,0.0,1,0,1,42.0,0.0,113,486,88,288,-2690
97549,219817160,1,1,14,53.7184591,-1.3094589,101.180,0.886,-0.236,-0.069,0.000,0.0330,0.0710,1.0410,-0.84,5.11,-0.17,196.232,-1.816,4.224,1,1707,-1,0.0,1,0,1,42.0,0.0,113,487,88,288,-2690
97640,219817240,1,1,15,53.7184590,-1.3094589,101.192,0.623,-0.163,-0.059,0.000,0.0540,0.1100,0.9600,-1.46,2.53,-0.10,200.033,-3.219,4.417,1,1679,-1,0.0,1,0,1,42.0,0.0,113,487,88,224,25982
97706,219817320,1,1,15,53.7184590,-1.3094589,101.204,0.691,-0.181,-0.065,0.000,0.0310,0.0950,0.9940,-3.19,1.86,0.16,199.739,-1.786,4.498,1,1679,-1,0.0,1,0,1,42.0,0.0,113,488,88,70,20349
97794,219817400,1,1,15,53.7184589,-1.3094588,101.222,0.666,-0.185,-0.005,0.000,0.0330,0.0990,1.0080,-4.69,1.19,0.50,181.593,-1.875,4.452,1,1714,-1,0.0,1,0,1,42.0,0.0,113,488,0,-381,30845
97857,219817480,1,1,15,53.7184589,-1.3094587,101.235,0.342,-0.095,0.006,0.000,0.0200,0.0470,1.0030,-5.66,1.17,0.18,176.472,-1.142,4.271,1,1714,-1,0.0,1,0,1,43.0,0.0,113,488,0,-361,30845
97949,219817560,1,1,15,53.7184589,-1.3094586,101.246,0.194,-0.054,0.003,0.000,0.0080,0.0570,1.0120,-4.70,1.38,0.24,176.472,-0.453,4.072,1,1714,1,0.0,1,0,1,43.0,0.0,113,489,0,-297,-27267
98014,219817640,1,1,15,53.7184590,-1.3094586,101.261,0.126,-0.035,0.002,0.000,0.0090,0.0600,0.9930,-4.01,1.19,0.47,176.472,-0.519,3.979,1,1667,1,0.0,1,0,1,43.0,0.0,113,489,0,-145,-7555
98097,219817720,1,1,15,53.7184591,-1.3094585,101.266,0.216,-0.060,0.004,0.000,-0.0040,0.0590,1.0170,-3.80,0.92,0.55,176.472,0.225,3.883,1,1667,1,0.0,1,0,1,43.0,0.0,113,489,0,-148,-3716
98165,219817760,1,1,15,53.7184592,-1.3094585,101.270,0.274,-0.076,0.005,0.000,0.0090,0.0680,1.0190,-3.76,0.88,0.63,176.472,-0.506,3.859,1,1570,1,0.0,1,0,1,43.0,3.1,128,489,0,-28,-21380
98249,219817880,1,1,15,53.7184594,-1.3094584,101.288,0.371,-0.001,0.103,0.000,0.0140,0.0590,1.0080,-4.68,0.64,0.55,90.307,-0.796,3.781,1,1570,1,0.0,1,0,1,43.0,3.1,128,489,0,-28,-21380
98314,219817920,1,1,15,53.7184594,-1.3094584,101.290,0.436,0.056,0.108,0.000,0.0270,0.0640,0.9950,-4.86,0.58,0.62,62.684,-1.554,3.714,1,1984,1,0.0,1,0,1,43.0,3.1,128,489,0,-327,9851
98398,219818000,1,1,15,53.7184596,-1.3094583,101.302,0.504,0.101,0.097,0.000,0.0170,0.0520,0.9940,-5.38,0.82,0.52,43.724,-0.980,3.511,1,2179,1,0.0,1,0,1,43.0,3.1,128,489,0,-325,9851
98463,219818080,1,1,15,53.7184598,-1.3094582,101.309,0.792,0.174,0.134,0.000,-0.0270,0.0680,0.9880,-5.68,0.97,0.52,37.573,1.565,3.342,1,2152,1,0.0,1,0,1,43.0,0.0,111,489,0,-302,18558
98547,219818160,1,1,15,53.7184601,-1.3094580,101.313,1.584,0.392,0.201,0.000,-0.0560,0.0640,1.0170,-6.34,0.63,0.36,27.120,3.152,3.135,1,2152,1,0.0,1,0,1,43.0,0.0,111,491,0,-302,18558
98613,219818240,1,1,15,53.7184605,-1.3094577,101.340,1.728,0.410,0.250,0.000,-0.0680,0.0660,1.0360,-7.30,0.86,0.19,31.426,3.755,2.856,1,1230,1,0.0,1,0,1,43.0,0.0,111,491,0,-596,-2180
98697,219818320,1,1,15,53.7184609,-1.3094574,101.356,1.922,0.443,0.298,0.000,-0.0550,0.0460,1.0010,-8.51,1.10,-0.08,33.879,3.145,2.475,1,980,1,0.0,1,0,1,43.0,0.0,111,491,0,-845,-2180
98761,219818400,1,1,15,53.7184613,-1.3094570,101.345,1.991,0.463,0.303,0.000,-0.0300,-0.0210,0.9860,-8.36,1.55,-0.93,33.188,1.743,1.964,1,949,1,9.9,1,0,1,43.0,5.5,111,491,0,-1007,-16002
98846,219818480,1,1,15,53.7184620,-1.3094567,101.354,3.074,0.795,0.313,0.000,0.0100,-0.0360,0.9910,-5.93,1.75,-2.06,21.502,-0.578,1.539,1,949,1,9.9,1,0,1,43.0,5.5,111,495,0,-1007,-16002
98914,219818520,1,1,15,53.7184624,-1.3094565,101.366,3.316,0.870,0.301,0.000,-0.0310,-0.0440,1.0490,-4.75,1.57,-2.58,19.084,1.693,1.399,1,2117,1,13.3,1,0,1,43.0,7.0,111,495,0,-624,-27266
98999,219818640,1,1,15,53.7184632,-1.3094560,101.380,2.844,0.742,0.272,0.000,-0.0690,0.0320,1.0450,-2.99,0.47,-3.18,20.159,3.778,1.308,1,2140,1,13.3,1,0,1,43.0,7.0,111,495,0,-445,-27266
99064,219818680,1,1,15,53.7184637,-1.3094559,101.407,3.787,1.006,0.308,0.000,-0.0760,0.0570,1.0710,-3.36,-0.01,-2.95,17.036,4.059,1.337,1,2195,1,20.3,1,0,1,43.0,7.0,111,501,0,-478,-13440
99149,219818760,1,1,15,53.7184645,-1.3094554,101.404,3.809,0.998,0.351,0.000,-0.0780,0.0740,1.0120,-4.90,-0.35,-2.20,19.384,4.407,1.322,1,2195,1,20.3,1,0,1,43.0,7.0,111,501,0,-478,-13440
99214,219818840,1,1,15,53.7184653,-1.3094548,101.416,3.913,1.019,0.378,0.000,-0.0820,0.0350,0.9400,-6.74,0.81,-1.54,20.376,4.986,1.158,1,2089,1,27.2,1,0,1,43.0,7.0,111,501,16,-478,-13440
99298,219818920,1,1,15,53.7184662,-1.3094542,101.443,4.687,1.216,0.464,0.000,-0.1010,-0.0100,0.9110,-6.90,2.71,-1.07,20.893,6.326,0.825,1,2074,1,32.1,1,0,1,43.0,7.0,111,501,16,-478,-13440
99362,219819000,1,1,15,53.7184672,-1.3094536,101.436,5.105,1.334,0.482,0.000,-0.1140,-0.0180,1.0090,-6.17,3.44,-0.88,19.856,6.446,0.513,1,2011,1,34.9,1,0,1,43.0,7.0,136,501,16,-644,29823
99450,219819080,1,1,15,53.7184683,-1.3094528,101.443,5.623,1.427,0.635,0.000,-0.1430,0.0030,1.0880,-5.56,2.27,-0.22,23.985,7.488,0.305,1,2003,1,43.3,1,0,1,43.0,7.0,136,511,177,-644,29823
99514,219819120,1,1,15,53.7184689,-1.3094523,101.470,5.951,1.492,0.712,0.000,-0.1280,0.0070,1.0630,-5.31,1.55,0.23,25.520,6.866,0.224,1,2003,1,43.3,1,0,1,43.0,7.0,136,511,177,-543,1664
99599,219819240,1,1,15,53.7184710,-1.3094512,101.485,6.822,1.792,0.617,0.000,-0.1090,0.0100,0.9820,-6.29,-0.42,1.74,18.995,6.334,-0.046,1,2003,1,48.8,1,0,1,43.0,7.0,136,511,177,-543,1664
99665,219819280,1,1,15,53.7184717,-1.3094508,101.486,7.056,1.855,0.633,0.000,-0.0990,0.0110,0.9890,-6.98,0.30,2.48,18.833,5.716,-0.180,1,2003,1,52.0,1,0,1,43.0,7.0,136,511,177,-291,-19585
99752,219819360,1,1,15,53.7184730,-1.3094497,101.510,7.315,1.875,0.783,0.000,-0.0810,-0.0310,1.0020,-7.37,0.70,2.97,22.668,4.622,-0.527,1,2042,1,59.9,1,0,1,43.0,7.0,136,511,87,-291,-19585
99817,219819440,1,1,15,53.7184746,-1.3094488,101.504,7.783,2.031,0.742,0.000,-0.0980,-0.0450,1.0540,-6.72,0.46,1.56,20.060,5.312,-0.895,1,2042,1,59.9,1,0,1,43.0,7.0,136,511,87,-436,896
99904,219819520,1,1,15,53.7184763,-1.3094478,101.516,8.777,2.300,0.808,0.000,-0.0860,-0.0280,0.9940,-6.32,0.73,-0.43,19.361,4.945,-1.176,1,2000,1,64.8,1,0,1,43.0,7.0,136,511,87,-699,896
99967,219819600,1,1,15,53.7184781,-1.3094468,101.541,8.935,2.330,0.855,0.000,-0.0970,-0.0280,0.9960,-5.96,1.23,-1.42,20.147,5.562,-1.402,1,2000,1,64.8,1,0,1,43.0,7.0,136,537,87,-699,896
100052,219819680,1,1,14,53.7184799,-1.3094455,101.561,9.846,2.536,1.025,0.000,-0.0910,-0.0570,1.0390,-4.79,1.24,-2.85,22.012,5.005,-1.606,1,2000,1,72.2,1,0,1,43.0,7.0,136,537,210,-789,896
100116,219819720,1,1,14,53.7184809,-1.3094449,101.571,10.091,2.623,0.988,0.000,-0.0940,-0.0420,1.0100,-4.13,1.62,-3.50,20.636,5.317,-1.658,1,2000,1,72.2,1,0,1,43.0,7.0,136,537,210,-789,896
100204,219819800,1,1,14,53.7184828,-1.3094436,101.586,10.184,2.623,1.060,0.000,-0.1190,-0.0080,0.9840,-3.88,2.14,-4.49,21.996,6.896,-1.687,1,2031,1,79.6,1,0,1,43.0,7.0,135,537,210,-811,896
100270,219819880,1,1,15,53.7184847,-1.3094422,101.626,10.804,2.765,1.166,0.000,-0.0860,0.0000,0.9750,-4.18,2.34,-4.30,22.869,5.041,-1.709,1,2082,1,79.6,1,0,1,43.0,7.0,135,557,210,-811,896
100356,219819960,1,1,14,53.7184868,-1.3094408,101.597,11.146,2.861,1.184,0.000,-0.0760,0.0010,1.0460,-4.21,2.11,-3.58,22.491,4.156,-1.732,1,2082,1,79.6,1,0,1,43.0,7.0,135,557,210,-733,12418
100420,219820040,1,1,14,53.7184891,-1.3094393,101.629,11.970,3.079,1.254,0.000,-0.0900,-0.0040,1.0580,-4.52,1.67,-3.38,22.163,4.862,-1.781,1,2070,1,90.4,1,0,1,43.0,7.0,136,557,210,-744,-1154
100505,219820120,1,1,14,53.7184913,-1.3094377,101.655,12.204,3.115,1.337,0.000,-0.1110,-0.0310,1.0470,-4.75,1.38,-3.45,23.236,6.052,-1.881,1,2062,1,90.4,1,0,1,43.0,6.2,136,576,210,-744,-1154
100570,219820160,1,1,14,53.7184925,-1.3094368,101.644,12.280,3.123,1.371,0.000,-0.1350,-0.0240,1.0270,-4.64,-0.68,-3.70,23.694,7.489,-1.927,1,2058,1,97.2,1,0,1,43.0,5.5,136,576,225,-744,-1154
100657,219820280,1,1,14,53.7184961,-1.3094344,101.621,13.064,3.335,1.431,0.000,-0.0610,-0.0280,0.9480,-3.41,-1.12,-5.02,23.232,3.682,-2.012,1,2011,1,97.2,1,0,1,45.0,1.6,136,576,225,-722,-22142
100720,219820360,1,1,14,53.7184986,-1.3094326,101.620,13.514,3.446,1.488,0.000,-0.1090,-0.0370,1.0580,-2.36,-0.60,-6.19,23.352,5.882,-1.964,1,2011,1,102.8,1,0,1,45.0,1.6,130,576,225,-837,-22401
100807,219820440,1,1,14,53.7185012,-1.3094308,101.626,14.022,3.608,1.467,0.000,-0.0250,-0.0210,1.0690,-1.35,-3.73,-7.18,22.119,1.340,-1.821,1,2011,1,102.8,1,0,1,45.0,1.6,130,602,225,-837,-22401
100871,219820480,1,1,14,53.7185024,-1.3094298,101.621,14.051,3.580,1.556,0.000,0.0270,-0.0100,1.0370,-0.86,-4.92,-7.23,23.492,-1.491,-1.704,1,1390,1,108.2,1,0,1,45.0,0.0,130,602,58,-797,-22401
100959,219820560,1,1,14,53.7185050,-1.3094279,101.633,14.011,3.561,1.570,0.000,0.1130,-0.0070,0.9230,0.08,-2.64,-6.55,23.784,-6.980,-1.410,1,1312,1,108.5,1,0,1,45.0,0.0,113,602,58,-797,-22401
101025,219820640,1,1,14,53.7185076,-1.3094261,101.607,13.853,3.535,1.520,0.000,0.1170,0.0180,0.8370,0.20,-4.29,-5.29,23.260,-7.958,-1.085,1,1312,1,108.5,1,0,1,45.0,0.0,113,623,58,-241,-28544
101111,219820720,1,1,15,53.7185101,-1.3094241,101.583,13.878,3.492,1.633,0.000,0.1870,0.0310,1.0070,0.23,-0.06,-3.96,25.066,-10.520,-0.775,1,1738,-1,109.3,1,0,1,45.0,0.0,113,623,58,-241,-28544
101177,219820800,1,1,15,53.7185125,-1.3094222,101.573,13.352,3.350,1.591,0.000,0.1660,-0.0080,1.0720,-0.50,8.00,-2.68,25.405,-8.802,-0.518,1,1652,-1,109.3,1,0,1,45.0,0.0,113,623,58,14,14718
101264,219820880,1,1,15,53.7185149,-1.3094202,101.605,13.500,3.393,1.597,0.000,0.0600,-0.0070,0.9540,-1.14,8.31,-1.22,25.198,-3.599,-0.311,1,1652,1,110.7,1,0,1,45.0,0.0,111,623,58,-162,-2947
101328,219820920,1,1,15,53.7185161,-1.3094193,101.590,13.291,3.336,1.582,0.000,-0.0070,-0.0130,1.0300,-1.65,6.82,-1.03,25.364,0.389,-0.258,1,1488,1,111.8,1,0,1,45.0,0.0,111,623,94,-162,-2947
101416,219821040,1,1,15,53.7185198,-1.3094161,101.548,13.878,3.417,1.785,0.000,0.0150,-0.0200,0.9810,-2.01,4.75,0.60,27.589,-0.876,-0.087,1,1488,1,111.8,1,0,1,45.0,0.0,111,623,94,109,-28801
101481,219821080,1,1,15,53.7185210,-1.3094151,101.557,13.468,3.328,1.709,0.000,-0.0150,-0.0430,1.1180,-1.83,2.41,0.65,27.176,0.769,-0.076,1,1417,1,113.6,1,0,1,45.0,0.0,114,623,94,109,7548
101566,219821200,1,1,14,53.7185249,-1.3094121,101.553,14.033,3.561,1.585,0.000,0.1290,-0.0010,1.0900,-2.54,-0.67,0.56,23.997,-6.749,-0.022,1,1511,1,109.0,1,0,1,45.0,0.0,114,623,74,109,7548
101630,219821240,1,1,15,53.7185262,-1.3094111,101.560,14.126,3.595,1.572,0.000,0.0960,-0.0070,0.9820,-2.84,2.32,0.28,23.616,-5.583,-0.016,1,1511,1,109.0,1,0,1,45.0,0.0,114,623,74,36,11391
101718,219821320,1,1,15,53.7185286,-1.3094089,101.588,13.824,3.457,1.672,0.000,-0.0130,-0.0550,0.7810,-2.07,6.45,-1.45,25.812,0.954,-0.118,1,1421,1,116.8,1,0,1,45.0,0.0,114,623,74,76,6783
101785,219821400,1,1,15,53.7185311,-1.3094068,101.535,13.964,3.472,1.730,0.000,-0.1610,-0.0070,0.9970,-0.16,2.78,-2.16,26.479,9.173,0.038,1,1421,1,116.8,1,0,1,45.0,0.0,114,695,74,154,-9855
101872,219821480,1,1,15,53.7185339,-1.3094048,101.555,14.954,3.790,1.701,0.000,-0.0120,-0.0110,1.0460,0.51,-0.90,-1.77,24.176,0.657,0.369,1,1433,1,116.8,1,0,1,45.0,0.0,114,695,144,154,-9855
101938,219821560,1,1,15,53.7185364,-1.3094026,101.524,14.270,3.553,1.758,0.000,0.1600,0.0720,1.1780,0.15,0.71,-0.58,26.323,-7.735,0.736,1,1433,1,114.9,1,0,1,45.0,0.0,113,695,144,70,-9857
102022,219821640,1,1,15,53.7185390,-1.3094004,101.578,14.342,3.577,1.755,0.000,0.1290,0.0390,1.1260,-0.62,-2.51,0.96,26.140,-6.536,0.965,1,1433,1,114.9,1,0,1,45.0,0.0,113,718,144,803,-21630
102088,219821720,1,1,14,53.7185416,-1.3093982,101.613,14.094,3.526,1.701,0.000,0.2390,0.0300,0.8240,-1.89,0.33,2.74,25.751,-16.175,1.084,1,1691,-1,115.8,1,0,1,45.0,0.0,113,718,144,803,-21630
102173,219821800,1,1,14,53.7185442,-1.3093962,101.596,13.777,3.439,1.679,0.000,0.1230,0.0340,0.7650,-4.12,8.81,4.40,26.019,-9.134,1.134,1,1718,-1,115.8,1,0,1,45.0,0.0,113,718,144,540,-27006
102237,219821880,1,1,14,53.7185465,-1.3093942,101.566,13.208,3.271,1.661,0.000,0.1750,0.0040,1.0270,-5.85,5.81,6.31,26.919,-9.670,0.890,1,1707,-1,116.8,1,0,1,45.0,0.0,113,718,144,540,-27006
102324,219821920,1,1,14,53.7185478,-1.3093932,101.553,13.435,3.333,1.679,0.000,0.1620,-0.0340,1.3090,-6.63,-0.84,6.86,26.732,-7.055,0.708,1,1707,-1,116.8,1,0,1,45.0,0.0,113,747,144,529,-20094
102389,219822000,1,1,14,53.7185501,-1.3093913,101.623,12.614,3.163,1.508,0.000,0.3020,-0.0220,1.1770,-7.53,-5.08,5.97,25.488,-14.391,0.385,1,1714,-1,104.5,1,0,1,45.0,0.0,113,747,21,529,-20094
102473,219822080,1,1,14,53.7185522,-1.3093895,101.661,11.801,2.956,1.417,0.000,0.3880,-0.0900,0.9480,-7.43,-4.90,3.63,25.617,-22.258,-0.130,1,1714,-1,104.5,1,0,1,45.0,0.0,113,747,21,-199,-14976
102539,219822160,1,1,14,53.7185542,-1.3093880,101.673,10.458,2.637,1.218,0.000,0.3570,-0.0930,0.8970,-5.15,-2.39,0.56,24.788,-21.702,-0.589,1,1667,-1,93.2,1,0,1,45.0,0.0,112,747,21,-199,-14976
102624,219822240,1,1,14,53.7185562,-1.3093866,101.722,10.361,2.663,1.091,0.000,0.3400,-0.0180,0.9350,-3.25,-1.05,-1.58,22.278,-19.983,-0.697,1,1667,-1,93.2,1,0,1,45.0,0.0,112,771,21,-238,-14976
102690,219822320,1,1,14,53.7185578,-1.3093852,101.731,9.212,2.329,1.061,0.000,0.3430,-0.0030,0.9450,-3.57,-0.49,-2.52,24.485,-19.949,-0.670,1,1656,-1,82.8,1,0,1,45.0,0.0,112,771,60,-537,-15490
102774,219822400,1,1,14,53.7185593,-1.3093839,101.723,8.543,2.132,1.042,0.000,0.3050,0.0290,0.9410,-4.26,-0.49,-1.93,26.048,-17.959,-0.659,1,1667,-1,76.1,1,0,1,45.0,0.0,112,771,60,-537,-15490
102839,219822480,1,1,14,53.7185608,-1.3093826,101.714,8.053,2.021,0.959,0.000,0.3250,0.0230,0.9180,-5.47,-0.36,-0.77,25.382,-19.496,-0.721,1,1667,-1,71.6,1,0,1,45.0,0.0,112,789,60,-537,-15490
102926,219822560,1,1,14,53.7185621,-1.3093814,101.742,7.056,1.757,0.868,0.000,0.3290,-0.0190,1.0200,-5.90,0.52,0.28,26.297,-17.877,-0.944,1,1636,-1,63.1,1,0,1,45.0,0.0,112,789,119,-657,31358
102989,219822600,1,1,14,53.7185627,-1.3093809,101.749,6.761,1.695,0.809,0.000,0.3240,-0.0240,1.0120,-5.59,1.25,0.27,25.501,-17.753,-1.046,1,1636,-1,63.1,1,0,1,45.0,0.0,112,789,119,-540,4479
103076,219822720,1,1,14,53.7185644,-1.3093795,101.758,5.929,1.478,0.727,0.000,0.1690,-0.0100,1.0270,-5.93,3.82,-1.07,26.199,-9.345,-1.360,1,1675,-1,54.3,1,0,1,45.0,0.0,112,789,119,-607,31358
103143,219822760,1,1,14,53.7185650,-1.3093790,101.752,6.448,1.599,0.806,0.000,0.1500,0.0000,1.0330,-6.19,3.77,-1.35,26.756,-8.262,-1.450,1,1675,-1,54.3,1,0,1,45.0,0.0,112,799,119,-1024,-17025
103228,219822840,1,1,15,53.7185661,-1.3093779,101.790,5.944,1.451,0.787,0.000,0.1340,-0.0020,1.0120,-7.18,1.31,-2.65,28.485,-7.543,-1.684,1,1695,-1,51.4,1,0,1,45.0,0.0,112,799,2,-1024,-17025
103295,219822920,1,1,14,53.7185670,-1.3093769,101.872,5.522,1.359,0.712,0.000,0.1570,-0.0270,0.9560,-8.94,0.41,-4.56,27.663,-9.326,-2.068,1,1613,-1,48.2,1,0,1,45.0,0.0,112,799,2,-1522,-13187
103379,219823000,1,1,14,53.7185679,-1.3093759,101.870,5.357,1.273,0.770,0.000,0.1580,-0.0520,0.9330,-9.24,1.81,-7.50,31.177,-9.612,-2.612,1,1613,-1,48.2,1,0,1,45.0,0.0,112,809,2,-1522,-13187
103445,219823040,1,1,15,53.7185684,-1.3093754,101.873,5.317,1.253,0.783,0.000,0.1400,-0.0740,0.9540,-9.09,2.51,-9.31,32.004,-8.349,-2.879,1,1625,-1,45.2,1,0,1,45.0,0.0,112,809,2,-2258,-19072
103531,219823160,1,1,14,53.7185698,-1.3093741,101.917,4.878,1.196,0.638,0.000,0.0900,-0.0160,1.0030,-7.49,2.72,-13.74,28.072,-5.127,-3.380,1,1625,1,45.2,1,0,1,45.0,0.0,112,809,2,-2865,4223
103596,219823200,1,1,14,53.7185701,-1.3093737,101.932,4.583,1.110,0.623,0.000,0.0740,0.0030,0.9880,-8.02,2.56,-14.29,29.292,-4.283,-3.498,1,1562,1,44.2,1,0,1,45.0,0.0,112,809,2,-2865,4223
103683,219823320,1,1,14,53.7185715,-1.3093721,101.957,5.342,1.233,0.826,0.000,0.0310,-0.0770,1.0300,-9.24,2.75,-15.01,33.824,-1.724,-4.094,1,1507,1,44.2,1,0,1,45.0,0.0,112,820,2,-3156,11138
103748,219823360,1,1,14,53.7185720,-1.3093715,101.963,5.486,1.259,0.859,0.000,0.0310,-0.1180,1.0510,-7.89,2.53,-15.57,34.299,-1.689,-4.324,1,1507,1,44.3,1,0,1,45.0,0.0,112,820,187,-3156,11138
103835,219823440,1,1,14,53.7185729,-1.3093705,102.011,5.270,1.240,0.779,0.000,-0.0200,-0.1210,1.0530,-3.90,2.26,-16.73,32.148,1.088,-4.559,1,1507,1,47.3,1,0,1,45.0,0.0,112,820,187,-2515,27524
103907,219823520,1,1,14,53.7185739,-1.3093695,102.014,5.612,1.317,0.835,0.000,0.0150,-0.0600,0.9080,-0.32,1.45,-16.55,32.374,-0.946,-4.429,1,1417,1,48.7,1,0,1,45.0,0.0,112,829,187,-1760,5759
103994,219823600,1,1,14,53.7185748,-1.3093685,102.045,5.087,1.197,0.751,0.000,0.0160,-0.0340,0.9230,0.09,3.30,-16.51,32.108,-0.993,-4.080,1,1347,1,48.7,1,0,1,45.0,0.0,112,829,187,-1958,-2947
104057,219823680,1,1,14,53.7185757,-1.3093672,102.050,5.800,1.293,0.961,0.000,-0.0110,-0.0170,1.0610,-0.70,3.51,-17.49,36.616,0.594,-3.750,1,1347,1,49.0,1,0,1,45.0,0.0,112,836,187,-1958,-2947
104144,219823760,1,1,13,53.7185769,-1.3093658,102.064,6.559,1.445,1.109,0.000,0.0090,-0.0090,1.0590,-0.54,1.02,-17.84,37.504,-0.487,-3.445,1,1496,1,50.2,1,0,1,45.0,0.0,112,836,187,-2227,-2947
104208,219823840,1,1,13,53.7185780,-1.3093643,102.084,6.628,1.457,1.125,0.000,-0.0040,-0.0120,1.0440,-0.20,0.74,-17.36,37.670,0.220,-3.091,1,1496,1,50.2,1,0,1,45.0,0.0,112,836,187,-1872,-32385
104295,219823920,1,1,13,53.7185791,-1.3093628,102.079,6.793,1.458,1.198,0.000,0.0000,0.0040,1.0330,-1.17,0.53,-17.05,39.417,-0.000,-2.800,1,1500,1,53.4,1,0,1,45.0,0.0,112,836,187,-1931,-25473
104359,219823960,1,1,13,53.7185796,-1.3093621,102.072,6.631,1.430,1.161,0.000,0.0560,0.0040,0.9520,-1.57,0.10,-16.48,39.090,-3.366,-2.676,1,1500,1,53.4,1,0,1,45.0,0.0,112,850,187,-1992,-11905
104444,219824080,1,1,13,53.7185813,-1.3093596,102.068,7.110,1.494,1.292,0.000,0.0130,-0.0030,0.9830,-1.48,2.00,-15.28,40.869,-0.758,-2.344,1,1433,1,53.4,1,0,1,45.0,0.0,112,850,187,-1838,-20095
104509,219824120,1,1,14,53.7185818,-1.3093587,102.086,7.045,1.463,1.300,0.000,0.0430,0.0200,0.9490,-1.53,2.02,-14.33,41.635,-2.594,-2.208,1,1484,1,53.4,1,0,1,45.0,0.0,112,850,187,-1709,-20094
104596,219824200,1,1,14,53.7185829,-1.3093568,102.088,7.405,1.469,1.440,0.000,-0.0010,0.0120,1.0280,-2.79,0.61,-11.65,44.427,0.056,-2.042,1,1503,1,58.4,1,0,1,45.0,0.0,113,850,187,-1491,-3198
104661,219824280,1,1,14,53.7185839,-1.3093549,102.100,7.445,1.439,1.485,0.000,0.0810,0.0020,0.9770,-3.07,1.12,-9.92,45.909,-4.739,-1.946,1,1445,1,58.4,1,0,1,45.0,0.0,113,864,187,-1382,4480
104748,219824360,1,1,13,53.7185850,-1.3093530,102.112,7.538,1.456,1.505,0.000,0.0510,-0.0120,0.9790,-3.71,2.04,-9.81,45.957,-2.982,-1.881,1,1445,1,60.3,1,0,1,45.0,0.0,113,864,91,-1382,4480
104814,219824440,1,1,14,53.7185860,-1.3093509,102.119,7.772,1.413,1.633,0.000,0.0910,0.0130,0.9070,-3.69,2.54,-9.78,49.135,-5.729,-1.834,1,1488,1,62.4,1,0,1,45.0,0.0,112,864,91,-1612,4480
104899,219824520,1,1,14,53.7185870,-1.3093488,102.116,7.718,1.376,1.645,0.000,0.0500,-0.0450,0.9760,-3.17,3.29,-9.93,50.090,-2.933,-1.826,1,1488,1,62.4,1,0,1,45.0,0.0,112,877,91,-1612,4480
104965,219824560,1,1,14,53.7185876,-1.3093478,102.114,7.672,1.417,1.591,0.000,0.0440,-0.0390,0.9940,-2.41,3.33,-10.23,48.307,-2.535,-1.803,1,1507,1,63.3,1,0,1,45.0,0.0,112,877,91,-1318,26494
105047,219824680,1,1,14,53.7185892,-1.3093447,102.143,8.125,1.493,1.692,0.000,0.0710,0.0080,1.0010,-1.02,2.89,-11.03,48.577,-4.057,-1.489,1,1476,1,63.3,1,0,1,46.0,0.0,112,877,91,-1405,26494
105114,219824720,1,1,14,53.7185897,-1.3093435,102.129,8.161,1.460,1.734,0.000,0.0410,0.0050,1.0500,-1.01,2.55,-11.04,49.905,-2.236,-1.369,1,1457,1,64.2,1,0,1,46.0,0.0,112,893,91,-1270,30846
105200,219824800,1,1,14,53.7185907,-1.3093414,102.133,7.942,1.386,1.716,0.000,0.0910,0.0110,1.0310,-0.64,0.11,-10.74,51.080,-5.044,-1.111,1,1472,1,64.2,1,0,1,46.0,0.0,112,893,91,-1175,19326
105266,219824880,1,1,14,53.7185918,-1.3093392,102.139,8.118,1.446,1.731,0.000,0.1010,0.0000,1.0330,-0.11,-0.97,-10.80,50.130,-5.584,-0.837,1,1531,1,64.0,1,0,1,46.0,0.0,112,893,91,-990,-21377
105353,219824920,1,1,14,53.7185923,-1.3093382,102.138,7.805,1.394,1.661,0.000,0.0810,0.0010,1.0500,-0.22,-1.81,-10.78,49.991,-4.411,-0.702,1,1597,1,61.4,1,0,1,46.0,0.0,113,893,91,-1032,2175
105419,219825040,1,1,13,53.7185936,-1.3093349,102.160,7.693,1.253,1.731,0.000,0.1750,-0.0050,0.9480,0.46,-1.12,-9.98,54.093,-10.459,-0.262,1,1597,1,61.4,1,0,1,46.0,0.0,113,905,91,-1032,2175
105506,219825120,1,1,14,53.7185945,-1.3093329,102.165,7.322,1.208,1.637,0.000,0.1730,0.0030,1.0430,1.01,-0.49,-9.46,53.579,-9.418,0.074,1,1527,1,60.1,1,0,1,46.0,0.0,113,905,91,-646,24446
105571,219825200,1,1,14,53.7185955,-1.3093309,102.178,7.308,1.260,1.592,0.000,0.2240,0.0260,0.9840,0.98,-2.53,-8.22,51.635,-12.824,0.454,1,1527,1,60.1,1,0,1,46.0,0.0,113,905,91,-361,24446
105656,219825280,1,1,14,53.7185962,-1.3093291,102.198,6.570,1.112,1.447,0.000,0.2720,0.0020,0.9040,0.97,-1.25,-6.90,52.447,-16.746,0.778,1,1527,1,60.1,1,0,1,46.0,0.0,113,917,91,-361,24446
105721,219825360,1,1,14,53.7185968,-1.3093273,102.204,6.052,0.954,1.384,0.000,0.3010,0.0160,0.9930,1.76,-0.95,-5.62,55.415,-16.863,1.119,1,1667,-1,50.9,1,0,1,46.0,0.0,113,917,253,6,-14723
105807,219825440,1,1,15,53.7185976,-1.3093258,102.209,5.558,0.908,1.249,0.000,0.3470,-0.0020,0.9920,1.97,-1.39,-4.98,53.967,-19.280,1.487,1,1636,-1,50.5,1,0,1,46.0,0.0,112,917,253,6,-14723
105871,219825480,1,1,15,53.7185979,-1.3093251,102.219,5.278,0.881,1.172,0.000,0.3460,-0.0010,0.9890,2.03,-0.85,-4.67,53.068,-19.282,1.661,1,1691,-1,46.9,1,0,1,46.0,0.0,112,917,253,257,25981
105958,219825600,1,1,15,53.7185985,-1.3093233,102.211,3.848,0.651,0.848,0.000,0.3190,0.0240,0.9610,2.68,0.43,-3.34,52.461,-18.363,2.349,1,1691,-1,46.9,1,0,1,46.0,0.0,112,928,253,257,10110
106023,219825640,1,1,14,53.7185988,-1.3093229,102.212,3.614,0.647,0.767,0.000,0.3240,0.0420,0.9530,2.50,0.26,-2.69,49.850,-18.777,2.576,1,1718,-1,37.1,1,0,1,46.0,0.0,112,928,115,453,-14723
106113,219825720,1,1,14,53.7185992,-1.3093221,102.215,2.974,0.548,0.618,0.000,0.3650,0.0800,0.9980,1.77,-0.14,-1.42,48.396,-20.089,3.026,1,1707,-1,32.2,1,0,1,46.0,0.0,112,928,115,453,-14723
106179,219825800,1,1,15,53.7185994,-1.3093215,102.220,2.315,0.415,0.491,0.000,0.3950,0.0570,1.0200,0.01,-0.05,-0.74,49.767,-21.169,3.299,1,1707,-1,30.7,1,0,1,46.0,0.0,112,928,115,255,11132
106266,219825880,1,1,15,53.7185996,-1.3093212,102.234,1.206,0.245,0.229,0.000,0.4020,0.0810,0.9560,-0.54,0.48,0.04,43.066,-22.807,3.560,1,1707,-1,30.7,1,0,1,46.0,0.0,112,928,51,171,17791
106332,219825960,1,1,15,53.7185996,-1.3093211,102.235,0.497,0.123,0.064,0.000,0.3720,0.0860,0.8990,-1.73,1.43,0.70,27.407,-22.479,3.768,1,1652,-1,20.7,1,0,1,46.0,0.0,112,928,51,171,17791
106417,219826040,1,1,15,53.7185996,-1.3093211,102.233,0.256,0.063,0.033,0.000,0.3010,0.1060,0.9370,-2.79,3.54,1.16,27.407,-17.809,3.920,1,1703,-1,20.7,1,0,1,46.0,0.0,112,934,51,171,17791
106481,219826120,1,1,15,53.7185994,-1.3093213,102.227,0.871,-0.065,-0.233,0.000,0.1670,0.1040,1.0070,-4.89,5.90,1.58,254.319,-9.416,3.929,1,1660,-1,17.8,1,0,1,46.0,0.0,112,934,178,-285,12414
106568,219826160,1,1,15,53.7185994,-1.3093214,102.225,0.900,-0.132,-0.212,0.000,0.1280,0.0920,1.0150,-5.89,5.64,1.80,238.092,-7.188,3.848,1,1703,-1,0.0,1,0,1,46.0,0.0,112,934,178,-285,12414
106633,219826240,1,1,15,53.7185993,-1.3093214,102.235,0.839,-0.163,-0.166,0.000,0.1250,0.0600,1.0040,-6.60,4.13,2.03,225.571,-7.097,3.594,1,1722,-1,0.0,1,0,1,46.0,0.0,112,935,178,-414,12414
106718,219826320,1,1,15,53.7185992,-1.3093216,102.232,0.943,-0.189,-0.181,0.000,0.1090,0.0340,0.9990,-6.52,2.97,2.01,223.780,-6.227,3.277,1,1648,-1,0.0,1,0,1,46.0,0.0,112,935,178,-414,12414
106789,219826400,1,1,15,53.7185991,-1.3093218,102.238,0.900,-0.166,-0.187,0.000,0.0930,0.1070,0.9950,-7.31,1.36,2.86,228.523,-5.340,3.081,1,1679,-1,0.0,1,0,1,46.0,0.0,112,935,0,-148,12414
106876,219826480,1,1,15,53.7185989,-1.3093219,102.253,1.130,-0.237,-0.206,0.000,0.0670,0.1210,0.9660,-11.45,0.18,3.39,220.947,-3.968,2.699,1,1679,-1,0.0,1,0,1,46.0,0.0,112,936,0,-730,31609
106940,219826560,1,1,15,53.7185985,-1.3093219,102.269,1.422,-0.374,-0.128,0.000,0.0820,0.0560,0.9790,-15.71,-0.20,2.52,198.935,-4.788,1.857,1,1679,-1,0.0,1,0,1,46.0,0.0,112,936,0,-730,31609
107029,219826640,1,1,15,53.7185983,-1.3093219,102.264,1.271,-0.343,-0.084,0.000,0.0930,-0.0240,1.0040,-16.48,0.69,0.13,193.754,-5.292,0.746,1,1679,-1,0.0,1,0,1,46.0,0.0,112,936,0,-2107,-19331
107092,219826720,1,1,15,53.7185982,-1.3093220,102.271,1.174,-0.306,-0.114,0.000,0.0680,-0.1190,1.0210,-14.86,1.25,-1.65,200.391,-3.810,-0.441,1,1640,-1,1.5,1,0,1,46.0,0.0,112,936,0,-2154,-19331
107178,219826800,1,1,15,53.7185980,-1.3093222,102.282,1.213,-0.287,-0.177,0.000,0.0650,-0.1620,0.9970,-9.27,1.16,-1.53,211.594,-3.730,-1.321,1,1703,-1,7.7,1,0,1,46.0,0.0,112,936,77,-2154,-19331
107243,219826840,1,1,15,53.7185979,-1.3093223,102.291,1.091,-0.243,-0.181,0.000,0.0610,-0.1980,0.9910,-6.48,0.89,-1.37,216.722,-3.522,-1.650,1,1703,-1,7.7,1,0,1,46.0,0.0,112,936,77,-657,15236
107329,219826920,1,1,15,53.7185979,-1.3093226,102.282,1.112,-0.174,-0.256,0.000,0.0660,-0.1770,0.9770,-0.78,0.18,-1.21,235.810,-3.865,-1.923,1,1707,-1,7.7,1,0,1,46.0,0.0,112,936,77,-657,15236
107399,219827040,1,1,15,53.7185979,-1.3093230,102.286,1.156,-0.064,-0.315,0.000,0.0920,-0.1210,0.9840,5.70,0.29,-1.83,258.510,-5.341,-1.412,1,1605,-1,7.7,1,0,1,46.0,0.0,111,936,77,699,15236
107484,219827080,1,1,15,53.7185980,-1.3093232,102.291,1.199,-0.034,-0.331,0.000,0.0920,-0.0930,1.0080,7.36,0.91,-1.91,264.189,-5.215,-1.075,1,1605,-1,7.7,1,0,1,46.0,0.0,111,936,77,1209,-14461
107549,219827160,1,1,15,53.7185980,-1.3093236,102.296,1.364,-0.015,-0.379,0.000,0.0800,0.0140,1.0420,8.85,2.02,-1.64,267.724,-4.390,-0.141,1,1640,-1,7.7,1,0,1,46.0,0.0,112,936,77,1209,-14461
107635,219827240,1,1,15,53.7185979,-1.3093239,102.311,1.235,-0.023,-0.342,0.000,0.0410,0.0930,1.0320,5.44,1.43,-1.58,266.186,-2.275,0.770,1,1640,-1,7.7,1,0,1,46.0,0.0,112,941,77,1080,-32642
107700,219827320,1,1,15,53.7185978,-1.3093242,102.318,1.058,-0.067,-0.286,0.000,0.0550,0.1200,0.9970,0.47,-0.03,-1.67,256.915,-3.158,1.377,1,1648,-1,7.7,1,0,1,46.0,0.0,112,941,77,1080,-32642
107785,219827360,1,1,15,53.7185978,-1.3093243,102.315,1.008,-0.086,-0.266,0.000,0.0820,0.1290,0.9630,-1.93,-0.40,-1.69,252.126,-4.867,1.552,1,1648,-1,7.7,1,0,1,46.0,0.0,112,941,77,-495,21630
107850,219827480,1,1,15,53.7185976,-1.3093244,102.303,1.012,-0.188,-0.209,0.000,0.1110,0.0910,0.9910,-8.09,0.47,-1.37,228.015,-6.391,1.353,1,1628,-1,7.7,1,0,1,46.0,0.0,112,944,77,-1343,-3970
107935,219827560,1,1,15,53.7185974,-1.3093247,102.314,1.242,-0.251,-0.236,0.000,0.0870,0.0610,1.0070,-12.22,1.37,-1.55,223.234,-4.938,0.877,1,1628,-1,7.7,1,0,1,46.0,0.0,112,944,77,-1343,-3970
108002,219827600,1,1,15,53.7185972,-1.3093248,102.326,1.458,-0.308,-0.264,0.000,0.0900,0.0530,1.0130,-14.00,1.33,-1.76,220.599,-5.077,0.495,1,1695,-1,8.2,1,0,1,46.0,0.0,112,944,82,-2487,-3970
108088,219827720,1,1,15,53.7185968,-1.3093249,102.322,1.505,-0.370,-0.195,0.000,0.0920,-0.0690,1.0000,-16.46,1.55,-2.99,207.817,-5.256,-1.059,1,1671,-1,8.2,1,0,1,46.0,0.0,112,944,82,-2487,-3970
108153,219827760,1,1,15,53.7185967,-1.3093250,102.319,1.501,-0.372,-0.189,0.000,0.0790,-0.1370,1.0220,-14.61,1.53,-3.46,206.957,-4.420,-1.638,1,1671,-1,8.2,1,0,1,46.0,0.0,112,945,82,-2426,-29564
108241,219827840,1,1,15,53.7185966,-1.3093253,102.309,1.303,-0.280,-0.229,0.000,0.0850,-0.1560,1.0060,-9.45,1.55,-3.27,219.312,-4.830,-2.505,1,1636,-1,8.2,1,0,1,46.0,0.0,112,945,82,-2426,-29564
108304,219827920,1,1,15,53.7185965,-1.3093256,102.326,1.224,-0.199,-0.275,0.000,0.0820,-0.1620,0.9830,-4.52,0.89,-2.64,234.089,-4.768,-2.963,1,1699,-1,8.2,1,0,1,46.0,0.0,112,945,82,-635,-23163
108393,219828000,1,1,15,53.7185963,-1.3093259,102.324,1.469,-0.208,-0.351,0.000,0.0840,-0.1370,0.9710,0.46,-0.12,-2.48,239.285,-4.944,-2.994,1,1699,-1,9.2,1,0,1,46.0,0.0,112,948,82,551,8322
108458,219828080,1,1,15,53.7185963,-1.3093263,102.314,1.408,-0.148,-0.362,0.000,0.0990,-0.1210,0.9690,3.95,0.01,-2.66,247.685,-5.834,-2.665,1,1675,-1,9.2,1,0,1,46.0,0.0,112,948,92,551,8322
108545,219828160,1,1,15,53.7185964,-1.3093268,102.327,1.714,-0.053,-0.473,0.000,0.1020,-0.0700,0.9990,7.86,0.94,-2.76,263.559,-5.830,-2.015,1,1671,-1,9.2,1,0,1,46.0,0.0,112,948,92,974,-32382
108610,219828200,1,1,15,53.7185964,-1.3093270,102.325,1.544,-0.033,-0.428,0.000,0.0870,-0.0230,1.0020,8.51,1.40,-2.70,265.654,-4.962,-1.542,1,1730,-1,9.2,1,0,1,46.0,0.0,112,948,92,974,-32382
108695,219828320,1,1,15,53.7185963,-1.3093275,102.329,1.159,-0.053,-0.318,0.000,0.0110,0.0710,1.0410,4.58,0.87,-2.04,260.551,-0.605,-0.192,1,1648,-1,9.2,1,0,1,46.0,0.0,112,948,92,1035,7036
108759,219828360,1,1,15,53.7185963,-1.3093277,102.329,1.170,-0.063,-0.319,0.000,0.0230,0.0840,1.0210,2.33,0.41,-1.96,258.887,-1.290,0.123,1,1648,-1,10.0,1,0,1,46.0,0.0,112,948,100,1035,7036
108846,219828440,1,1,15,53.7185962,-1.3093280,102.338,1.080,-0.083,-0.288,0.000,0.0630,0.0640,0.9800,-3.01,-0.24,-2.24,253.928,-3.678,0.391,1,1648,-1,10.0,1,0,1,47.0,0.0,112,948,100,-557,-6787
108912,219828520,1,1,15,53.7185961,-1.3093281,102.328,1.051,-0.140,-0.256,0.000,0.0710,0.0450,1.0050,-6.36,0.23,-2.20,241.317,-4.041,0.299,1,1671,-1,10.0,1,0,1,47.0,0.0,112,948,100,-1337,-19586
108998,219828560,1,1,15,53.7185960,-1.3093283,102.328,1.177,-0.197,-0.261,0.000,0.0920,0.0600,0.9990,-7.76,0.53,-2.15,232.948,-5.262,0.183,1,1675,-1,10.0,1,0,1,47.0,0.0,112,948,100,-1337,-19586
109062,219828680,1,1,15,53.7185957,-1.3093285,102.336,1.271,-0.276,-0.220,0.000,0.0730,-0.0010,0.9970,-13.23,1.67,-2.25,218.612,-4.188,-0.724,1,1675,-1,10.0,1,0,1,47.0,0.0,112,948,100,-1886,2942
109149,219828760,1,1,15,53.7185955,-1.3093287,102.339,1.242,-0.275,-0.209,0.000,0.0730,-0.1040,0.9950,-13.08,1.76,-3.02,217.278,-4.196,-1.660,1,1664,-1,9.7,1,0,1,47.0,0.0,112,948,100,-1886,2942
109215,219828840,1,1,15,53.7185954,-1.3093289,102.337,1.094,-0.224,-0.205,0.000,0.0630,-0.1770,1.0130,-9.23,1.74,-3.45,222.417,-3.559,-2.524,1,1664,-1,9.7,1,0,1,47.0,0.0,112,954,100,-1877,2942
109299,219828920,1,1,15,53.7185954,-1.3093291,102.343,1.048,-0.163,-0.241,0.000,0.0800,-0.1740,0.9920,-3.59,1.45,-2.74,235.827,-4.611,-2.972,1,1664,-1,9.7,1,0,1,47.0,0.0,112,954,97,-1877,2942
109362,219829000,1,1,15,53.7185954,-1.3093295,102.348,1.163,-0.098,-0.308,0.000,0.0770,-0.1690,0.9750,1.55,0.87,-2.56,252.345,-4.516,-2.894,1,1683,-1,9.7,1,0,1,47.0,0.0,112,954,97,-6,1414
109449,219829040,1,1,15,53.7185953,-1.3093296,102.344,1.260,-0.091,-0.338,0.000,0.0850,-0.1360,0.9890,3.66,0.80,-2.61,254.986,-4.912,-2.724,1,1714,-1,9.2,1,0,1,47.0,0.0,112,956,97,-6,1414
109513,219829120,1,1,15,53.7185953,-1.3093301,102.353,1.523,-0.056,-0.419,0.000,0.1160,-0.0740,0.9730,6.90,0.88,-2.58,262.444,-6.799,-2.082,1,1683,-1,9.2,1,0,1,47.0,0.0,112,956,97,1114,11651
109600,219829240,1,1,15,53.7185955,-1.3093309,102.343,1.717,0.063,-0.473,0.000,0.0840,0.0110,1.0200,9.56,1.68,-2.62,277.596,-4.708,-0.662,1,1679,-1,9.2,1,0,1,47.0,0.0,112,956,92,1114,11651
109714,219829320,1,1,15,53.7185955,-1.3093311,102.341,1.066,0.051,-0.292,0.000,0.0640,0.1050,0.9890,7.68,1.14,-2.03,279.993,-3.703,0.461,1,1660,-1,9.2,1,0,1,47.0,0.0,112,958,92,1640,-22912
109778,219829400,1,1,15,53.7185954,-1.3093314,102.344,1.105,-0.043,-0.304,0.000,0.0500,0.1260,1.0080,2.70,0.81,-2.27,261.919,-2.840,1.256,1,1683,-1,9.2,1,0,1,47.0,0.0,112,958,92,1640,-22912
109866,219829480,1,1,15,53.7185953,-1.3093317,102.356,1.361,-0.138,-0.352,0.000,0.0790,0.1090,0.9770,-1.49,0.75,-2.74,248.575,-4.623,1.681,1,1695,-1,9.2,1,0,1,47.0,0.0,112,958,92,-263,31613
109930,219829520,1,1,15,53.7185952,-1.3093319,102.362,1.390,-0.129,-0.364,0.000,0.0820,0.0810,0.9770,-3.42,0.77,-2.77,250.456,-4.798,1.733,1,1695,-1,9.2,1,0,1,47.0,0.0,112,960,92,-263,31613
110015,219829640,1,1,15,53.7185951,-1.3093322,102.335,0.893,-0.114,-0.220,0.000,0.0920,0.0820,0.9810,-7.90,0.76,-2.49,242.651,-5.358,1.544,1,1710,-1,9.2,1,0,1,47.0,0.0,112,960,92,-895,26750
110079,219829680,1,1,15,53.7185950,-1.3093323,102.339,1.109,-0.160,-0.263,0.000,0.0780,0.0740,0.9960,-9.69,0.91,-2.51,238.600,-4.478,1.343,1,1710,-1,9.2,1,0,1,47.0,0.0,112,960,92,-1337,-1922
110168,219829760,1,1,15,53.7185947,-1.3093326,102.333,1.483,-0.294,-0.289,0.000,0.0710,0.0490,1.0010,-13.10,1.69,-2.45,224.536,-4.057,0.717,1,1644,-1,9.2,1,0,1,47.0,0.0,112,960,92,-1883,27517
110233,219829840,1,1,15,53.7185945,-1.3093328,102.340,1.541,-0.324,-0.280,0.000,0.0580,-0.0680,1.0190,-14.59,2.19,-3.22,220.884,-3.258,-0.267,1,1644,-1,9.2,1,0,1,47.0,0.0,112,962,92,-1883,27517
110320,219829920,1,1,15,53.7185944,-1.3093330,102.335,1.102,-0.222,-0.211,0.000,0.0390,-0.1470,1.0390,-11.43,1.41,-3.83,223.538,-2.150,-1.268,1,1644,-1,9.2,1,0,1,47.0,0.0,112,962,92,-1883,27517
110384,219830000,1,1,15,53.7185943,-1.3093333,102.339,1.112,-0.167,-0.260,0.000,0.0590,-0.1710,1.0010,-5.72,0.45,-3.27,237.282,-3.373,-1.822,1,1667,-1,9.2,1,0,1,47.0,0.0,112,962,92,-1016,-10619
110470,219830080,1,1,15,53.7185943,-1.3093335,102.349,1.037,-0.125,-0.260,0.000,0.0680,-0.1650,0.9880,-0.40,0.20,-2.67,244.304,-3.937,-2.013,1,1667,-1,9.2,1,0,1,47.0,0.0,112,964,92,-1016,-10619
110535,219830160,1,1,16,53.7185942,-1.3093339,102.337,1.231,-0.110,-0.324,0.000,0.0980,-0.1090,0.9790,4.53,0.04,-2.80,251.268,-5.716,-1.701,1,1632,-1,9.2,1,0,1,47.0,0.0,112,964,92,621,-26749
110618,219830240,1,1,16,53.7185943,-1.3093344,102.347,1.458,-0.040,-0.403,0.000,0.0960,-0.0770,1.0150,8.47,0.79,-3.15,264.277,-5.403,-1.014,1,1632,-1,9.2,1,0,1,47.0,0.0,112,964,92,621,-26749
110683,219830320,1,1,16,53.7185944,-1.3093348,102.339,1.411,0.051,-0.389,0.000,0.0960,0.0370,1.0080,10.35,1.42,-3.11,277.414,-5.440,0.071,1,1699,-1,9.2,1,0,1,47.0,0.0,112,964,92,1550,-10625
110769,219830360,1,1,16,53.7185944,-1.3093350,102.337,1.444,0.074,-0.394,0.000,0.0700,0.0820,1.0080,9.55,1.28,-3.14,280.596,-3.972,0.662,1,1699,-1,9.2,1,0,1,47.0,0.0,112,966,92,1550,-10625
110835,219830440,1,1,16,53.7185944,-1.3093354,102.332,1.267,0.044,-0.349,0.000,0.0530,0.1530,0.9950,5.08,0.39,-3.03,277.145,-3.049,1.704,1,1699,-1,9.2,1,0,1,47.0,0.0,112,966,92,806,-29575
110919,219830520,1,1,16,53.7185943,-1.3093356,102.326,1.159,-0.055,-0.317,0.000,0.0710,0.1270,0.9740,-0.25,0.08,-3.25,260.215,-4.169,2.286,1,1699,-1,9.2,1,0,1,47.0,0.0,112,966,92,806,-29575
110986,219830600,1,1,16,53.7185941,-1.3093360,102.367,1.559,-0.146,-0.408,0.000,0.0930,0.1180,0.9770,-3.98,0.30,-2.92,250.258,-5.438,2.447,1,1644,-1,9.7,1,0,1,47.0,0.0,112,966,92,-646,-2437
111075,219830680,1,1,16,53.7185941,-1.3093363,102.347,1.228,-0.119,-0.319,0.000,0.0920,0.0930,0.9690,-6.96,0.35,-2.94,249.507,-5.424,2.343,1,1683,-1,9.7,1,0,1,47.0,0.0,112,969,97,-646,-18564
111139,219830760,1,1,16,53.7185940,-1.3093365,102.318,0.943,-0.148,-0.216,0.000,0.0750,0.0720,0.9860,-10.08,0.41,-2.97,235.682,-4.350,1.948,1,1683,-1,9.7,1,0,1,47.0,0.0,112,969,97,-1494,-18564
111225,219830840,1,1,16,53.7185938,-1.3093367,102.316,1.195,-0.228,-0.241,0.000,0.0790,0.0160,0.9790,-12.72,1.31,-3.11,226.648,-4.613,1.278,1,1660,-1,9.7,1,0,1,47.0,0.0,112,969,97,-1903,-18564
111289,219830920,1,1,16,53.7185935,-1.3093371,102.338,1.706,-0.330,-0.341,0.000,0.0370,-0.1000,1.0470,-11.45,1.61,-3.72,225.937,-2.024,0.373,1,1687,-1,9.7,1,0,1,47.0,0.0,112,971,97,-1903,-18564
111376,219831000,1,1,16,53.7185935,-1.3093374,102.349,1.228,-0.174,-0.293,0.000,0.0400,-0.1320,1.0260,-5.83,0.14,-3.78,239.229,-2.233,-0.216,1,1652,-1,9.7,1,0,1,47.0,0.0,112,971,97,-1301,10117
111443,219831040,1,1,16,53.7185935,-1.3093375,102.347,0.792,-0.094,-0.199,0.000,0.0420,-0.1420,1.0120,-3.14,-0.51,-3.52,244.728,-2.377,-0.370,1,1652,-1,9.7,1,0,1,48.0,0.0,112,971,97,-1301,-28028
111529,219831160,1,1,16,53.7185935,-1.3093379,102.342,1.015,-0.048,-0.278,0.000,0.0790,-0.0610,0.9860,4.29,-0.39,-2.52,260.197,-4.581,-0.093,1,1652,-1,9.7,1,0,1,48.0,0.0,112,973,97,-1301,-28028
111593,219831200,1,1,16,53.7185936,-1.3093381,102.343,1.260,-0.005,-0.350,0.000,0.0840,-0.0410,1.0010,5.61,0.26,-2.41,269.219,-4.797,0.208,1,1664,-1,9.7,1,0,1,48.0,0.0,112,973,97,1052,21889
111684,219831280,1,1,16,53.7185936,-1.3093386,102.347,1.426,0.050,-0.393,0.000,0.0600,0.0240,1.0420,6.01,1.27,-2.68,277.233,-3.296,0.933,1,1648,-1,9.5,1,0,1,48.0,0.0,113,973,97,865,21889
111747,219831360,1,1,16,53.7185936,-1.3093389,102.374,1.127,0.016,-0.313,0.000,0.0680,0.1300,0.9730,4.16,1.01,-2.96,272.892,-3.998,1.751,1,1648,-1,9.5,1,0,1,48.0,0.0,113,974,97,865,21889
111834,219831440,1,1,16,53.7185935,-1.3093391,102.388,0.940,-0.012,-0.261,0.000,0.0660,0.1230,0.9800,-0.64,0.23,-2.68,267.464,-3.853,2.235,1,1714,-1,9.5,1,0,1,48.0,0.0,113,974,97,-386,-14980
111903,219831520,1,1,16,53.7185935,-1.3093393,102.372,0.731,-0.049,-0.197,0.000,0.0990,0.1010,0.9700,-3.97,-0.08,-2.34,255.980,-5.828,2.413,1,1687,-1,9.5,1,0,1,48.0,0.0,112,974,97,-814,13435
111987,219831600,1,1,16,53.7185934,-1.3093395,102.358,1.055,-0.116,-0.269,0.000,0.1160,0.1060,0.9890,-6.17,0.34,-2.32,246.737,-6.690,2.327,1,1695,-1,9.5,1,0,1,48.0,0.0,112,976,97,-814,13435
112054,219831640,1,1,16,53.7185933,-1.3093396,102.362,0.882,-0.108,-0.220,0.000,0.1130,0.0960,0.9890,-7.56,0.56,-2.55,243.854,-6.518,2.221,1,1722,-1,9.5,1,0,1,48.0,0.0,112,976,95,-1189,-28549
112138,219831760,1,1,16,53.7185931,-1.3093401,102.381,1.292,-0.171,-0.316,0.000,0.0820,0.0980,0.9850,-12.78,1.04,-2.50,241.644,-4.759,1.527,1,1613,-1,8.8,1,0,1,48.0,0.0,112,976,95,-1189,-28549
112204,219831800,1,1,16,53.7185930,-1.3093402,102.384,1.238,-0.187,-0.289,0.000,0.0720,0.0930,1.0010,-14.75,1.24,-2.25,237.081,-4.114,1.149,1,1664,-1,8.8,1,0,1,48.0,0.0,112,976,95,-2319,-1669
112290,219831920,1,1,16,53.7185926,-1.3093405,102.360,1.433,-0.329,-0.224,0.000,0.0530,-0.0850,1.0200,-18.11,2.02,-2.85,214.304,-2.974,-0.643,1,1671,-1,8.8,1,0,1,48.0,0.0,112,978,88,-2809,-11645
112354,219831960,1,1,16,53.7185925,-1.3093406,102.355,1.480,-0.345,-0.224,0.000,0.0450,-0.1670,1.0530,-15.27,2.03,-3.62,213.030,-2.447,-1.284,1,1671,-1,8.8,1,0,1,48.0,0.0,112,978,88,-2809,-11645
112440,219832040,1,1,16,53.7185924,-1.3093409,102.366,1.256,-0.268,-0.223,0.000,0.0400,-0.2130,1.0340,-9.69,1.23,-4.66,219.782,-2.215,-2.313,1,1640,-1,8.8,1,0,1,48.0,0.0,112,978,88,-2809,-11645
112505,219832120,1,1,16,53.7185922,-1.3093412,102.393,1.249,-0.215,-0.272,0.000,0.0430,-0.1710,0.9960,-3.40,0.91,-4.69,231.660,-2.472,-2.760,1,1640,-1,8.8,1,0,1,48.0,0.0,113,978,88,-912,15237
112595,219832200,1,1,16,53.7185922,-1.3093415,102.407,0.968,-0.108,-0.246,0.000,0.0760,-0.1210,0.9730,1.05,1.08,-4.62,246.219,-4.466,-2.691,1,1671,-1,8.8,1,0,1,48.0,0.0,113,978,88,-912,15237
112660,219832280,1,1,16,53.7185925,-1.3093418,102.389,1.213,0.083,-0.327,0.000,0.0810,-0.0960,1.0010,3.51,1.69,-5.56,284.209,-4.626,-2.353,1,1656,-1,8.8,1,0,1,48.0,0.0,112,978,88,-912,15237
112748,219832360,1,1,16,53.7185926,-1.3093422,102.403,1.465,0.141,-0.382,0.000,0.0860,-0.0160,1.0140,4.97,1.80,-6.02,290.214,-4.848,-1.733,1,1656,-1,8.8,1,0,1,48.0,0.0,112,981,88,313,-14975
112811,219832440,1,1,16,53.7185925,-1.3093425,102.420,1.109,0.076,-0.298,0.000,0.0600,0.0330,0.9890,3.80,1.17,-4.40,284.294,-3.472,-1.066,1,1656,-1,8.8,1,0,1,48.0,0.0,112,981,88,313,10623
112897,219832520,1,1,16,53.7185925,-1.3093428,102.427,1.094,0.015,-0.304,0.000,0.0610,0.0800,0.9750,1.61,1.09,-1.30,272.782,-3.580,-0.436,1,1707,-1,8.8,1,0,1,48.0,0.0,112,981,88,313,10623
112961,219832600,1,1,16,53.7185925,-1.3093430,102.414,0.864,-0.006,-0.240,0.000,0.0600,0.0440,1.0040,-1.14,1.33,0.37,268.607,-3.420,-0.073,1,1664,-1,8.2,1,0,1,48.0,0.0,112,981,88,210,31613
113048,219832640,1,1,16,53.7185925,-1.3093432,102.413,0.947,-0.001,-0.263,0.000,0.0370,0.0030,1.0460,-2.18,1.31,0.29,269.678,-2.026,-0.028,1,1656,-1,8.2,1,0,1,48.0,0.0,112,983,88,210,31613
113115,219832720,1,1,16,53.7185925,-1.3093434,102.421,0.842,0.000,-0.234,0.000,0.0480,0.0160,1.0270,-2.12,0.82,-0.14,270.118,-2.676,0.068,1,1652,-1,8.2,1,0,1,48.0,0.0,112,983,82,210,31613
113200,219832840,1,1,16,53.7185925,-1.3093437,102.425,0.673,-0.010,-0.187,0.000,0.0210,0.0190,0.9900,-2.49,0.49,1.73,267.048,-1.215,0.268,1,1640,-1,8.2,1,0,1,48.0,0.0,113,983,82,210,31613
113268,219832880,1,1,16,53.7185924,-1.3093437,102.423,0.644,-0.042,-0.174,0.000,0.0070,0.0200,0.9940,-2.60,0.41,1.99,256.307,-0.403,0.309,1,1617,1,8.2,1,0,1,48.0,0.0,113,983,82,327,25214
113352,219832960,1,1,16,53.7185924,-1.3093438,102.432,0.450,-0.048,-0.115,0.000,-0.0160,0.0080,1.0020,-2.78,0.18,1.41,247.416,0.915,0.360,1,1617,1,8.2,1,0,1,48.0,0.0,113,983,82,327,25214
113417,219833040,1,1,16,53.7185924,-1.3093438,102.442,0.169,-0.018,-0.043,0.000,0.0030,0.0160,0.9840,-2.63,0.33,1.02,247.416,-0.175,0.407,1,1472,1,8.2,1,0,1,48.0,0.0,113,983,82,327,25214
113505,219833120,1,1,16,53.7185924,-1.3093437,102.434,0.122,-0.013,-0.031,0.000,-0.0250,0.0100,1.0470,-2.68,1.16,0.53,247.416,1.368,0.468,1,1472,1,8.2,1,0,1,48.0,0.0,112,985,82,34,-387
113568,219833200,1,1,16,53.7185924,-1.3093435,102.427,0.317,-0.034,-0.081,0.000,-0.0360,-0.0060,1.0540,-3.48,1.43,-0.19,247.416,1.956,0.433,1,1441,1,0.0,1,0,1,48.0,0.0,112,985,82,34,-387
113653,219833280,1,1,16,53.7185925,-1.3093433,102.429,0.497,-0.053,-0.127,0.000,-0.0300,-0.0010,1.0310,-3.41,1.24,-0.71,247.416,1.667,0.384,1,1441,1,0.0,1,0,1,48.0,0.0,112,985,82,-148,126
113719,219833320,1,1,16,53.7185926,-1.3093432,102.420,0.497,0.088,-0.107,0.000,-0.0360,-0.0050,1.0430,-3.75,1.33,-1.05,309.411,1.977,0.349,1,1441,1,0.0,1,0,1,48.0,0.0,112,985,82,-148,126
113805,219833440,1,1,16,53.7185926,-1.3093425,102.423,1.076,0.060,0.293,0.000,-0.0250,-0.0080,1.0450,-4.00,1.23,-1.89,78.382,1.370,0.203,1,1441,1,0.0,1,0,1,48.0,0.0,112,986,82,-358,-7041
113869,219833480,1,1,16,53.7185926,-1.3093424,102.445,0.918,0.030,0.253,0.000,-0.0270,-0.0240,1.0540,-4.16,1.22,-2.24,83.203,1.467,0.135,1,1488,1,0.0,1,0,1,48.0,0.0,112,986,0,-358,-7041
113957,219833560,1,1,16,53.7185927,-1.3093420,102.446,1.148,0.039,0.317,0.000,0.0200,-0.0090,0.9780,-3.74,0.87,-2.79,83.009,-1.172,0.040,1,1488,1,0.0,1,0,1,48.0,0.0,112,986,0,-501,25728
114020,219833640,1,1,16,53.7185928,-1.3093414,102.438,1.462,0.085,0.397,0.000,-0.0040,-0.0080,0.9990,-3.19,0.62,-3.50,77.901,0.229,0.024,1,1402,1,0.0,1,0,1,48.0,0.0,112,986,0,-501,25728
114108,219833720,1,1,16,53.7185929,-1.3093408,102.434,1.652,0.125,0.442,0.000,0.0040,0.0160,0.9840,-2.65,0.77,-4.06,74.159,-0.233,0.087,1,1402,1,0.0,1,0,1,48.0,0.0,112,988,0,-652,-21121
114173,219833800,1,1,16,53.7185930,-1.3093402,102.442,1.757,0.124,0.472,0.000,-0.0450,0.0060,1.0290,-3.11,0.86,-4.79,75.234,2.504,0.118,1,1402,1,5.0,1,0,1,48.0,0.0,112,988,50,-708,22653
114257,219833880,1,1,16,53.7185930,-1.3093394,102.474,2.128,0.080,0.586,0.000,-0.0220,0.0140,1.0130,-3.45,0.34,-5.48,82.257,1.244,0.133,1,1375,1,9.2,1,0,1,48.0,0.0,111,988,50,-708,22653
114325,219833920,1,1,16,53.7185931,-1.3093390,102.478,2.412,0.103,0.662,0.000,-0.0080,0.0210,1.0030,-3.68,0.34,-5.84,81.132,0.457,0.135,1,1375,1,9.6,1,0,1,48.0,0.0,112,991,50,-817,22653
114410,219834040,1,1,16,53.7185932,-1.3093376,102.492,2.560,0.076,0.707,0.000,0.0210,0.0600,0.9830,-5.68,0.10,-6.62,83.903,-1.224,0.080,1,1429,1,14.8,1,0,1,48.0,0.0,112,991,148,-817,22653
114476,219834080,1,1,16,53.7185932,-1.3093371,102.480,2.646,0.057,0.733,0.000,0.0150,0.0630,0.9740,-6.30,0.03,-6.70,85.590,-0.882,0.030,1,1425,1,14.8,1,0,1,48.0,0.0,112,991,148,-1399,14462
114573,219834200,1,1,16,53.7185934,-1.3093355,102.476,3.233,0.088,0.894,0.000,-0.0110,0.0080,0.9460,-8.05,1.40,-7.69,84.355,0.666,-0.417,1,1410,1,20.7,1,0,1,48.0,0.0,112,995,207,-1651,10111
114638,219834240,1,1,16,53.7185934,-1.3093349,102.473,3.366,0.088,0.931,0.000,0.0130,-0.0050,0.9250,-8.02,2.11,-8.15,84.584,-0.805,-0.604,1,1410,1,20.7,1,0,1,48.0,0.0,112,995,207,-1970,-28544
114725,219834320,1,1,15,53.7185933,-1.3093337,102.465,3.402,-0.043,0.944,0.000,0.0100,-0.0150,0.9930,-7.93,2.51,-9.19,92.590,-0.577,-0.992,1,1410,1,20.7,1,0,1,48.0,0.0,112,999,207,-1998,16256
114791,219834400,1,1,16,53.7185934,-1.3093324,102.459,3.748,0.013,1.041,0.000,0.0010,-0.0040,1.0260,-7.27,1.29,-9.61,89.289,-0.056,-1.291,1,1421,1,25.9,1,0,1,48.0,0.0,112,999,3,-1998,16256
114878,219834480,1,1,16,53.7185936,-1.3093309,102.483,4.122,0.105,1.140,0.000,0.0100,0.0080,0.9920,-7.00,0.64,-10.11,84.714,-0.578,-1.536,1,1394,1,29.8,1,0,1,48.0,0.0,111,999,3,-2062,15488
114946,219834560,1,1,15,53.7185936,-1.3093295,102.453,4.025,0.060,1.116,0.000,-0.0050,-0.0030,1.0100,-7.52,1.54,-10.63,86.923,0.284,-1.806,1,1429,1,29.8,1,0,1,48.0,0.0,111,1005,3,-2249,24958
115031,219834640,1,1,15,53.7185936,-1.3093279,102.460,4.518,-0.024,1.255,0.000,0.0160,-0.0030,0.9890,-7.85,2.05,-10.98,91.086,-0.927,-2.102,1,1429,1,32.1,1,0,1,48.0,0.0,111,1005,65,-2465,24958
115098,219834720,1,1,15,53.7185937,-1.3093263,102.477,4.547,0.025,1.263,0.000,0.0100,-0.0190,0.9770,-8.03,1.12,-11.77,88.871,-0.586,-2.445,1,1417,1,35.0,1,0,1,48.0,0.0,111,1005,65,-2342,-32386
115187,219834800,1,1,15,53.7185936,-1.3093247,102.449,4.604,-0.044,1.278,0.000,0.0010,-0.0240,1.0150,-7.77,1.21,-12.64,91.986,-0.056,-2.753,1,1437,1,35.0,1,0,1,48.0,0.0,111,1012,65,-2526,23934
115251,219834880,1,1,15,53.7185937,-1.3093229,102.454,5.072,-0.014,1.409,0.000,0.0060,-0.0100,1.0150,-8.18,2.03,-13.26,90.567,-0.339,-3.071,1,1437,1,36.8,1,0,1,48.0,0.0,111,1012,112,-2647,23934
115337,219834920,1,1,15,53.7185937,-1.3093219,102.464,5.188,-0.021,1.441,0.000,-0.0310,-0.0230,1.0500,-8.71,1.73,-13.54,90.826,1.691,-3.251,1,1441,1,40.1,1,0,1,48.0,0.0,111,1012,112,-2647,21118
115406,219835040,1,1,16,53.7185935,-1.3093193,102.448,5.112,-0.095,1.417,0.000,-0.0230,-0.0450,1.0520,-8.95,1.76,-14.90,93.836,1.252,-3.858,1,1464,1,41.8,1,0,1,48.0,0.0,111,1020,162,-2739,2689
115491,219835120,1,1,16,53.7185935,-1.3093173,102.440,5.476,-0.095,1.518,0.000,0.0450,-0.0530,1.0100,-8.56,0.64,-15.54,93.575,-2.551,-4.264,1,1449,1,41.8,1,0,1,48.0,0.0,111,1020,162,-2798,-23425
115556,219835200,1,1,16,53.7185935,-1.3093153,102.489,5.875,-0.088,1.630,0.000,0.0230,-0.1230,0.9850,-6.06,-0.65,-15.99,93.103,-1.338,-4.603,1,1429,1,41.8,1,0,1,48.0,0.0,112,1020,162,-3038,8835
115642,219835240,1,1,16,53.7185934,-1.3093142,102.491,5.940,-0.141,1.644,0.000,0.0530,-0.1160,0.8990,-3.70,0.56,-16.51,94.890,-3.374,-4.677,1,1429,1,41.8,1,0,1,48.0,0.0,112,1029,162,-2339,27524
115707,219835320,1,1,16,53.7185933,-1.3093122,102.443,6.005,-0.181,1.658,0.000,0.0110,-0.0890,0.9660,0.01,2.99,-17.08,96.245,-0.652,-4.537,1,1433,1,41.8,1,0,1,48.0,0.0,112,1029,219,-1953,-18814
115793,219835400,1,1,16,53.7185934,-1.3093102,102.446,5.634,-0.075,1.563,0.000,0.0440,-0.0130,0.9570,0.93,3.83,-17.42,92.760,-2.632,-4.126,1,1406,1,41.8,1,0,1,48.0,0.0,112,1029,219,-1819,-15488
115860,219835480,1,1,15,53.7185933,-1.3093081,102.438,6.160,-0.121,1.707,0.000,0.0200,0.0060,1.0320,0.00,3.15,-17.20,94.055,-1.110,-3.694,1,1425,1,47.9,1,0,1,48.0,0.0,111,1041,219,-1819,-15488
115945,219835560,1,1,15,53.7185930,-1.3093059,102.444,6.415,-0.251,1.764,0.000,0.0310,-0.0030,0.9980,0.53,1.98,-17.11,98.098,-1.779,-3.292,1,1457,1,50.2,1,0,1,48.0,0.0,111,1041,246,-1972,-17025
116009,219835640,1,1,16,53.7185929,-1.3093036,102.443,6.584,-0.266,1.809,0.000,-0.0200,-0.0310,1.0510,1.17,1.37,-17.54,98.376,1.090,-2.896,1,1457,1,50.2,1,0,1,48.0,0.0,111,1041,246,-1682,-17025
116095,219835720,1,1,15,53.7185927,-1.3093013,102.416,6.714,-0.296,1.841,0.000,0.0630,0.0230,1.0160,1.46,1.78,-17.56,99.121,-3.548,-2.355,1,1468,1,52.3,1,0,1,48.0,0.0,112,1041,246,-1648,20349
116160,219835760,1,1,15,53.7185926,-1.3093002,102.417,6.635,-0.322,1.815,0.000,0.0140,0.0090,1.0910,1.22,2.24,-17.50,100.070,-0.735,-2.125,1,1468,1,52.3,1,0,1,48.0,0.0,112,1051,246,-1648,20349
116245,219835880,1,1,15,53.7185921,-1.3092969,102.420,6.523,-0.410,1.765,0.000,0.0440,0.0580,1.0700,0.44,-1.94,-16.39,103.093,-2.355,-1.417,1,1445,1,53.1,1,0,1,48.0,0.0,112,1051,19,-1516,-17793
116310,219835920,1,1,16,53.7185919,-1.3092958,102.420,6.764,-0.494,1.813,0.000,0.0700,0.0680,1.0140,-0.53,-2.33,-15.92,105.255,-3.949,-1.208,1,1445,1,53.1,1,0,1,48.0,0.0,112,1051,19,-1712,2175
116398,219836000,1,1,15,53.7185916,-1.3092936,102.422,6.530,-0.492,1.746,0.000,0.1290,0.0390,0.9230,-2.61,-1.19,-15.72,105.753,-7.956,-0.941,1,1566,1,53.1,1,0,1,48.0,0.0,112,1051,19,-1936,-642
116463,219836080,1,1,16,53.7185912,-1.3092915,102.412,6.210,-0.528,1.642,0.000,0.1400,-0.0040,0.9630,-2.96,0.75,-16.25,107.827,-8.272,-0.880,1,1460,1,53.1,1,0,1,48.0,0.0,112,1064,19,-2378,20864
116549,219836160,1,1,16,53.7185908,-1.3092895,102.391,6.192,-0.594,1.614,0.000,0.1040,0.0130,1.0750,-1.85,0.20,-15.87,110.202,-5.526,-0.732,1,1460,1,50.9,1,0,1,48.0,0.0,112,1064,253,-2378,20864
116613,219836240,1,1,16,53.7185904,-1.3092876,102.416,6.120,-0.609,1.587,0.000,0.1460,0.0470,1.0790,-2.28,-1.56,-14.51,110.998,-7.706,-0.537,1,1460,1,50.9,1,0,1,48.0,0.0,112,1064,253,-1908,-19840
116702,219836320,1,1,16,53.7185900,-1.3092857,102.408,5.706,-0.579,1.475,0.000,0.2540,0.0210,0.9760,-2.69,-0.98,-12.53,111.425,-14.587,-0.391,1,1460,1,50.9,1,0,1,48.0,0.0,112,1074,253,-1908,-19840
116767,219836360,1,1,16,53.7185899,-1.3092848,102.403,5.263,-0.531,1.362,0.000,0.2680,-0.0050,0.9440,-2.47,0.09,-12.11,111.277,-15.849,-0.360,1,1617,1,46.7,1,0,1,48.0,0.0,112,1074,253,-1648,-29311
116852,219836480,1,1,16,53.7185894,-1.3092825,102.383,4.907,-0.573,1.237,0.000,0.2310,0.0060,0.9920,-1.05,-0.15,-11.39,114.867,-13.108,-0.187,1,1593,1,46.7,1,0,1,48.0,0.0,112,1074,253,-1399,27777
116918,219836520,1,1,16,53.7185891,-1.3092818,102.362,4.882,-0.616,1.208,0.000,0.2260,0.0140,1.0080,-1.05,-1.11,-10.94,117.004,-12.637,-0.083,1,1593,1,41.1,1,0,1,48.0,0.0,112,1084,253,-1399,27777
117006,219836600,1,1,16,53.7185889,-1.3092805,102.384,3.938,-0.474,0.986,0.000,0.2820,0.0350,0.9530,-1.33,-1.33,-9.61,115.660,-16.484,0.143,1,1640,1,34.9,1,0,1,48.0,0.0,112,1084,93,-1030,4993
117071,219836680,1,1,16,53.7185888,-1.3092795,102.362,3.186,-0.300,0.833,0.000,0.2760,0.0250,1.0210,-1.58,-0.31,-7.86,109.785,-15.127,0.319,1,1554,1,34.9,1,0,1,48.0,0.0,112,1084,93,-814,29313
117159,219836760,1,1,16,53.7185886,-1.3092786,102.381,2.858,-0.336,0.720,0.000,0.3000,0.0000,1.0060,-1.41,-0.31,-6.58,115.014,-16.605,0.454,1,1554,1,31.7,1,0,1,48.0,0.0,110,1089,93,-814,29313
117222,219836840,1,1,16,53.7185883,-1.3092777,102.376,2.596,-0.359,0.625,0.000,0.3190,0.0080,0.9610,-1.47,-0.82,-5.36,119.902,-18.363,0.593,1,1554,1,31.7,1,0,1,48.0,0.0,110,1089,93,-613,6529
117308,219836920,1,1,15,53.7185884,-1.3092771,102.355,1.660,-0.189,0.420,0.000,0.3120,0.0000,0.9880,-1.40,-0.76,-3.76,114.202,-17.526,0.712,1,1554,-1,27.5,1,0,1,48.0,0.0,110,1089,19,-613,6529
117373,219837000,1,1,15,53.7185883,-1.3092768,102.345,1.084,-0.131,0.271,0.000,0.3320,-0.0230,0.9820,-0.50,-0.28,-2.21,115.737,-18.680,0.833,1,1554,-1,27.5,1,0,1,48.0,0.0,110,1089,19,-221,-27006
117458,219837080,1,1,15,53.7185883,-1.3092765,102.346,0.677,-0.079,0.170,0.000,0.3600,-0.0210,0.9410,1.11,0.28,-0.44,114.924,-20.935,1.051,1,1554,-1,27.5,1,0,1,48.0,0.0,110,1091,19,-221,-27006
117523,219837160,1,1,16,53.7185885,-1.3092765,102.344,0.508,0.076,0.119,0.000,0.2840,0.0070,0.9520,2.62,2.45,0.54,57.429,-16.611,1.433,1,1562,-1,0.0,1,0,1,48.0,0.0,110,1091,0,627,-22911
117635,219837240,1,1,16,53.7185887,-1.3092766,102.332,0.785,0.206,-0.073,0.000,0.1650,0.0650,0.9980,2.71,5.00,1.17,340.555,-9.388,1.949,1,1589,-1,0.0,1,0,1,48.0,0.0,110,1091,0,775,23164
117720,219837320,1,1,16,53.7185888,-1.3092767,102.345,0.655,0.146,-0.109,0.000,0.1120,0.0980,1.0360,0.32,5.38,2.05,323.314,-6.170,2.389,1,1589,-1,0.0,1,0,1,48.0,0.0,110,1091,0,775,23164
117787,219837400,1,1,16,53.7185888,-1.3092769,102.335,0.742,0.116,-0.170,0.000,0.1080,0.1040,1.0020,-2.53,4.32,2.91,304.152,-6.152,2.636,1,1578,-1,0.0,1,0,1,48.0,0.0,110,1091,0,560,24700
117875,219837480,1,1,16,53.7185889,-1.3092770,102.330,0.799,0.088,-0.204,0.000,0.0780,0.1050,1.0010,-5.68,2.59,3.91,293.269,-4.456,2.642,1,1652,-1,0.0,1,0,1,48.0,0.0,110,1091,0,-78,31868
117941,219837560,1,1,16,53.7185888,-1.3092772,102.335,0.857,0.002,-0.238,0.000,0.0840,0.1270,0.9850,-9.43,1.54,4.91,270.437,-4.874,2.408,1,1582,-1,0.0,1,0,1,48.0,0.0,110,1092,0,-834,31868
118028,219837640,1,1,16,53.7185887,-1.3092776,102.345,1.166,-0.075,-0.315,0.000,0.0880,0.1180,0.9700,-14.02,0.76,5.79,256.700,-5.184,1.842,1,1582,-1,0.0,1,0,1,48.0,0.0,110,1092,0,-834,-27781
118093,219837720,1,1,16,53.7185886,-1.3092780,102.338,1.346,-0.137,-0.348,0.000,0.0950,0.0420,0.9760,-18.34,0.45,5.28,248.458,-5.559,0.808,1,1589,-1,0.0,1,0,1,48.0,0.0,110,1092,0,-1326,-14723
118177,219837800,1,1,16,53.7185885,-1.3092782,102.327,1.213,-0.153,-0.300,0.000,0.0780,-0.0760,1.0230,-19.31,0.91,3.07,242.939,-4.360,-0.572,1,1527,-1,0.0,1,0,1,48.0,0.0,110,1093,0,-2135,-14723
118246,219837880,1,1,16,53.7185885,-1.3092785,102.310,1.087,-0.050,-0.298,0.000,0.0820,-0.1540,1.0080,-15.81,1.10,0.28,260.495,-4.651,-1.936,1,1554,-1,0.0,1,0,1,48.0,0.0,110,1093,0,-2138,10113
118331,219837920,1,1,16,53.7185886,-1.3092786,102.312,0.929,-0.019,-0.257,0.000,0.0740,-0.1670,1.0030,-13.37,0.96,-0.21,265.886,-4.220,-2.485,1,1609,-1,0.0,1,0,1,48.0,0.0,110,1093,0,-1564,9091
118396,219838000,1,1,16,53.7185887,-1.3092789,102.310,0.979,0.063,-0.265,0.000,0.0790,-0.1590,0.9910,-8.75,0.98,0.22,283.317,-4.558,-3.220,1,1609,-1,4.0,1,0,1,48.0,0.0,110,1095,0,-862,-15227
118483,219838120,1,1,16,53.7185887,-1.3092793,102.311,0.839,0.063,-0.224,0.000,0.0940,-0.1700,0.9890,-1.62,0.76,0.28,285.685,-5.429,-3.692,1,1550,-1,5.9,1,0,1,48.0,0.0,110,1095,59,453,-1148
118548,219838160,1,1,16,53.7185888,-1.3092793,102.306,0.763,0.068,-0.201,0.000,0.1060,-0.1570,0.9840,0.26,0.67,-0.15,288.713,-6.148,-3.664,1,1554,-1,5.9,1,0,1,48.0,0.0,111,1095,59,453,-1148
118636,219838240,1,1,16,53.7185890,-1.3092795,102.292,1.112,0.209,-0.227,0.000,0.1040,-0.1400,0.9930,3.40,0.97,-0.98,312.594,-5.979,-3.387,1,1609,-1,5.9,1,0,1,48.0,0.0,110,1097,59,739,-29822
118699,219838320,1,1,16,53.7185893,-1.3092797,102.295,1.418,0.316,-0.236,0.000,0.0710,-0.1110,0.9970,7.05,1.64,-1.40,323.236,-4.073,-2.802,1,1562,-1,5.9,1,0,1,48.0,0.0,110,1097,59,739,-29822
118784,219838400,1,1,16,53.7185896,-1.3092798,102.297,1.271,0.317,-0.156,0.000,0.0570,0.0090,0.9920,8.24,2.07,-0.38,333.796,-3.289,-1.856,1,1562,-1,5.9,1,0,1,48.0,0.0,110,1097,59,1779,-11647
118848,219838480,1,1,16,53.7185897,-1.3092799,102.274,0.724,0.165,-0.115,0.000,0.0480,0.0780,1.0230,4.18,1.25,0.36,324.988,-2.686,-0.959,1,1617,-1,6.5,1,0,1,48.0,0.0,111,1097,59,1779,-11647
118934,219838560,1,1,16,53.7185897,-1.3092800,102.275,0.637,0.098,-0.147,0.000,0.0540,0.0750,1.0050,-0.73,0.21,-0.36,303.634,-3.076,-0.471,1,1617,-1,6.8,1,0,1,48.0,0.0,110,1098,59,613,31099
118998,219838600,1,1,16,53.7185898,-1.3092801,102.277,0.720,0.091,-0.178,0.000,0.0670,0.0830,0.9820,-3.01,0.29,-0.64,297.221,-3.903,-0.357,1,1578,-1,6.8,1,0,1,48.0,0.0,110,1098,68,613,31099
119085,219838720,1,1,16,53.7185898,-1.3092805,102.260,0.965,0.034,-0.266,0.000,0.0960,0.0550,0.9870,-9.55,1.27,-0.61,277.378,-5.555,-0.614,1,1613,-1,6.8,1,0,1,48.0,0.0,110,1098,68,-839,31099
119149,219838760,1,1,16,53.7185899,-1.3092806,102.253,0.900,0.018,-0.249,0.000,0.0980,0.0300,0.9890,-11.07,1.53,-0.62,274.143,-5.659,-0.876,1,1582,-1,6.8,1,0,1,48.0,0.0,110,1098,68,-839,31099
119237,219838840,1,1,16,53.7185898,-1.3092809,102.240,1.141,-0.051,-0.313,0.000,0.0910,-0.0450,1.0030,-12.83,2.28,-1.31,260.770,-5.184,-1.625,1,1582,-1,6.8,1,0,1,48.0,0.0,110,1098,68,-1659,25214
119302,219838880,1,1,16,53.7185898,-1.3092811,102.235,1.102,-0.042,-0.303,0.000,0.0930,-0.1050,1.0050,-12.48,2.13,-1.96,262.116,-5.287,-2.075,1,1593,-1,6.8,1,0,1,48.0,0.0,110,1098,68,-1659,25214
119390,219839000,1,1,16,53.7185899,-1.3092816,102.254,1.120,0.041,-0.308,0.000,0.0900,-0.1570,1.0040,-7.94,1.04,-2.08,277.660,-5.122,-3.160,1,1593,-1,6.8,1,0,1,48.0,0.0,110,1098,68,-1139,5251
119455,219839080,1,1,16,53.7185901,-1.3092817,102.236,0.835,0.097,-0.211,0.000,0.0840,-0.1520,0.9960,-3.95,0.40,-1.55,294.770,-4.821,-3.513,1,1566,-1,6.8,1,0,1,48.0,0.0,110,1098,68,-478,5251
119541,219839160,1,1,16,53.7185902,-1.3092820,102.230,1.008,0.158,-0.231,0.000,0.0920,-0.1390,0.9750,0.27,0.09,-1.58,304.390,-5.390,-3.509,1,1550,-1,6.8,1,0,1,48.0,0.0,110,1098,68,-478,5251
119604,219839200,1,1,16,53.7185904,-1.3092820,102.223,1.116,0.209,-0.229,0.000,0.1030,-0.1320,0.9690,1.89,0.24,-1.59,312.301,-6.067,-3.394,1,1550,-1,6.8,1,0,1,48.0,0.0,110,1098,68,593,17283
119693,219839320,1,1,16,53.7185907,-1.3092823,102.221,1.364,0.301,-0.231,0.000,0.0900,-0.0940,1.0120,6.46,1.23,-2.03,322.455,-5.082,-2.627,1,1593,-1,6.8,1,0,1,48.0,0.0,110,1103,68,1346,17283
119758,219839360,1,1,16,53.7185909,-1.3092824,102.226,1.483,0.324,-0.255,0.000,0.0830,-0.0490,1.0020,7.31,1.46,-1.88,321.825,-4.735,-2.219,1,1613,-1,6.8,1,0,1,48.0,0.0,110,1103,68,1346,17283
119844,219839440,1,1,16,53.7185911,-1.3092826,102.220,1.325,0.309,-0.200,0.000,0.0620,0.0540,1.0090,6.26,1.16,-1.32,327.127,-3.516,-1.294,1,1613,-1,7.9,1,0,1,48.0,0.0,110,1103,79,1276,-18820
119911,219839520,1,1,16,53.7185912,-1.3092827,102.200,0.936,0.207,-0.157,0.000,0.0550,0.0950,1.0160,0.91,-0.05,-0.95,322.833,-3.099,-0.592,1,1589,-1,7.9,1,0,1,48.0,0.0,111,1103,79,1276,-18820
119995,219839600,1,1,16,53.7185913,-1.3092830,102.208,1.256,0.153,-0.313,0.000,0.0820,0.0770,0.9860,-4.07,-0.19,-1.12,296.090,-4.754,-0.354,1,1589,-1,7.9,1,0,1,48.0,0.0,111,1105,79,-327,2939
120062,219839680,1,1,16,53.7185914,-1.3092833,102.207,1.256,0.113,-0.330,0.000,0.0990,0.0450,0.9850,-7.82,0.75,-1.65,288.977,-5.739,-0.526,1,1593,-1,7.9,1,0,1,48.0,0.0,111,1105,79,-327,2939
120148,219839760,1,1,16,53.7185914,-1.3092836,102.194,1.310,0.075,-0.356,0.000,0.0980,0.0170,1.0040,-10.46,1.32,-1.75,281.938,-5.575,-0.967,1,1617,-1,7.9,1,0,1,48.0,0.0,110,1105,79,-327,2939
120211,219839840,1,1,16,53.7185914,-1.3092839,102.185,1.094,0.036,-0.302,0.000,0.0880,-0.0540,1.0050,-11.35,1.41,-2.37,276.874,-5.004,-1.630,1,1617,-1,8.5,1,0,1,48.0,0.0,110,1105,79,-1494,-21889
120298,219839920,1,1,16,53.7185914,-1.3092841,102.197,1.116,0.053,-0.306,0.000,0.0730,-0.1450,0.9910,-9.15,1.74,-3.59,279.768,-4.213,-2.365,1,1527,-1,8.5,1,0,1,48.0,0.0,110,1105,85,-1494,-21889
120363,219839960,1,1,16,53.7185915,-1.3092843,102.206,1.256,0.085,-0.338,0.000,0.0570,-0.1500,1.0020,-6.51,1.57,-3.49,284.153,-3.256,-2.618,1,1527,-1,8.5,1,0,1,48.0,0.0,110,1105,85,-1035,18820
120459,219840080,1,1,16,53.7185917,-1.3092847,102.209,1.148,0.156,-0.278,0.000,0.0760,-0.1390,0.9960,-0.18,0.45,-2.20,299.318,-4.364,-2.837,1,1546,-1,8.5,1,0,1,48.0,0.0,110,1105,85,-1035,18820
120525,219840160,1,1,16,53.7185919,-1.3092849,102.208,1.231,0.238,-0.245,0.000,0.1100,-0.1030,0.9870,2.99,0.81,-2.03,314.170,-6.359,-2.549,1,1546,-1,8.5,1,0,1,48.0,0.0,110,1105,85,492,3202
120610,219840200,1,1,16,53.7185921,-1.3092849,102.202,1.404,0.311,-0.235,0.000,0.1090,-0.0930,1.0050,3.97,1.25,-2.23,322.905,-6.190,-2.322,1,1550,-1,8.6,1,0,1,48.0,0.0,110,1105,85,492,3202
120677,219840280,1,1,16,53.7185924,-1.3092852,102.200,1.678,0.393,-0.250,0.000,0.0950,-0.0610,1.0050,5.58,2.05,-2.43,327.591,-5.400,-1.733,1,1523,-1,8.6,1,0,1,48.0,0.0,110,1110,86,870,11905
120763,219840400,1,1,16,53.7185926,-1.3092855,102.182,1.210,0.238,-0.237,0.000,0.0330,0.0630,1.0240,3.94,0.94,-1.59,315.076,-1.846,-0.550,1,1523,-1,8.6,1,0,1,48.0,0.0,110,1110,86,691,-30084
120830,219840440,1,1,16,53.7185927,-1.3092856,102.192,1.235,0.220,-0.263,0.000,0.0300,0.0670,1.0220,1.81,0.24,-1.43,309.866,-1.681,-0.268,1,1652,-1,8.7,1,0,1,50.0,0.0,110,1110,86,691,-30084
120915,219840520,1,1,16,53.7185928,-1.3092858,102.182,1.091,0.184,-0.241,0.000,0.0620,0.0490,1.0170,-2.39,-0.10,-1.61,307.334,-3.489,0.009,1,1652,-1,8.7,1,0,1,50.0,0.0,110,1112,86,-193,7547
120981,219840600,1,1,15,53.7185930,-1.3092861,102.181,1.195,0.178,-0.280,0.000,0.0790,0.0480,1.0090,-5.13,0.68,-1.90,302.365,-4.477,0.009,1,1531,-1,9.6,1,0,1,50.0,0.0,110,1112,96,-193,7547
121069,219840680,1,1,15,53.7185931,-1.3092862,102.161,0.814,0.104,-0.201,0.000,0.0870,0.0570,0.9670,-7.37,0.83,-1.73,297.310,-5.141,-0.149,1,1531,-1,9.6,1,0,1,50.0,0.0,110,1112,96,-895,-10883
121133,219840720,1,1,15,53.7185931,-1.3092864,102.154,1.069,0.085,-0.285,0.000,0.0750,0.0440,0.9910,-9.38,1.14,-1.73,286.597,-4.328,-0.338,1,1531,-1,9.6,1,0,1,50.0,0.0,110,1114,96,-1144,-5764
121222,219840840,1,1,16,53.7185931,-1.3092871,102.158,1.649,0.007,-0.458,0.000,0.0790,-0.0320,1.0080,-12.99,1.64,-3.03,270.862,-4.481,-1.329,1,1550,-1,9.6,1,0,1,50.0,0.0,110,1114,96,-1144,-5764
121288,219840920,1,1,16,53.7185932,-1.3092875,102.161,1.444,0.071,-0.395,0.000,0.0870,-0.1290,1.0020,-10.95,1.72,-4.04,280.247,-4.962,-2.177,1,1527,-1,9.6,1,0,1,50.0,0.0,110,1114,96,-1144,-5764
121373,219841000,1,1,16,53.7185934,-1.3092877,102.153,1.094,0.100,-0.287,0.000,0.0710,-0.1420,0.9870,-6.45,1.20,-3.54,289.242,-4.114,-2.744,1,1527,-1,9.6,1,0,1,50.0,0.0,110,1116,96,-1340,-24445
121439,219841040,1,1,16,53.7185934,-1.3092878,102.153,1.127,0.126,-0.287,0.000,0.0720,-0.1350,0.9770,-4.41,0.73,-3.19,293.662,-4.215,-2.894,1,1562,-1,9.6,1,0,1,50.0,0.0,110,1116,96,-1340,-24445
121524,219841120,1,1,16,53.7185937,-1.3092881,102.154,1.433,0.251,-0.309,0.000,0.1020,-0.1150,0.9860,-0.53,0.35,-2.72,309.149,-5.906,-2.939,1,1566,-1,9.6,1,0,1,50.0,0.0,110,1116,96,3,27009
121591,219841200,1,1,16,53.7185939,-1.3092883,102.149,1.368,0.259,-0.278,0.000,0.1060,-0.1030,0.9930,2.05,1.06,-2.85,312.902,-6.093,-2.694,1,1566,-1,9.6,1,0,1,50.0,0.0,111,1119,96,3,27009
121679,219841280,1,1,15,53.7185942,-1.3092885,102.139,1.264,0.269,-0.226,0.000,0.0790,-0.0870,1.0110,4.03,1.88,-3.26,319.986,-4.468,-2.280,1,1644,-1,9.6,1,0,1,50.0,0.0,111,1119,96,529,20864
121743,219841360,1,1,15,53.7185944,-1.3092887,102.125,1.372,0.298,-0.238,0.000,0.0430,0.0230,1.0130,4.57,1.55,-2.58,321.429,-2.431,-1.570,1,1644,-1,9.6,1,0,1,50.0,0.0,111,1119,96,839,31359
121828,219841440,1,1,15,53.7185946,-1.3092888,102.125,1.159,0.249,-0.204,0.000,0.0320,0.0800,1.0070,1.17,0.55,-1.78,320.776,-1.820,-0.931,1,1648,-1,9.6,1,0,1,50.0,0.0,109,1119,96,839,31359
121892,219841520,1,1,15,53.7185947,-1.3092891,102.124,1.141,0.177,-0.263,0.000,0.0500,0.0750,1.0110,-3.51,-0.23,-1.96,303.844,-2.831,-0.653,1,1648,-1,9.6,1,0,1,50.0,0.0,109,1121,96,-159,31359
121978,219841600,1,1,15,53.7185948,-1.3092894,102.116,1.235,0.143,-0.312,0.000,0.0760,0.0620,1.0000,-8.14,0.28,-2.39,294.571,-4.346,-0.790,1,1617,-1,9.6,1,0,1,50.0,0.0,109,1121,96,-159,31359
122042,219841640,1,1,16,53.7185949,-1.3092896,102.109,1.242,0.129,-0.320,0.000,0.0820,0.0540,0.9800,-10.00,0.58,-2.41,292.012,-4.783,-0.978,1,1593,-1,9.6,1,0,1,50.0,0.0,109,1121,96,-1427,29052
122129,219841760,1,1,16,53.7185949,-1.3092901,102.108,1.328,0.051,-0.365,0.000,0.0820,-0.0210,0.9980,-15.26,1.44,-2.73,277.976,-4.697,-2.100,1,1621,-1,9.6,1,0,1,50.0,0.0,110,1123,96,-1427,29052
122193,219841800,1,1,16,53.7185949,-1.3092903,102.100,1.458,0.038,-0.403,0.000,0.0760,-0.0710,1.0150,-15.67,1.52,-3.02,275.451,-4.282,-2.627,1,1601,-1,9.6,1,0,1,50.0,0.0,110,1123,96,-2339,7295
122281,219841880,1,1,16,53.7185950,-1.3092907,102.099,1.300,0.052,-0.357,0.000,0.0790,-0.1570,1.0030,-13.54,1.58,-3.34,278.262,-4.504,-3.690,1,1613,-1,9.6,1,0,1,50.0,0.0,110,1123,96,-2339,7295
122345,219841920,1,1,16,53.7185951,-1.3092908,102.094,1.145,0.047,-0.314,0.000,0.0810,-0.1750,0.9890,-11.40,1.66,-3.36,278.557,-4.682,-4.139,1,1523,-1,9.6,1,0,1,50.0,0.0,110,1123,96,-1432,-10619
122432,219842040,1,1,16,53.7185953,-1.3092911,102.087,1.058,0.151,-0.253,0.000,0.0880,-0.1820,0.9680,-4.02,0.78,-2.71,300.804,-5.194,-4.845,1,1523,-1,9.5,1,0,1,50.0,0.0,110,1125,96,-1432,-10619
122498,219842080,1,1,16,53.7185954,-1.3092912,102.079,1.217,0.219,-0.258,0.000,0.0940,-0.1680,0.9710,-1.95,0.59,-2.66,310.351,-5.529,-4.895,1,1617,-1,9.5,1,0,1,50.0,0.0,110,1125,96,-59,-9852
122583,219842160,1,1,16,53.7185956,-1.3092914,102.071,1.174,0.226,-0.235,0.000,0.1080,-0.1590,0.9720,1.86,0.88,-3.07,313.992,-6.340,-4.758,1,1523,-1,9.5,1,0,1,50.0,0.0,110,1125,96,378,29059
122648,219842240,1,1,16,53.7185959,-1.3092915,102.075,1.519,0.357,-0.225,0.000,0.0910,-0.1490,0.9970,5.44,1.14,-3.32,327.751,-5.215,-4.314,1,1523,-1,9.5,1,0,1,50.0,0.0,110,1125,96,378,29059
122733,219842360,1,1,16,53.7185963,-1.3092916,102.061,1.098,0.279,-0.123,0.000,0.0590,-0.0550,0.9800,9.44,2.10,-3.26,336.123,-3.445,-3.051,1,1570,-1,9.5,1,0,1,50.0,0.0,110,1127,96,1337,-15487
122798,219842400,1,1,16,53.7185964,-1.3092917,102.043,0.968,0.230,-0.140,0.000,0.0490,-0.0070,1.0010,9.39,2.22,-3.06,328.648,-2.802,-2.505,1,1570,-1,9.5,1,0,1,50.0,0.0,110,1127,96,1519,-15487
122889,219842480,1,1,16,53.7185965,-1.3092918,102.025,0.929,0.199,-0.164,0.000,0.0090,0.0520,1.0690,6.91,1.38,-2.57,320.495,-0.482,-1.476,1,1566,-1,9.5,1,0,1,50.0,0.0,110,1127,96,1161,22139
122958,219842560,1,1,16,53.7185968,-1.3092919,102.033,1.228,0.308,-0.145,0.000,0.0330,0.0730,1.0290,2.05,-0.30,-2.46,334.770,-1.837,-0.740,1,1589,-1,9.5,1,0,1,50.0,0.0,110,1129,95,532,22139
123044,219842680,1,1,16,53.7185971,-1.3092922,102.034,1.177,0.253,-0.207,0.000,0.0720,0.0550,0.9890,-3.49,0.02,-2.48,320.709,-4.164,-0.314,1,1589,-1,9.5,1,0,1,50.0,0.0,110,1129,95,-350,-1412
123111,219842720,1,1,16,53.7185971,-1.3092923,102.036,1.260,0.218,-0.274,0.000,0.0970,0.0640,0.9690,-5.01,0.41,-2.32,308.528,-5.716,-0.303,1,1589,-1,9.5,1,0,1,50.0,0.0,110,1129,95,-350,-1412
123196,219842800,1,1,16,53.7185971,-1.3092926,102.037,1.206,0.145,-0.302,0.000,0.0830,0.0660,0.9670,-8.18,0.79,-2.12,295.626,-4.906,-0.465,1,1578,-1,9.5,1,0,1,50.0,0.0,110,1129,95,-1063,-10116
123261,219842880,1,1,16,53.7185972,-1.3092929,102.022,1.202,0.109,-0.316,0.000,0.0640,0.0460,0.9940,-12.37,1.24,-2.11,289.101,-3.684,-0.954,1,1578,-1,9.5,1,0,1,50.0,0.0,110,1129,95,-2213,-10116
123346,219842920,1,1,16,53.7185972,-1.3092931,102.013,1.224,0.092,-0.327,0.000,0.0730,0.0140,0.9950,-14.08,1.34,-2.29,285.721,-4.196,-1.345,1,1605,-1,9.5,1,0,1,50.0,0.0,110,1129,95,-2213,-1923
123412,219843040,1,1,16,53.7185972,-1.3092935,101.988,1.051,-0.008,-0.292,0.000,0.0620,-0.1450,1.0300,-13.58,1.72,-3.12,268.502,-3.445,-2.890,1,1578,-1,9.5,1,0,1,50.0,0.0,110,1132,95,-1570,11651
123495,219843120,1,1,16,53.7185973,-1.3092936,101.972,0.965,0.040,-0.265,0.000,0.0740,-0.1710,0.9880,-9.04,0.85,-2.82,278.516,-4.283,-3.700,1,1578,-1,9.5,1,0,1,50.0,0.0,110,1132,95,-1570,11651
123561,219843160,1,1,16,53.7185974,-1.3092938,101.977,1.102,0.133,-0.276,0.000,0.0670,-0.1800,0.9740,-6.27,0.47,-2.74,295.720,-3.935,-3.955,1,1578,-1,9.5,1,0,1,50.0,0.0,110,1132,95,-115,21122
123647,219843280,1,1,16,53.7185977,-1.3092940,101.965,1.134,0.241,-0.203,0.000,0.1040,-0.1320,0.9810,-0.27,0.49,-2.66,319.817,-6.052,-4.108,1,1605,-1,8.7,1,0,1,50.0,0.0,110,1135,95,-115,21122
123759,219843360,1,1,16,53.7185979,-1.3092941,101.955,1.080,0.244,-0.174,0.000,0.0980,-0.1300,1.0010,2.56,1.08,-3.11,324.579,-5.592,-3.833,1,1605,-1,8.7,1,0,1,50.0,0.0,110,1135,87,260,21122
123823,219843440,1,1,16,53.7185980,-1.3092941,101.946,0.900,0.213,-0.131,0.000,0.0820,-0.1210,1.0010,5.39,1.36,-3.38,328.478,-4.683,-3.354,1,1597,-1,8.7,1,0,1,51.0,0.0,110,1135,87,529,6019
123909,219843520,1,1,16,53.7185983,-1.3092941,101.947,1.087,0.279,-0.115,0.000,0.0640,-0.0740,1.0000,7.91,1.44,-3.24,337.669,-3.662,-2.605,1,1597,-1,8.7,1,0,1,51.0,0.0,110,1137,87,529,6019
123973,219843600,1,1,16,53.7185986,-1.3092942,101.963,1.606,0.427,-0.130,0.000,0.0580,0.0260,1.0090,7.92,1.09,-2.71,343.026,-3.290,-1.608,1,1617,-1,8.7,1,0,1,51.0,0.0,110,1137,87,1273,-22655
124058,219843680,1,1,15,53.7185988,-1.3092942,101.960,1.235,0.326,-0.108,0.000,0.0510,0.0780,1.0100,4.52,0.50,-2.49,341.693,-2.891,-0.714,1,1589,-1,8.7,1,0,1,51.0,0.0,110,1137,87,951,-22655
124122,219843760,1,1,16,53.7185989,-1.3092944,101.940,0.860,0.189,-0.147,0.000,0.0600,0.0840,0.9940,-0.46,0.29,-2.62,322.126,-3.454,-0.171,1,1542,-1,8.7,1,0,1,51.0,0.0,110,1137,87,193,13948
124214,219843840,1,1,16,53.7185989,-1.3092945,101.940,0.954,0.156,-0.214,0.000,0.0890,0.0700,0.9810,-4.03,0.58,-2.77,306.003,-5.184,-0.006,1,1542,-1,8.7,1,0,1,51.0,0.0,110,1139,87,193,13948
124277,219843880,1,1,16,53.7185990,-1.3092947,101.937,1.202,0.191,-0.274,0.000,0.0910,0.0620,0.9880,-5.43,0.73,-2.68,304.893,-5.262,-0.021,1,1566,-1,8.7,1,0,1,51.0,0.0,110,1139,87,193,13948
124364,219844000,1,1,16,53.7185992,-1.3092950,101.933,1.091,0.160,-0.257,0.000,0.0790,0.0560,0.9820,-10.51,1.23,-2.56,301.861,-4.599,-0.454,1,1636,-1,8.7,1,0,1,51.0,0.0,110,1139,87,-1234,-6273
124428,219844040,1,1,16,53.7185991,-1.3092951,101.931,1.210,0.124,-0.312,0.000,0.0790,0.0440,0.9760,-12.25,1.41,-2.66,291.639,-4.628,-0.748,1,1636,-1,8.7,1,0,1,51.0,0.0,110,1140,87,-1234,-6273
124515,219844120,1,1,16,53.7185992,-1.3092956,101.930,1.602,0.086,-0.437,0.000,0.0520,-0.0470,1.0240,-14.33,1.68,-3.04,281.152,-2.907,-1.602,1,1625,-1,8.7,1,0,1,51.0,0.0,110,1140,87,-2283,-23423
124583,219844160,1,1,16,53.7185992,-1.3092958,101.932,1.472,0.075,-0.402,0.000,0.0560,-0.0900,1.0230,-13.54,1.23,-3.27,280.595,-3.133,-2.076,1,1542,-1,8.7,1,0,1,51.0,0.0,110,1140,87,-1402,-10618
124667,219844280,1,1,15,53.7185994,-1.3092960,101.920,0.983,0.125,-0.242,0.000,0.0650,-0.1590,0.9990,-7.90,0.30,-3.08,297.348,-3.723,-3.223,1,1574,-1,8.7,1,0,1,51.0,0.0,110,1142,87,-1402,-10618
124735,219844360,1,1,15,53.7185996,-1.3092961,101.913,1.033,0.209,-0.197,0.000,0.0720,-0.1470,0.9910,-2.80,0.53,-2.55,316.789,-4.155,-3.525,1,1578,-1,8.7,1,0,1,51.0,0.0,110,1142,87,-699,27013
124818,219844440,1,1,15,53.7185998,-1.3092962,101.912,1.066,0.241,-0.172,0.000,0.0910,-0.1120,0.9810,0.70,0.71,-2.42,324.582,-5.300,-3.416,1,1535,-1,8.7,1,0,1,51.0,0.0,110,1142,87,-699,27013
124883,219844480,1,1,15,53.7186000,-1.3092962,101.908,1.159,0.275,-0.167,0.000,0.0830,-0.1130,1.0030,1.96,0.86,-2.49,328.753,-4.731,-3.274,1,1527,-1,8.7,1,0,1,51.0,0.0,110,1142,87,235,-894
124970,219844600,1,1,15,53.7186003,-1.3092963,101.907,1.184,0.304,-0.126,0.000,0.0780,-0.0980,0.9930,6.43,1.46,-3.12,337.490,-4.491,-2.517,1,1570,-1,8.7,1,0,1,51.0,0.0,110,1144,87,235,-894
125035,219844640,1,1,15,53.7186004,-1.3092962,101.909,1.076,0.288,-0.080,0.000,0.0730,-0.0540,0.9920,7.62,1.60,-3.03,344.382,-4.209,-2.104,1,1593,-1,8.7,1,0,1,51.0,0.0,110,1144,87,990,21378
125121,219844720,1,1,15,53.7186007,-1.3092963,101.900,1.274,0.340,-0.098,0.000,0.0450,0.0260,1.0220,7.67,1.42,-2.47,343.944,-2.521,-1.151,1,1617,-1,8.7,1,0,1,51.0,0.0,110,1144,87,990,21378
125187,219844800,1,1,15,53.7186009,-1.3092963,101.898,0.911,0.237,-0.090,0.000,0.0370,0.0750,1.0180,4.19,0.22,-2.57,339.196,-2.082,-0.313,1,1578,-1,8.7,1,0,1,51.0,0.0,110,1144,87,825,29052
125272,219844880,1,1,16,53.7186011,-1.3092964,101.882,1.091,0.269,-0.139,0.000,0.0640,0.0880,0.9950,0.13,-0.15,-2.77,332.683,-3.680,0.237,1,1597,-1,8.7,1,0,1,51.0,0.0,110,1144,87,3,29052
125339,219844960,1,1,16,53.7186012,-1.3092966,101.884,1.001,0.206,-0.186,0.000,0.0940,0.0710,0.9790,-4.19,0.71,-2.54,317.898,-5.485,0.418,1,1562,-1,8.7,1,0,1,51.0,0.0,110,1144,87,-490,-6787
125425,219845040,1,1,16,53.7186014,-1.3092968,101.880,1.098,0.212,-0.220,0.000,0.0880,0.0740,0.9780,-6.79,1.04,-2.39,313.929,-5.142,0.350,1,1562,-1,8.7,1,0,1,51.0,0.0,110,1148,87,-876,18814
125488,219845120,1,1,16,53.7186015,-1.3092971,101.883,1.228,0.179,-0.290,0.000,0.0870,0.0720,0.9900,-10.27,0.84,-2.35,301.603,-5.022,0.025,1,1589,-1,8.7,1,0,1,51.0,0.0,110,1148,87,-876,18814
125575,219845200,1,1,16,53.7186016,-1.3092974,101.875,1.300,0.130,-0.337,0.000,0.0790,0.0200,1.0080,-14.10,1.13,-2.49,291.163,-4.481,-0.648,1,1589,-1,8.7,1,0,1,51.0,0.0,110,1148,87,-1986,-8322
125639,219845240,1,1,16,53.7186016,-1.3092975,101.870,1.235,0.096,-0.329,0.000,0.0710,-0.0290,1.0140,-15.06,1.38,-2.79,286.331,-4.005,-1.133,1,1617,-1,8.4,1,0,1,51.0,0.0,110,1148,87,-1986,-8322
125724,219845320,1,1,16,53.7186017,-1.3092978,101.851,1.213,0.086,-0.326,0.000,0.0530,-0.1400,1.0340,-13.98,1.54,-3.57,284.867,-2.934,-2.212,1,1617,-1,8.4,1,0,1,51.0,0.0,110,1150,87,-2347,-13948
125793,219845400,1,1,16,53.7186019,-1.3092979,101.841,0.893,0.110,-0.222,0.000,0.0570,-0.1740,1.0120,-8.58,0.97,-4.33,296.360,-3.224,-3.007,1,1585,-1,8.4,1,0,1,51.0,0.0,110,1150,84,-825,12165
125879,219845480,1,1,16,53.7186021,-1.3092981,101.847,1.026,0.192,-0.210,0.000,0.0710,-0.1570,0.9830,-3.50,0.81,-4.32,312.401,-4.131,-3.372,1,1574,-1,8.4,1,0,1,51.0,0.0,110,1150,84,-825,12165
125946,219845560,1,1,16,53.7186023,-1.3092982,101.848,1.073,0.229,-0.190,0.000,0.0890,-0.1430,0.9730,0.65,0.87,-4.38,320.340,-5.226,-3.359,1,1574,-1,8.4,1,0,1,51.0,0.0,110,1150,84,-210,12165
126032,219845640,1,1,16,53.7186026,-1.3092982,101.834,1.174,0.296,-0.137,0.000,0.0950,-0.1160,0.9900,4.59,1.29,-5.11,335.139,-5.481,-2.962,1,1550,-1,8.4,1,0,1,51.0,0.0,110,1150,84,-210,12165
126097,219845720,1,1,16,53.7186029,-1.3092982,101.832,1.404,0.379,-0.090,0.000,0.0880,-0.0930,0.9890,7.34,1.85,-5.52,346.663,-5.085,-2.297,1,1550,-1,8.4,1,0,1,51.0,0.0,110,1150,84,509,31105
126184,219845800,1,1,16,53.7186032,-1.3092980,101.824,1.397,0.387,-0.027,0.000,0.0930,-0.0290,0.9690,9.58,1.78,-4.86,356.002,-5.482,-1.352,1,1566,-1,8.4,1,0,1,51.0,0.0,110,1150,84,1004,-26495
126250,219845840,1,1,16,53.7186033,-1.3092980,101.820,1.253,0.347,-0.029,0.000,0.0790,0.0010,0.9830,9.91,2.02,-4.15,355.199,-4.595,-0.810,1,1667,-1,8.4,1,0,1,51.0,0.0,110,1153,84,1004,-26495
126335,219845920,1,1,16,53.7186036,-1.3092981,101.821,1.354,0.359,-0.111,0.000,0.0580,0.0770,0.9920,8.27,1.92,-2.26,342.793,-3.346,0.297,1,1667,-1,8.4,1,0,1,51.0,0.0,110,1153,84,1301,1663
126401,219846040,1,1,16,53.7186040,-1.3092982,101.814,1.192,0.310,-0.117,0.000,0.0330,0.0940,1.0130,2.69,0.92,-0.19,339.297,-1.866,1.483,1,1523,-1,8.4,1,0,1,51.0,0.0,110,1153,84,436,23933
126489,219846080,1,1,16,53.7186041,-1.3092982,101.814,1.181,0.298,-0.138,0.000,0.0460,0.0950,0.9950,0.99,0.73,-0.03,335.160,-2.647,1.727,1,1574,-1,8.4,1,0,1,51.0,0.0,110,1155,84,436,23933
126552,219846160,1,1,16,53.7186042,-1.3092983,101.809,1.058,0.241,-0.169,0.000,0.0610,0.0950,0.9810,-2.12,0.71,0.90,325.006,-3.558,2.031,1,1574,-1,8.9,1,0,1,51.0,0.0,110,1155,89,42,31869
126639,219846240,1,1,16,53.7186044,-1.3092985,101.799,0.864,0.174,-0.166,0.000,0.0530,0.0610,1.0120,-3.93,1.19,2.29,316.400,-2.998,2.060,1,1542,-1,8.9,1,0,1,51.0,0.0,110,1155,89,42,31869
126703,219846320,1,1,16,53.7186046,-1.3092986,101.796,1.199,0.267,-0.200,0.000,0.0490,0.0640,1.0030,-4.41,1.44,3.02,323.159,-2.797,2.027,1,1542,-1,8.9,1,0,1,51.0,0.0,110,1155,89,92,15742
126791,219846400,1,1,16,53.7186047,-1.3092987,101.797,0.799,0.156,-0.158,0.000,0.0110,0.0520,0.9920,-6.22,1.31,2.99,314.797,-0.635,1.900,1,1527,1,8.5,1,0,1,51.0,0.0,110,1155,85,92,15742
126856,219846480,1,1,16,53.7186048,-1.3092988,101.794,0.752,0.118,-0.173,0.000,-0.0070,0.0370,1.0010,-7.08,1.12,2.50,304.347,0.401,1.625,1,1527,1,8.5,1,0,1,51.0,0.0,110,1155,85,-436,22397
126941,219846560,1,1,16,53.7186048,-1.3092989,101.788,0.594,0.078,-0.146,0.000,-0.0150,0.0240,0.9910,-7.22,0.94,1.98,298.083,0.867,1.301,1,1550,1,8.5,1,0,1,51.0,0.0,110,1155,85,-436,22397
127005,219846640,1,1,16,53.7186048,-1.3092989,101.783,0.421,0.055,-0.103,0.000,-0.0440,-0.0010,1.0140,-7.26,0.87,1.12,298.083,2.485,0.928,1,1550,1,8.5,1,0,1,51.0,0.0,110,1158,85,-560,-14466
127090,219846680,1,1,16,53.7186048,-1.3092989,101.778,0.220,0.029,-0.054,0.000,-0.0180,0.0050,0.9860,-6.95,0.74,0.75,298.083,1.046,0.768,1,1347,1,0.0,1,0,1,51.0,0.0,110,1158,0,-560,-14466
127154,219846760,1,1,16,53.7186048,-1.3092987,101.772,0.115,0.015,-0.028,0.000,-0.0110,-0.0080,0.9920,-6.29,1.01,0.03,298.083,0.635,0.461,1,1347,1,0.0,1,0,1,51.0,0.0,110,1158,0,-498,22142
127244,219846880,1,1,16,53.7186047,-1.3092984,101.769,0.518,-0.144,-0.000,0.000,-0.0220,-0.0390,1.0130,-4.27,0.93,-1.16,180.060,1.244,0.122,1,1339,1,0.0,1,0,1,51.0,0.0,110,1158,0,-353,22657
127307,219846920,1,1,16,53.7186046,-1.3092983,101.772,0.673,-0.166,0.086,0.000,-0.0280,-0.0430,1.0290,-3.68,0.93,-1.51,152.658,1.559,0.052,1,1343,1,0.0,1,0,1,51.0,0.0,110,1158,0,-353,22657
127396,219847000,1,1,16,53.7186045,-1.3092980,101.761,0.893,-0.187,0.163,0.000,0.0170,-0.0140,0.9930,-2.29,0.83,-2.09,138.975,-0.981,0.073,1,1343,1,0.0,1,0,1,51.0,0.0,110,1158,0,-151,-9343
127460,219847080,1,1,16,53.7186043,-1.3092976,101.766,0.914,-0.190,0.168,0.000,-0.0010,-0.0070,1.0230,-1.71,0.90,-2.46,138.443,0.056,0.175,1,1312,1,0.0,1,0,1,51.0,0.0,109,1158,0,-151,-9343
127547,219847160,1,1,16,53.7186041,-1.3092973,101.765,1.220,-0.267,0.209,0.000,0.0240,0.0220,0.9780,-1.98,0.79,-2.91,141.989,-1.406,0.299,1,1312,1,0.0,1,0,1,51.0,0.0,109,1160,0,-339,25982
127614,219847240,1,1,16,53.7186039,-1.3092968,101.756,1.415,-0.297,0.257,0.000,-0.0280,0.0010,1.0460,-2.56,1.00,-3.48,139.089,1.533,0.377,1,1230,1,0.0,1,0,1,51.0,0.0,109,1160,0,-339,25982
127698,219847320,1,1,16,53.7186037,-1.3092964,101.754,1.458,-0.296,0.277,0.000,-0.0090,0.0080,1.0250,-2.71,0.55,-3.92,136.884,0.503,0.422,1,1222,1,0.0,1,0,1,51.0,0.0,110,1160,0,-339,25982
127764,219847360,1,1,16,53.7186036,-1.3092961,101.759,1.606,-0.330,0.300,0.000,0.0010,0.0190,1.0170,-3.06,0.45,-4.15,137.725,-0.056,0.441,1,1222,1,0.0,1,0,1,51.0,0.0,110,1162,0,-604,-26752
127851,219847480,1,1,16,53.7186031,-1.3092954,101.761,1.649,-0.366,0.275,0.000,0.0050,0.0170,1.0000,-4.28,0.26,-4.74,143.118,-0.286,0.449,1,1242,1,8.6,1,0,1,51.0,0.0,110,1162,86,-604,-26752
127917,219847520,1,1,16,53.7186030,-1.3092952,101.759,1.638,-0.364,0.273,0.000,0.0350,0.0310,0.9540,-4.48,0.30,-4.97,143.197,-2.101,0.427,1,1246,1,12.3,1,0,1,51.0,0.0,112,1162,86,-1004,9853
128003,219847600,1,1,16,53.7186025,-1.3092947,101.746,2.300,-0.548,0.329,0.000,-0.0360,0.0030,1.0420,-5.06,1.36,-5.60,149.010,1.979,0.292,1,1246,1,12.3,1,0,1,51.0,0.0,112,1165,86,-1091,2943
128068,219847680,1,1,16,53.7186020,-1.3092941,101.745,2.610,-0.623,0.370,0.000,0.0030,0.0330,0.9820,-5.58,0.81,-6.07,149.268,-0.175,0.168,1,1324,1,13.8,1,0,1,51.0,0.0,112,1165,138,-1091,2943
128155,219847760,1,1,16,53.7186017,-1.3092936,101.767,2.182,-0.501,0.340,0.000,0.0030,0.0160,1.0130,-6.72,0.43,-6.53,145.845,-0.170,-0.046,1,1324,1,13.8,1,0,1,52.0,0.0,112,1165,138,-1393,-19840
128224,219847840,1,1,16,53.7186011,-1.3092930,101.750,2.959,-0.711,0.412,0.000,0.0100,0.0060,1.0030,-7.02,0.24,-6.81,149.889,-0.571,-0.310,1,1457,1,17.7,1,0,1,52.0,0.0,112,1165,138,-1634,-12671
128308,219847920,1,1,16,53.7186007,-1.3092925,101.768,2.596,-0.619,0.369,0.000,-0.0090,-0.0230,1.0310,-7.08,1.02,-7.35,149.178,0.500,-0.649,1,1457,1,18.7,1,0,1,52.0,0.0,112,1165,187,-1634,-12671
128372,219848000,1,1,16,53.7186002,-1.3092919,101.742,2.826,-0.669,0.411,0.000,-0.0370,-0.0380,1.0600,-6.37,1.34,-8.10,148.409,1.999,-0.936,1,1441,1,18.7,1,0,1,52.0,0.0,112,1165,187,-1729,-22656
128459,219848040,1,1,16,53.7185999,-1.3092916,101.735,3.132,-0.753,0.435,0.000,-0.0100,-0.0180,1.0000,-6.28,1.42,-8.45,149.974,0.573,-1.059,1,1417,1,21.7,1,0,1,52.0,0.0,112,1165,187,-1729,-22656
128524,219848120,1,1,17,53.7185992,-1.3092909,101.780,3.582,-0.867,0.488,0.000,0.0250,-0.0070,0.9660,-5.73,1.48,-8.99,150.629,-1.482,-1.250,1,1394,1,21.7,1,0,1,52.0,0.0,112,1175,187,-1698,8318
128608,219848240,1,1,17,53.7185982,-1.3092899,101.778,3.478,-0.860,0.439,0.000,-0.0040,-0.0160,1.0070,-5.56,0.94,-10.05,152.955,0.228,-1.499,1,1394,1,25.3,1,0,1,52.0,0.0,112,1175,253,-1698,8318
128675,219848280,1,1,17,53.7185980,-1.3092895,101.787,3.262,-0.773,0.472,0.000,-0.0160,-0.0280,1.0550,-5.29,0.44,-10.27,148.588,0.869,-1.581,1,1425,1,25.3,1,0,1,52.0,0.0,112,1175,253,-1771,-18817
128761,219848360,1,1,17,53.7185971,-1.3092888,101.778,4.079,-0.995,0.541,0.000,0.0140,-0.0050,0.9930,-5.13,0.73,-10.58,151.466,-0.808,-1.708,1,1425,1,25.3,1,0,1,52.0,0.0,112,1183,253,-1676,-18817
128826,219848440,1,1,17,53.7185965,-1.3092881,101.838,3.989,-0.969,0.538,0.000,-0.0290,-0.0230,1.0760,-5.54,1.34,-11.17,150.940,1.544,-1.825,1,1492,1,30.2,1,0,1,52.0,0.0,112,1183,253,-1816,-24192
128913,219848520,1,1,17,53.7185957,-1.3092874,101.820,4.255,-1.052,0.540,0.000,0.0500,0.0050,0.9660,-5.77,0.92,-11.65,152.843,-2.963,-1.961,1,1421,1,30.2,1,0,1,52.0,0.0,112,1183,253,-2037,8576
128977,219848600,1,1,17,53.7185948,-1.3092867,101.810,4.694,-1.169,0.579,0.000,0.0160,-0.0050,0.9900,-6.13,0.98,-12.16,153.655,-0.926,-2.096,1,1433,1,32.5,1,0,1,52.0,0.0,112,1183,253,-2037,8576
129065,219848680,1,1,17,53.7185942,-1.3092860,101.831,3.931,-0.973,0.496,0.000,0.0420,0.0040,0.9690,-6.08,1.13,-12.47,152.960,-2.482,-2.223,1,1429,1,32.5,1,0,1,52.0,0.0,112,1190,253,-2146,8576
129129,219848720,1,1,17,53.7185936,-1.3092857,101.808,4.748,-1.204,0.538,0.000,0.0020,-0.0030,1.0440,-6.31,1.52,-12.69,155.949,-0.110,-2.303,1,1429,1,35.3,1,0,1,52.0,0.0,112,1190,97,-2146,8576
129216,219848840,1,1,17,53.7185923,-1.3092846,101.843,4.795,-1.228,0.516,0.000,-0.0240,-0.0240,1.0480,-6.92,2.23,-13.58,157.200,1.312,-2.639,1,1453,1,37.9,1,0,1,52.0,0.0,112,1190,97,-2524,26496
129279,219848880,1,1,17,53.7185919,-1.3092842,101.833,4.820,-1.227,0.536,0.000,-0.0120,-0.0340,1.0230,-7.16,2.49,-13.88,156.385,0.672,-2.779,1,1453,1,37.9,1,0,1,52.0,0.0,112,1197,97,-2599,-10369
129366,219848960,1,1,17,53.7185909,-1.3092836,101.818,4.954,-1.278,0.510,0.000,0.0400,-0.0160,1.0050,-7.73,1.63,-14.43,158.259,-2.279,-3.054,1,1425,1,40.7,1,0,1,52.0,0.0,112,1197,151,-2622,9342
129433,219849040,1,1,17,53.7185900,-1.3092830,101.819,4.914,-1.287,0.456,0.000,0.0240,-0.0510,1.0220,-7.75,0.58,-14.96,160.498,-1.345,-3.348,1,1433,1,40.7,1,0,1,52.0,0.0,112,1197,151,-2521,8577
129518,219849120,1,1,17,53.7185890,-1.3092824,101.843,5.220,-1.371,0.473,0.000,0.0270,-0.0680,0.9730,-5.26,0.07,-15.16,160.954,-1.590,-3.592,1,1433,1,41.9,1,0,1,52.0,0.0,112,1197,151,-2521,8577
129583,219849200,1,1,17,53.7185879,-1.3092817,101.839,5.386,-1.415,0.486,0.000,0.0000,-0.0840,0.9800,-2.88,2.04,-15.58,161.042,-0.000,-3.679,1,1433,1,41.9,1,0,1,52.0,0.0,112,1208,151,-1676,6528
129669,219849280,1,1,17,53.7185869,-1.3092810,101.826,5.677,-1.475,0.557,0.000,0.0220,-0.0280,0.9940,-1.75,3.91,-16.14,159.324,-1.268,-3.501,1,1433,1,44.5,1,0,1,52.0,0.0,112,1208,189,-1676,6528
129734,219849360,1,1,17,53.7185858,-1.3092804,101.827,5.742,-1.515,0.498,0.000,-0.0100,-0.0210,1.0450,-2.66,3.35,-16.70,161.790,0.548,-3.354,1,1433,1,46.0,1,0,1,52.0,0.0,112,1208,189,-1992,1921
129821,219849440,1,1,17,53.7185847,-1.3092799,101.829,5.760,-1.539,0.437,0.000,-0.0170,-0.0130,1.0590,-2.77,1.84,-16.77,164.158,0.920,-3.189,1,1433,1,46.0,1,0,1,52.0,0.0,112,1217,189,-1992,1921
129884,219849520,1,1,17,53.7185836,-1.3092794,101.815,5.782,-1.551,0.415,0.000,0.0390,0.0090,0.9770,-3.49,1.50,-16.85,165.025,-2.286,-3.055,1,1417,1,46.7,1,0,1,52.0,0.0,112,1217,189,-2286,5760
129970,219849560,1,1,17,53.7185831,-1.3092792,101.811,5.710,-1.541,0.376,0.000,0.0570,0.0180,0.9800,-3.63,1.38,-16.86,166.282,-3.329,-2.990,1,1417,1,46.7,1,0,1,52.0,0.0,112,1217,189,-2457,-9856
130035,219849640,1,1,17,53.7185818,-1.3092788,101.806,6.394,-1.742,0.346,0.000,0.0620,0.0210,0.9600,-4.55,1.04,-16.84,168.751,-3.695,-2.910,1,1468,1,48.6,1,0,1,52.0,0.0,112,1217,189,-2591,-21634
130119,219849720,1,1,17,53.7185806,-1.3092785,101.806,6.239,-1.713,0.262,0.000,0.0210,-0.0040,1.0220,-4.33,1.05,-17.01,171.307,-1.177,-2.873,1,1468,1,48.6,1,0,1,52.0,0.0,112,1230,189,-2728,-21634
130188,219849800,1,1,17,53.7185795,-1.3092782,101.819,6.001,-1.648,0.250,0.000,-0.0010,-0.0400,1.0600,-4.24,2.34,-17.72,171.387,0.054,-2.913,1,1453,1,51.5,1,0,1,52.0,0.0,112,1230,189,-2613,2942
130275,219849880,1,1,17,53.7185782,-1.3092779,101.809,6.358,-1.751,0.226,0.000,-0.0450,-0.0270,1.0880,-3.56,2.09,-17.91,172.634,2.368,-2.862,1,1429,1,51.9,1,0,1,52.0,0.0,112,1230,189,-2720,28542
130341,219849920,1,1,17,53.7185775,-1.3092777,101.803,6.379,-1.755,0.246,0.000,-0.0150,-0.0200,1.0250,-3.68,1.28,-17.90,172.022,0.838,-2.846,1,1429,1,51.9,1,0,1,52.0,0.0,112,1240,189,-2720,28542
130427,219850040,1,1,17,53.7185754,-1.3092774,101.805,6.955,-1.925,0.168,0.000,-0.0010,-0.0160,1.0060,-3.39,1.08,-17.34,175.000,0.057,-2.705,1,1433,1,53.9,1,0,1,52.0,0.0,112,1240,189,-2303,21118
130492,219850120,1,1,17,53.7185742,-1.3092773,101.781,6.574,-1.823,0.107,0.000,0.0660,0.0330,0.9570,-3.16,1.81,-16.31,176.651,-3.945,-2.566,1,1472,1,53.9,1,0,1,52.0,0.0,112,1240,189,-1849,3199
130577,219850200,1,1,17,53.7185728,-1.3092772,101.780,6.876,-1.909,0.063,0.000,0.0570,0.0250,0.9980,-3.31,1.40,-14.90,178.114,-3.269,-2.401,1,1472,1,53.9,1,0,1,52.0,0.0,112,1254,189,-1849,3199
130644,219850240,1,1,17,53.7185721,-1.3092772,101.781,7.027,-1.952,0.026,0.000,0.0400,-0.0130,0.9980,-3.83,0.83,-14.54,179.229,-2.295,-2.393,1,1480,1,53.9,1,0,1,52.0,0.0,112,1254,189,-1897,18305
130732,219850360,1,1,17,53.7185699,-1.3092772,101.755,6.854,-1.904,0.018,0.000,0.0890,-0.0020,0.9490,-2.39,0.70,-15.47,179.453,-5.358,-2.267,1,1496,1,53.9,1,0,1,52.0,0.0,112,1254,189,-1925,-28288
130795,219850400,1,1,17,53.7185693,-1.3092771,101.766,6.710,-1.864,0.018,0.000,0.0880,0.0020,0.9970,-2.08,0.58,-15.66,179.444,-5.044,-2.175,1,1511,1,57.0,1,0,1,52.0,0.0,112,1265,189,-2115,-27263
130883,219850480,1,1,17,53.7185678,-1.3092772,101.746,7.236,-2.010,-0.035,0.000,0.1760,0.0070,0.9790,-1.79,0.02,-15.51,181.000,-10.192,-1.977,1,1492,1,57.0,1,0,1,52.0,0.0,112,1265,189,-1900,31873
130948,219850560,1,1,17,53.7185664,-1.3092773,101.770,7.200,-1.997,-0.116,0.000,0.1540,-0.0170,1.0370,-0.63,-0.66,-15.91,183.335,-8.447,-1.753,1,1492,1,57.0,1,0,1,52.0,0.0,112,1265,189,-1754,31873
131035,219850640,1,1,17,53.7185652,-1.3092774,101.777,6.509,-1.805,-0.096,0.000,0.1790,0.0010,0.9380,0.28,-0.23,-17.18,183.042,-10.804,-1.454,1,1511,1,54.3,1,0,1,52.0,0.0,112,1265,189,-1869,8064
131103,219850720,1,1,17,53.7185640,-1.3092776,101.776,6.044,-1.676,-0.092,0.000,0.2010,0.0330,0.9400,1.02,1.12,-17.11,183.129,-12.070,-1.006,1,1554,1,51.4,1,0,1,52.0,0.0,112,1275,2,-1662,8576
131189,219850800,1,1,17,53.7185627,-1.3092777,101.750,6.030,-1.672,-0.104,0.000,0.1890,0.0150,0.9870,1.63,1.55,-16.27,183.576,-10.840,-0.562,1,1554,1,51.4,1,0,1,52.0,0.0,112,1275,2,-1662,8576
131253,219850880,1,1,17,53.7185616,-1.3092779,101.779,6.005,-1.659,-0.170,0.000,0.1910,0.0090,0.9810,1.98,1.13,-15.33,185.842,-11.018,-0.123,1,1539,1,50.0,1,0,1,52.0,0.0,112,1275,2,-1435,-20353
131339,219850960,1,1,17,53.7185606,-1.3092781,101.785,5.476,-1.511,-0.177,0.000,0.2140,0.0240,0.9730,2.86,1.65,-14.03,186.682,-12.404,0.378,1,1601,1,50.0,1,0,1,52.0,0.0,112,1285,2,-1435,-20353
131405,219851000,1,1,17,53.7185601,-1.3092781,101.777,5.188,-1.434,-0.139,0.000,0.2090,0.0240,0.9770,3.01,1.63,-13.77,185.552,-12.075,0.642,1,1601,1,45.6,1,0,1,52.0,0.0,112,1285,200,-1072,11647
131489,219851120,1,1,17,53.7185587,-1.3092784,101.795,4.712,-1.298,-0.168,0.000,0.1920,0.0190,1.0110,3.57,1.78,-12.06,187.395,-10.753,1.413,1,1656,1,40.9,1,0,1,52.0,0.0,112,1285,200,-1072,11647
131553,219851160,1,1,17,53.7185583,-1.3092785,101.801,4.489,-1.236,-0.168,0.000,0.2000,0.0200,1.0110,3.74,1.68,-11.57,187.743,-11.190,1.680,1,1656,-1,40.9,1,0,1,52.0,0.0,111,1285,200,-685,13950
131645,219851240,1,1,17,53.7185575,-1.3092787,101.795,4.028,-1.109,-0.148,0.000,0.2300,0.0270,0.9450,4.41,1.44,-10.54,187.577,-13.679,2.254,1,1621,-1,35.8,1,0,1,52.0,0.0,111,1295,102,-685,13950
131712,219851320,1,1,17,53.7185568,-1.3092788,101.781,3.712,-1.026,-0.103,0.000,0.2200,0.0300,0.9980,5.44,1.37,-9.60,185.726,-12.432,2.874,1,1621,-1,32.7,1,0,1,52.0,0.0,110,1295,102,213,15743
131798,219851400,1,1,17,53.7185560,-1.3092787,101.795,3.499,-0.972,-0.023,0.000,0.2280,0.0630,1.0460,5.76,-0.17,-8.38,181.384,-12.297,3.568,1,1621,-1,32.7,1,0,1,52.0,0.0,110,1299,102,213,15743
131866,219851480,1,1,17,53.7185556,-1.3092788,101.794,2.772,-0.769,-0.044,0.000,0.2370,0.0980,0.9890,5.01,-1.51,-6.58,183.251,-13.476,4.295,1,1527,-1,29.1,1,0,1,52.0,0.0,110,1299,102,213,15743
131950,219851560,1,1,17,53.7185550,-1.3092788,101.782,2.466,-0.684,-0.040,0.000,0.2320,0.1290,0.9780,3.58,-1.19,-4.96,183.343,-13.345,4.961,1,1570,-1,26.7,1,0,1,52.0,0.0,110,1299,102,213,15743
132017,219851640,1,1,17,53.7185548,-1.3092789,101.791,1.688,-0.466,-0.056,0.000,0.2090,0.1340,1.0010,1.05,-0.92,-3.55,186.813,-11.793,5.460,1,1570,-1,26.0,1,0,1,52.0,0.0,110,1299,102,87,20604
132101,219851720,1,1,17,53.7185544,-1.3092791,101.795,1.728,-0.474,-0.078,0.000,0.1870,0.1090,0.9590,-0.61,-0.19,-2.78,189.378,-11.034,5.743,1,1546,-1,20.2,1,0,1,52.0,0.0,110,1299,202,87,20604
132165,219851800,1,1,17,53.7185542,-1.3092791,101.788,1.346,-0.371,-0.050,0.000,0.1620,0.1090,0.9880,-1.22,0.71,-2.30,187.756,-9.312,5.925,1,1546,-1,20.2,1,0,1,52.0,0.0,110,1299,202,-263,15997
132253,219851880,1,1,17,53.7185540,-1.3092791,101.792,0.979,-0.269,-0.038,0.000,0.1960,0.1250,0.9890,-2.42,0.74,-1.02,187.986,-11.210,6.063,1,1527,-1,19.5,1,0,1,52.0,0.0,110,1299,202,-148,7036
132317,219851920,1,1,17,53.7185540,-1.3092792,101.788,0.702,-0.190,-0.042,0.000,0.2200,0.1290,0.9660,-3.11,0.75,-0.32,192.431,-12.830,6.097,1,1566,-1,19.5,1,0,1,52.0,0.0,110,1305,202,-148,7036
132401,219852040,1,1,17,53.7185539,-1.3092793,101.786,0.245,-0.065,-0.021,0.000,0.1860,0.1360,0.9610,-5.83,0.90,1.15,198.130,-10.954,6.031,1,1644,-1,19.5,1,0,1,52.0,0.0,110,1305,195,-442,7036
132468,219852080,1,1,17,53.7185539,-1.3092793,101.784,0.133,-0.035,-0.012,0.000,0.1720,0.1430,0.9680,-7.02,1.04,1.43,198.130,-10.075,5.929,1,1539,-1,0.0,1,0,1,52.0,0.0,110,1305,195,-442,7036
132555,219852160,1,1,17,53.7185540,-1.3092794,101.780,0.526,-0.035,-0.142,0.000,0.1240,0.1230,1.0010,-9.50,2.00,1.77,256.264,-7.062,5.556,1,1562,-1,0.0,1,0,1,52.0,0.0,110,1305,195,-856,-29315
132620,219852240,1,1,17,53.7185541,-1.3092795,101.779,0.461,0.050,-0.118,0.000,0.0920,0.0880,1.0360,-10.54,2.62,2.01,293.180,-5.075,4.986,1,1562,-1,0.0,1,0,1,52.0,0.0,110,1305,195,-856,-29315
132707,219852320,1,1,17,53.7185541,-1.3092795,101.773,0.320,0.041,-0.079,0.000,0.0910,0.0780,1.0140,-10.98,2.28,2.45,297.671,-5.128,4.371,1,1562,-1,0.0,1,0,1,52.0,0.0,110,1305,195,-1007,1150
132772,219852400,1,1,17,53.7185542,-1.3092796,101.768,0.648,0.129,-0.126,0.000,0.1030,0.0710,0.9890,-12.18,1.73,3.32,315.755,-5.946,3.691,1,1558,-1,0.0,1,0,1,52.0,0.0,110,1306,195,-1111,-31617
132856,219852480,1,1,17,53.7185544,-1.3092798,101.767,1.163,0.277,-0.165,0.000,0.0990,0.0470,0.9970,-12.88,1.44,4.42,329.178,-5.671,2.925,1,1562,-1,0.0,1,0,1,52.0,0.0,110,1306,0,-1111,-31617
132922,219852520,1,1,17,53.7185545,-1.3092799,101.771,1.080,0.266,-0.140,0.000,0.0990,0.0300,0.9880,-13.00,1.26,4.62,332.263,-5.722,2.517,1,1546,-1,0.0,1,0,1,52.0,0.0,110,1306,0,-1114,-31617
133006,219852640,1,1,17,53.7185547,-1.3092801,101.758,0.893,0.223,-0.109,0.000,0.1120,-0.0460,1.0000,-12.22,1.02,2.96,333.931,-6.390,1.208,1,1593,-1,0.0,1,0,1,53.0,0.0,110,1306,0,-1114,-31617
133077,219852680,1,1,17,53.7185548,-1.3092801,101.758,0.796,0.206,-0.079,0.000,0.1100,-0.0760,1.0040,-10.92,1.03,2.04,338.979,-6.252,0.794,1,1578,-1,0.0,1,0,1,53.0,0.0,109,1306,0,-1114,31106
133163,219852760,1,1,17,53.7185550,-1.3092800,101.758,0.936,0.260,-0.014,0.000,0.0870,-0.1370,0.9930,-6.53,0.88,0.41,356.924,-5.007,0.131,1,1578,-1,0.0,1,0,1,53.0,0.0,109,1306,0,-53,18051
133228,219852840,1,1,17,53.7185551,-1.3092798,101.750,1.098,0.284,0.111,0.000,0.0690,-0.1630,0.9880,-0.51,0.43,-0.76,21.415,-3.995,-0.154,1,1503,-1,0.0,1,0,1,53.0,0.0,110,1306,0,-53,18051
133314,219852920,1,1,17,53.7185553,-1.3092795,101.742,1.231,0.266,0.215,0.000,0.0680,-0.0690,1.0160,5.98,0.69,-0.43,38.892,-3.829,0.278,1,1503,-1,0.0,1,0,1,53.0,0.0,110,1309,0,1553,-16257
133380,219853000,1,1,17,53.7185554,-1.3092792,101.751,1.231,0.241,0.243,0.000,0.0690,0.0420,1.0360,7.41,1.03,0.22,45.276,-3.810,1.149,1,1582,-1,5.1,1,0,1,53.0,0.0,110,1309,51,1553,-16257
133473,219853080,1,1,17,53.7185555,-1.3092790,101.750,0.932,0.200,0.164,0.000,0.0550,0.1390,1.0150,3.83,1.17,-0.14,39.339,-3.102,1.993,1,1582,-1,5.1,1,0,1,53.0,0.0,110,1309,51,1234,-5253
133538,219853160,1,1,17,53.7185558,-1.3092789,101.748,1.076,0.289,0.076,0.000,0.0670,0.1630,0.9580,-1.92,1.18,-0.98,14.808,-4.001,2.508,1,1519,-1,6.3,1,0,1,53.0,0.0,110,1310,63,143,-16775
133624,219853240,1,1,17,53.7185559,-1.3092789,101.758,0.846,0.235,0.007,0.000,0.0650,0.1200,0.9710,-6.82,0.62,-1.23,1.637,-3.830,2.530,1,1519,-1,6.3,1,0,1,53.0,0.0,110,1310,63,-968,7804
133691,219853280,1,1,17,53.7185560,-1.3092789,101.747,0.893,0.247,-0.019,0.000,0.0760,0.0730,0.9650,-9.03,0.14,-1.04,355.666,-4.503,2.337,1,1585,-1,6.3,1,0,1,53.0,0.0,110,1310,63,-968,7804
133777,219853400,1,1,17,53.7185562,-1.3092790,101.718,1.073,0.295,-0.042,0.000,0.0830,0.0360,0.9860,-11.70,0.54,-0.70,351.854,-4.812,1.465,1,1527,-1,6.3,1,0,1,53.0,0.0,110,1312,63,-1388,25214
133840,219853440,1,1,17,53.7185563,-1.3092790,101.723,0.994,0.272,-0.045,0.000,0.0730,0.0180,1.0120,-12.48,1.09,-0.90,350.619,-4.126,1.092,1,1527,-1,6.3,1,0,1,53.0,0.0,110,1312,63,-1388,25214
133928,219853520,1,1,17,53.7185565,-1.3092791,101.711,1.145,0.307,-0.083,0.000,0.0530,-0.0670,1.0410,-12.31,1.65,-1.93,344.857,-2.915,0.219,1,1601,-1,6.3,1,0,1,53.0,0.0,110,1312,63,-1866,-18560
133995,219853600,1,1,17,53.7185567,-1.3092791,101.704,1.044,0.288,-0.030,0.000,0.0540,-0.1240,1.0220,-8.86,0.95,-2.82,353.980,-3.025,-0.562,1,1566,-1,7.0,1,0,1,53.0,0.0,109,1312,63,-1866,-18560
134081,219853720,1,1,17,53.7185569,-1.3092789,101.712,0.788,0.211,0.060,0.000,0.0700,-0.1250,0.9910,-1.09,0.17,-1.73,15.914,-4.040,-1.002,1,1613,-1,7.0,1,0,1,53.0,0.0,109,1312,63,-1866,-18560
134149,219853760,1,1,17,53.7185569,-1.3092789,101.707,0.796,0.203,0.087,0.000,0.0800,-0.1210,0.9830,1.22,0.21,-1.57,23.090,-4.653,-0.949,1,1542,-1,7.0,1,0,1,53.0,0.0,109,1312,63,185,1154
134237,219853840,1,1,17,53.7185571,-1.3092786,101.713,1.206,0.255,0.218,0.000,0.0910,-0.0880,0.9840,5.01,0.56,-1.82,40.497,-5.284,-0.559,1,1542,-1,7.0,1,0,1,53.0,0.0,109,1315,63,862,-20094
134303,219853920,1,1,17,53.7185572,-1.3092783,101.716,1.303,0.265,0.247,0.000,0.0800,-0.0340,1.0140,7.72,1.14,-2.47,43.042,-4.511,0.157,1,1597,-1,7.0,1,0,1,53.0,0.0,109,1315,70,862,-23424
134391,219854000,1,1,17,53.7185574,-1.3092780,101.731,1.174,0.224,0.237,0.000,0.0520,0.0650,1.0130,7.90,1.41,-1.95,46.549,-2.939,1.142,1,1535,-1,7.0,1,0,1,53.0,0.0,110,1315,70,862,-23424
134457,219854080,1,1,17,53.7185575,-1.3092778,101.722,0.968,0.204,0.176,0.000,0.0550,0.1260,0.9890,3.92,1.02,-1.40,40.728,-3.183,2.010,1,1523,-1,7.0,1,0,1,53.0,0.0,110,1316,70,1088,-14726
134544,219854160,1,1,17,53.7185576,-1.3092777,101.712,0.922,0.224,0.124,0.000,0.0660,0.1160,0.9890,-0.44,0.53,-2.00,28.967,-3.818,2.502,1,1523,-1,7.0,1,0,1,53.0,0.0,110,1316,70,1088,-23429
134609,219854200,1,1,17,53.7185577,-1.3092776,101.711,0.907,0.233,0.095,0.000,0.0800,0.1130,0.9740,-2.19,0.56,-2.13,22.207,-4.695,2.624,1,1582,-1,7.0,1,0,1,53.0,0.0,109,1316,70,1088,-23429
134696,219854320,1,1,17,53.7185580,-1.3092775,101.706,0.936,0.250,0.071,0.000,0.0790,0.0730,0.9870,-6.36,0.38,-1.86,15.925,-4.576,2.530,1,1539,-1,7.0,1,0,1,53.0,0.0,109,1318,70,-761,11901
134761,219854360,1,1,17,53.7185581,-1.3092775,101.705,1.026,0.281,0.049,0.000,0.0800,0.0790,0.9830,-7.44,0.24,-1.77,9.900,-4.653,2.405,1,1539,-1,7.0,1,0,1,53.0,0.0,109,1318,70,-976,-28804
134847,219854480,1,1,17,53.7185584,-1.3092777,101.695,1.087,0.296,-0.060,0.000,0.0720,0.0950,0.9960,-12.66,0.70,-1.37,348.532,-4.135,1.725,1,1539,-1,7.0,1,0,1,53.0,0.0,109,1318,70,-1466,4987
134915,219854520,1,1,17,53.7185584,-1.3092777,101.695,1.030,0.271,-0.093,0.000,0.0630,0.0580,1.0020,-14.42,0.97,-1.44,341.102,-3.598,1.317,1,1570,-1,7.1,1,0,1,53.0,0.0,109,1319,71,-1998,-29061
135001,219854600,1,1,17,53.7185586,-1.3092779,101.681,1.022,0.263,-0.106,0.000,0.0480,-0.0470,1.0240,-15.59,1.46,-2.10,338.038,-2.684,0.261,1,1570,-1,7.1,1,0,1,53.0,0.0,109,1319,71,-2468,-29061
135068,219854680,1,1,17,53.7185588,-1.3092779,101.679,0.979,0.268,-0.047,0.000,0.0740,-0.1370,1.0070,-11.70,1.07,-2.66,350.067,-4.203,-0.790,1,1503,-1,7.1,1,0,1,53.0,0.0,109,1319,71,-2045,-2174
135155,219854760,1,1,17,53.7185590,-1.3092778,101.680,1.109,0.303,0.058,0.000,0.0720,-0.1390,0.9840,-5.81,0.43,-2.22,10.830,-4.185,-1.403,1,1503,-1,7.1,1,0,1,53.0,0.0,109,1321,71,-932,11140
135221,219854840,1,1,17,53.7185591,-1.3092776,101.679,1.033,0.272,0.091,0.000,0.0790,-0.1200,0.9750,-0.83,0.02,-1.83,18.458,-4.632,-1.543,1,1542,-1,7.1,1,0,1,53.0,0.0,109,1321,71,-932,11140
135310,219854920,1,1,17,53.7185593,-1.3092774,101.664,1.159,0.270,0.175,0.000,0.0980,-0.1100,0.9720,3.15,0.32,-2.22,33.013,-5.757,-1.335,1,1492,-1,7.1,1,0,1,53.0,0.0,109,1321,71,476,-27263
135374,219855000,1,1,17,53.7185595,-1.3092771,101.663,1.361,0.285,0.248,0.000,0.1090,-0.0800,0.9850,6.56,1.18,-2.60,41.030,-6.315,-0.758,1,1570,-1,7.1,1,0,1,53.0,0.0,109,1322,71,887,-2176
135460,219855080,1,1,17,53.7185596,-1.3092767,101.671,1.393,0.263,0.284,0.000,0.0520,0.0150,1.0330,8.54,1.59,-2.61,47.231,-2.882,0.124,1,1570,-1,7.1,1,0,1,53.0,0.0,109,1322,71,887,-2176
135524,219855160,1,1,17,53.7185598,-1.3092765,101.674,1.213,0.251,0.225,0.000,0.0250,0.0970,1.0190,6.33,1.01,-2.27,41.843,-1.405,1.096,1,1546,-1,7.1,1,0,1,53.0,0.0,109,1322,71,1480,-23939
135611,219855200,1,1,17,53.7185599,-1.3092764,101.672,0.994,0.214,0.174,0.000,0.0220,0.1100,1.0040,3.96,0.73,-2.25,39.022,-1.255,1.480,1,1546,-1,7.1,1,0,1,53.0,0.0,109,1324,71,1480,-23939
135676,219855280,1,1,17,53.7185600,-1.3092763,101.665,0.752,0.186,0.095,0.000,0.0500,0.1000,1.0010,-0.66,0.00,-2.38,26.946,-2.860,1.924,1,1492,-1,7.1,1,0,1,53.0,0.0,109,1324,71,3,21883
135764,219855400,1,1,17,53.7185602,-1.3092761,101.660,0.785,0.197,0.094,0.000,0.0930,0.0540,0.9980,-4.19,0.07,-2.22,25.565,-5.324,2.023,1,1605,-1,7.1,1,0,1,53.0,0.0,109,1324,71,-478,9342
135829,219855440,1,1,17,53.7185602,-1.3092761,101.660,0.821,0.207,0.096,0.000,0.1020,0.0670,0.9840,-4.91,0.40,-2.19,24.878,-5.918,1.994,1,1605,-1,7.4,1,0,1,53.0,0.0,110,1324,71,-478,9342
135920,219855520,1,1,17,53.7185604,-1.3092760,101.651,0.889,0.236,0.074,0.000,0.0870,0.0890,0.9870,-7.24,0.84,-2.19,17.409,-5.037,1.837,1,1542,-1,7.4,1,0,1,53.0,0.0,110,1324,71,-839,23419
135986,219855600,1,1,17,53.7185606,-1.3092760,101.642,1.040,0.288,0.021,0.000,0.0790,0.0820,0.9900,-10.71,1.02,-2.16,4.217,-4.562,1.455,1,1542,-1,7.4,1,0,1,53.0,0.0,110,1324,71,-1259,22139
136074,219855680,1,1,17,53.7185609,-1.3092762,101.636,1.202,0.329,-0.059,0.000,0.0710,-0.0160,1.0020,-12.85,1.46,-2.51,349.841,-4.053,0.708,1,1542,-1,7.4,1,0,1,53.0,0.0,110,1327,71,-1953,22139
136140,219855760,1,1,17,53.7185611,-1.3092761,101.634,1.026,0.285,-0.016,0.000,0.0600,-0.1250,1.0290,-10.51,1.51,-3.30,356.815,-3.337,-0.177,1,1531,-1,7.4,1,0,1,53.0,0.0,110,1327,71,-1788,8321
136226,219855840,1,1,17,53.7185613,-1.3092760,101.632,1.260,0.342,0.075,0.000,0.0550,-0.1600,1.0170,-5.16,0.95,-3.53,12.330,-3.096,-0.771,1,1531,-1,7.4,1,0,1,53.0,0.0,110,1327,71,-1018,-12157
136289,219855920,1,1,17,53.7185614,-1.3092757,101.629,1.044,0.256,0.137,0.000,0.0620,-0.1290,0.9880,1.87,0.23,-2.88,28.089,-3.591,-0.766,1,1531,-1,7.4,1,0,1,53.0,0.0,110,1328,71,-1018,-12157
136379,219856000,1,1,17,53.7185615,-1.3092754,101.630,1.138,0.206,0.240,0.000,0.0870,-0.0740,0.9810,6.53,0.43,-2.32,49.354,-5.068,-0.209,1,1531,-1,7.4,1,0,1,53.0,0.0,110,1328,71,954,-5246
136446,219856040,1,1,17,53.7185616,-1.3092752,101.624,1.343,0.221,0.301,0.000,0.0950,-0.0410,0.9950,7.99,0.76,-2.27,53.685,-5.454,0.186,1,1531,-1,7.4,1,0,1,53.0,0.0,110,1328,71,1480,-6528
136529,219856160,1,1,17,53.7185619,-1.3092747,101.628,1.454,0.263,0.307,0.000,0.0630,0.0900,1.0180,7.49,1.36,-2.64,49.457,-3.541,1.662,1,1531,-1,7.4,1,0,1,53.0,0.0,110,1330,71,1379,-6528
136596,219856200,1,1,17,53.7185620,-1.3092746,101.627,1.174,0.229,0.232,0.000,0.0580,0.1210,0.9910,5.77,1.41,-2.62,45.382,-3.350,2.119,1,1550,-1,7.4,1,0,1,53.0,0.0,110,1330,71,1130,24187
136681,219856280,1,1,17,53.7185621,-1.3092745,101.631,0.889,0.207,0.134,0.000,0.0610,0.1290,0.9660,1.53,0.74,-2.65,32.987,-3.613,2.784,1,1550,-1,7.4,1,0,1,53.0,0.0,110,1330,71,241,24187
136749,219856360,1,1,17,53.7185622,-1.3092743,101.623,0.922,0.217,0.136,0.000,0.0640,0.0880,0.9970,-2.14,-0.02,-2.49,32.133,-3.673,3.026,1,1585,-1,7.8,1,0,1,53.0,0.0,110,1330,71,-123,7293
136836,219856440,1,1,17,53.7185624,-1.3092741,101.618,0.986,0.242,0.128,0.000,0.0840,0.0760,0.9880,-4.03,-0.18,-2.32,27.892,-4.860,3.052,1,1554,-1,7.8,1,0,1,53.0,0.0,110,1330,71,-383,-16771
136901,219856520,1,1,17,53.7185626,-1.3092740,101.619,1.105,0.287,0.109,0.000,0.0900,0.1030,1.0030,-5.85,0.26,-2.25,20.713,-5.127,2.993,1,1535,-1,7.8,1,0,1,53.0,0.0,110,1330,71,-557,-16771
136990,219856600,1,1,17,53.7185629,-1.3092740,101.617,1.192,0.323,0.070,0.000,0.0740,0.1070,0.9980,-8.66,0.84,-2.33,12.249,-4.241,2.748,1,1523,-1,7.8,1,0,1,53.0,0.0,110,1330,71,-976,3196
137056,219856680,1,1,17,53.7185631,-1.3092741,101.614,1.102,0.306,-0.009,0.000,0.0630,0.0650,0.9960,-11.46,1.17,-2.38,358.297,-3.619,2.231,1,1578,-1,7.8,1,0,1,53.0,0.0,110,1330,71,-1458,1149
137140,219856760,1,1,17,53.7185633,-1.3092741,101.614,1.202,0.332,-0.034,0.000,0.0710,-0.0430,0.9950,-11.45,1.80,-3.01,354.191,-4.082,1.445,1,1578,-1,7.8,1,0,1,53.0,0.0,110,1330,71,-1458,1149
137205,219856840,1,1,17,53.7185635,-1.3092740,101.609,1.238,0.338,0.064,0.000,0.0600,-0.1180,1.0070,-7.18,1.93,-4.53,10.787,-3.410,0.741,1,1542,-1,7.8,1,0,1,53.0,0.0,110,1336,71,-1606,-8829
137290,219856880,1,1,17,53.7185636,-1.3092738,101.615,1.148,0.300,0.107,0.000,0.0530,-0.1320,1.0090,-4.07,1.77,-5.30,19.628,-3.007,0.543,1,1535,-1,7.8,1,0,1,53.0,0.0,110,1336,71,-1606,-8829
137356,219856960,1,1,17,53.7185637,-1.3092736,101.618,1.253,0.294,0.187,0.000,0.0500,-0.0630,0.9940,3.16,1.03,-6.22,32.490,-2.880,0.663,1,1511,-1,7.8,1,0,1,53.0,0.0,110,1336,71,-140,6788
137442,219857040,1,1,17,53.7185638,-1.3092733,101.627,1.080,0.210,0.214,0.000,0.0540,-0.0040,0.9870,5.20,1.16,-6.07,45.559,-3.132,1.179,1,1531,-1,7.8,1,0,1,53.0,0.0,110,1336,71,-140,6788
137510,219857120,1,1,17,53.7185638,-1.3092731,101.624,0.839,0.131,0.193,0.000,0.0400,0.0970,1.0320,4.06,1.20,-4.46,55.937,-2.220,1.919,1,1515,-1,7.8,1,0,1,53.0,0.0,110,1336,71,397,29310
137597,219857200,1,1,17,53.7185640,-1.3092729,101.625,0.799,0.157,0.157,0.000,0.0570,0.1300,0.9890,0.30,0.88,-2.72,45.006,-3.299,2.472,1,1570,-1,7.8,1,0,1,53.0,0.0,110,1336,71,140,-21634
137663,219857280,1,1,17,53.7185641,-1.3092728,101.632,0.868,0.222,0.093,0.000,0.0550,0.1340,0.9820,-3.82,0.95,-1.45,22.618,-3.206,2.716,1,1570,-1,7.8,1,0,1,53.0,0.0,110,1336,71,140,-21634
137751,219857360,1,1,17,53.7185642,-1.3092728,101.622,0.547,0.147,0.040,0.000,0.0520,0.0940,0.9700,-7.89,0.79,-0.53,15.280,-3.069,2.547,1,1570,-1,7.8,1,0,1,53.0,0.0,110,1338,71,140,-21634
137817,219857440,1,1,17,53.7185644,-1.3092728,101.613,0.817,0.224,0.035,0.000,0.0470,0.0640,0.9850,-9.59,0.88,0.35,8.841,-2.732,2.136,1,1519,-1,7.8,1,0,1,53.0,0.0,110,1338,78,-1111,-22144
137903,219857520,1,1,17,53.7185644,-1.3092728,101.611,0.547,0.152,0.004,0.000,0.0330,0.0260,1.0070,-9.90,1.26,1.83,1.553,-1.877,1.610,1,1609,1,7.8,1,0,1,53.0,0.0,109,1338,78,-823,-22144
137967,219857600,1,1,17,53.7185645,-1.3092729,101.600,0.410,0.113,-0.012,0.000,0.0140,-0.0130,1.0060,-9.47,1.43,2.09,353.874,-0.797,1.047,1,1570,1,7.8,1,0,1,53.0,0.0,109,1339,78,-823,-22144
138053,219857680,1,1,17,53.7185645,-1.3092730,101.581,0.356,0.094,-0.030,0.000,0.0170,-0.0160,0.9810,-8.80,1.25,1.59,342.347,-0.993,0.522,1,1488,1,6.7,1,0,1,53.0,0.0,109,1339,67,-775,-11647
138117,219857720,1,1,17,53.7185645,-1.3092730,101.578,0.277,0.073,-0.023,0.000,0.0150,-0.0200,0.9850,-8.03,0.95,1.38,342.347,-0.872,0.298,1,1484,1,6.7,1,0,1,53.0,0.0,109,1339,67,-775,-11647
138204,219857800,1,1,17,53.7185646,-1.3092731,101.580,0.277,0.073,-0.023,0.000,0.0070,-0.0360,0.9770,-6.57,0.52,0.71,342.347,-0.411,-0.103,1,1410,1,6.7,1,0,1,53.0,0.0,108,1340,67,-548,-11647
138269,219857880,1,1,17,53.7185645,-1.3092732,101.577,0.227,0.060,-0.019,0.000,0.0030,-0.0360,1.0070,-5.06,0.52,0.29,342.347,-0.171,-0.346,1,1363,1,0.0,1,0,1,53.0,0.0,108,1340,67,-548,-11647
138355,219857960,1,1,17,53.7185644,-1.3092733,101.578,0.414,0.040,-0.108,0.000,-0.0010,-0.0290,0.9970,-3.34,0.95,-0.42,290.186,0.057,-0.469,1,1277,1,0.0,1,0,1,53.0,0.0,108,1340,0,-263,-11647
138421,219858040,1,1,17,53.7185643,-1.3092734,101.573,0.472,-0.069,-0.111,0.000,-0.0190,-0.0350,1.0160,-2.89,1.09,-0.97,238.286,1.071,-0.517,1,1277,1,0.0,1,0,1,53.0,0.0,108,1340,0,-263,-11647
138507,219858120,1,1,17,53.7185641,-1.3092735,101.577,0.630,-0.139,-0.106,0.000,-0.0020,-0.0210,0.9940,-2.20,0.73,-1.65,217.222,0.115,-0.485,1,1277,1,0.0,1,0,1,53.0,0.0,108,1341,0,-168,-24191
138573,219858200,1,1,17,53.7185639,-1.3092737,101.573,1.015,-0.241,-0.146,0.000,-0.0190,-0.0170,1.0100,-1.84,0.55,-2.20,211.257,1.078,-0.405,1,1128,1,0.0,1,0,1,53.0,0.0,108,1341,0,-199,6782
138661,219858280,1,1,17,53.7185637,-1.3092739,101.571,0.968,-0.235,-0.131,0.000,-0.0340,-0.0210,1.0300,-1.49,0.69,-2.87,209.110,1.891,-0.300,1,1246,1,0.0,1,0,1,53.0,0.0,110,1341,0,-199,6782
138726,219858320,1,1,17,53.7185636,-1.3092740,101.571,1.026,-0.243,-0.148,0.000,-0.0430,-0.0240,1.0450,-1.33,0.80,-3.29,211.393,2.356,-0.247,1,1246,1,0.0,1,0,1,53.0,0.0,112,1341,0,-131,27263
138815,219858440,1,1,17,53.7185630,-1.3092744,101.567,1.688,-0.420,-0.209,0.000,-0.0380,0.0000,1.0390,-1.44,0.73,-4.10,206.498,2.095,0.002,1,1339,1,0.0,1,0,1,53.0,0.8,112,1341,0,-131,14463
138879,219858480,1,1,17,53.7185629,-1.3092746,101.567,1.822,-0.449,-0.233,0.000,-0.0090,0.0150,1.0210,-1.65,0.55,-4.39,207.372,0.505,0.079,1,1339,1,8.4,1,0,1,53.0,0.8,114,1341,0,-131,14463
138970,219858560,1,1,17,53.7185624,-1.3092749,101.568,2.063,-0.512,-0.258,0.000,-0.0070,0.0330,1.0300,-2.56,0.53,-4.82,206.785,0.389,0.220,1,1339,1,8.4,1,0,1,53.0,0.8,114,1345,0,-708,10879
139036,219858640,1,1,17,53.7185621,-1.3092753,101.572,2.012,-0.473,-0.299,0.000,-0.0150,0.0390,1.0290,-4.47,0.56,-5.18,212.290,0.835,0.229,1,1339,1,8.4,1,0,1,53.0,0.8,114,1345,84,-1004,10879
139124,219858760,1,1,17,53.7185614,-1.3092761,101.583,2.416,-0.547,-0.389,0.000,-0.0110,0.0050,1.0010,-6.23,1.20,-5.93,215.459,0.630,-0.014,1,1511,1,8.4,1,0,1,53.0,0.8,114,1345,84,-1004,10879
139189,219858800,1,1,17,53.7185613,-1.3092764,101.572,2.329,-0.518,-0.387,0.000,-0.0310,-0.0110,1.0100,-6.45,1.65,-6.33,216.774,1.758,-0.153,1,1511,1,8.4,1,0,1,53.0,0.8,114,1348,84,-1004,10879
139277,219858880,1,1,17,53.7185609,-1.3092770,101.555,2.614,-0.554,-0.470,0.000,-0.0520,-0.0190,1.0500,-6.59,1.90,-7.12,220.295,2.835,-0.448,1,1511,1,17.5,1,0,1,53.0,0.8,114,1348,175,-1600,14976
139345,219858920,1,1,17,53.7185606,-1.3092773,101.551,2.952,-0.650,-0.500,0.000,-0.0100,0.0090,1.0030,-6.16,1.68,-7.37,217.612,0.571,-0.545,1,1496,1,19.0,1,0,1,53.0,0.8,115,1353,175,-1841,-23425
139432,219859040,1,1,17,53.7185597,-1.3092782,101.552,3.388,-0.773,-0.537,0.000,-0.0340,-0.0030,1.0320,-6.66,1.88,-8.31,214.811,1.887,-0.903,1,1492,1,21.7,1,0,1,53.0,0.8,115,1353,217,-1841,-23425
139498,219859120,1,1,17,53.7185592,-1.3092790,101.554,3.254,-0.702,-0.569,0.000,-0.0280,-0.0140,1.0090,-6.95,2.10,-8.50,219.019,1.590,-1.183,1,1492,1,21.7,1,0,1,53.0,0.8,115,1353,217,-1827,-24706
139585,219859200,1,1,17,53.7185587,-1.3092797,101.534,3.337,-0.709,-0.597,0.000,-0.0110,-0.0240,1.0050,-6.42,2.18,-9.14,220.079,0.627,-1.460,1,1492,1,25.5,1,0,1,53.0,0.8,116,1358,217,-1964,-25474
139649,219859280,1,1,17,53.7185579,-1.3092806,101.530,4.223,-0.946,-0.693,0.000,-0.0120,-0.0180,1.0420,-6.26,2.01,-10.13,216.217,0.660,-1.690,1,1542,1,26.9,1,0,1,53.0,0.8,116,1358,13,-1964,-25474
139736,219859320,1,1,17,53.7185576,-1.3092810,101.534,4.079,-0.914,-0.670,0.000,-0.0230,-0.0060,1.0290,-6.37,1.90,-10.39,216.250,1.280,-1.787,1,1542,1,26.9,1,0,1,55.0,0.8,116,1358,13,-2152,-32641
139801,219859400,1,1,17,53.7185571,-1.3092820,101.523,4.036,-0.837,-0.745,0.000,-0.0210,0.0070,0.9960,-7.44,1.60,-10.71,221.662,1.208,-2.018,1,1558,1,30.8,1,0,1,55.0,0.8,116,1358,13,-2152,-32641
139889,219859480,1,1,17,53.7185564,-1.3092830,101.527,4.439,-0.902,-0.840,0.000,-0.0270,-0.0270,1.0140,-7.51,1.43,-11.53,222.966,1.525,-2.314,1,1542,1,30.8,1,0,1,55.0,0.0,116,1365,13,-2409,24446
139953,219859560,1,1,17,53.7185557,-1.3092840,101.508,4.684,-0.987,-0.848,0.000,-0.0500,-0.0700,1.0250,-6.07,1.74,-13.13,220.681,2.793,-2.602,1,1542,1,30.8,1,0,1,55.0,0.0,116,1365,13,-2359,-17537
140041,219859640,1,1,17,53.7185549,-1.3092852,101.517,5.011,-1.057,-0.906,0.000,-0.0400,-0.0540,0.9620,-4.19,1.87,-14.20,220.582,2.381,-2.754,1,1574,1,37.3,1,0,1,55.0,0.0,107,1365,13,-2359,-17537
140107,219859720,1,1,17,53.7185541,-1.3092863,101.508,5.058,-1.065,-0.917,0.000,0.0060,0.0110,0.9420,-4.08,3.80,-14.96,220.725,-0.365,-2.747,1,1121,1,37.3,1,0,1,55.0,0.0,107,1373,13,-1774,-14721
140197,219859800,1,1,17,53.7185533,-1.3092876,101.490,5.576,-1.128,-1.062,0.000,-0.0280,0.0350,1.0980,-7.27,3.59,-15.02,223.260,1.461,-2.776,1,1121,1,40.9,1,0,1,55.0,0.0,107,1373,153,-3178,-14721
140265,219859880,1,1,17,53.7185527,-1.3092892,101.506,5.677,-1.052,-1.175,0.000,-0.0490,-0.0370,1.1100,-8.46,0.49,-15.56,228.162,2.528,-3.107,1,1062,1,42.4,1,0,1,55.0,0.0,107,1373,153,-3178,-14721
140351,219859960,1,1,17,53.7185518,-1.3092906,101.525,5.756,-1.101,-1.159,0.000,-0.0080,-0.1240,0.9630,-4.13,0.24,-16.62,226.467,0.476,-3.441,1,1109,1,43.6,1,0,1,55.0,0.0,107,1373,180,-3178,-14721
140415,219860040,1,1,17,53.7185509,-1.3092919,101.511,5.861,-1.199,-1.101,0.000,-0.0420,-0.1110,0.9880,-0.60,2.35,-17.26,222.569,2.434,-3.438,1,1109,1,43.6,1,0,1,55.0,0.0,107,1373,180,-2084,-895
140503,219860120,1,1,17,53.7185501,-1.3092934,101.510,5.828,-1.124,-1.165,0.000,0.0010,0.0020,0.9540,1.08,3.40,-17.70,226.008,-0.060,-3.043,1,1343,1,47.2,1,0,1,55.0,0.8,111,1391,180,-1723,-4993
140568,219860200,1,1,17,53.7185492,-1.3092950,101.515,6.394,-1.205,-1.304,0.000,-0.0040,0.0230,1.0430,-0.07,3.32,-17.49,227.258,0.220,-2.602,1,1437,1,49.6,1,0,1,55.0,0.8,111,1391,240,-1723,-4993
140655,219860280,1,1,17,53.7185484,-1.3092967,101.525,6.703,-1.239,-1.390,0.000,-0.0040,-0.0020,1.0320,-0.16,1.70,-17.18,228.291,0.222,-2.256,1,1367,1,49.6,1,0,1,55.0,0.8,111,1391,240,-2009,-14720
140720,219860320,1,1,17,53.7185479,-1.3092975,101.531,6.602,-1.227,-1.363,0.000,-0.0280,-0.0150,1.0350,0.39,1.12,-17.11,228.016,1.550,-2.087,1,1468,1,50.9,1,0,1,55.0,0.8,116,1401,240,-2009,-14720
140805,219860440,1,1,17,53.7185468,-1.3093001,101.521,6.527,-1.128,-1.419,0.000,-0.0390,0.0360,1.0290,1.44,0.95,-15.68,231.529,2.171,-1.362,1,1496,1,50.9,1,0,1,55.0,0.8,116,1401,240,-1586,1409
140873,219860480,1,1,17,53.7185464,-1.3093011,101.519,6.775,-1.137,-1.499,0.000,-0.0520,0.0390,1.0530,0.94,0.91,-14.85,232.818,2.827,-1.131,1,1492,1,53.4,1,0,1,55.0,0.8,116,1401,22,-1502,17024
140960,219860560,1,1,17,53.7185455,-1.3093032,101.531,7.290,-1.175,-1.649,0.000,-0.0650,0.0320,1.0300,-0.25,0.54,-12.88,234.525,3.611,-0.752,1,1574,1,55.1,1,0,1,55.0,0.8,116,1401,22,-1502,17024
141027,219860640,1,1,17,53.7185447,-1.3093052,101.554,7.510,-1.191,-1.713,0.000,-0.0330,0.0360,0.9490,-0.71,0.24,-10.50,235.181,1.992,-0.450,1,1460,1,55.1,1,0,1,55.0,0.8,116,1412,22,-1262,-4223
141114,219860720,1,1,17,53.7185439,-1.3093075,101.542,7.855,-1.201,-1.822,0.000,-0.0530,0.0350,1.0130,-0.77,-0.17,-8.75,236.613,2.995,-0.164,1,1460,1,55.1,1,0,1,55.0,0.8,116,1412,22,-783,22145
141179,219860800,1,1,17,53.7185429,-1.3093098,101.521,8.176,-1.240,-1.902,0.000,-0.0160,0.0410,0.9720,-2.01,-0.06,-6.31,236.902,0.943,0.071,1,1460,1,55.1,1,0,1,55.0,0.8,116,1425,22,-873,-18305
141267,219860880,1,1,17,53.7185421,-1.3093123,101.538,8.291,-1.191,-1.971,0.000,-0.0640,0.0050,0.9960,-2.23,1.04,-4.52,238.849,3.677,0.196,1,1500,1,65.4,1,0,1,55.0,0.8,116,1425,142,-722,31872
141331,219860920,1,1,17,53.7185416,-1.3093135,101.544,8.320,-1.199,-1.976,0.000,-0.1290,-0.0290,1.1080,-2.21,0.78,-4.36,238.745,6.641,0.200,1,1500,1,65.4,1,0,1,55.0,0.8,116,1425,142,-515,31872
141418,219861040,1,1,17,53.7185402,-1.3093174,101.539,8.863,-1.252,-2.120,0.000,-0.0470,0.0110,1.0210,-1.07,-0.66,-4.06,239.426,2.636,0.394,1,1492,1,70.5,1,0,1,55.0,0.8,115,1425,142,-285,31869
141484,219861080,1,1,17,53.7185397,-1.3093187,101.546,8.917,-1.277,-2.122,0.000,-0.0610,-0.0120,1.0040,-1.08,0.19,-4.17,238.956,3.477,0.455,1,1492,1,70.5,1,0,1,55.0,0.8,115,1438,142,-285,31869
141571,219861160,1,1,17,53.7185387,-1.3093214,101.532,9.328,-1.317,-2.231,0.000,-0.0250,-0.0330,0.9660,-0.58,0.56,-4.75,239.452,1.482,0.552,1,1449,1,72.7,1,0,1,55.0,0.8,115,1438,215,-285,31869
141639,219861240,1,1,17,53.7185377,-1.3093241,101.546,9.266,-1.330,-2.204,0.000,-0.0960,-0.0540,1.0760,2.09,2.72,-5.49,238.882,5.098,0.781,1,1449,1,72.7,1,0,1,55.0,0.8,115,1454,215,87,32383
141725,219861320,1,1,17,53.7185364,-1.3093271,101.539,10.404,-1.551,-2.439,0.000,-0.0450,-0.0200,0.9610,4.21,2.35,-5.66,237.544,2.681,1.228,1,1449,1,72.7,1,0,1,55.0,0.8,115,1454,215,364,-25474
141788,219861400,1,1,17,53.7185353,-1.3093300,101.531,10.177,-1.524,-2.381,0.000,-0.0240,0.0190,1.0210,5.54,2.98,-4.54,237.377,1.347,1.886,1,1492,1,80.0,1,0,1,55.0,0.8,115,1454,32,364,-25474
141875,219861480,1,1,17,53.7185343,-1.3093328,101.536,9.954,-1.473,-2.340,0.000,0.0040,0.0690,1.0230,4.76,3.12,-1.76,237.821,-0.224,2.569,1,1503,1,80.0,1,0,1,55.0,0.8,115,1454,32,1052,-20608
141946,219861560,1,1,17,53.7185333,-1.3093359,101.548,10.354,-1.445,-2.487,0.000,0.0590,0.0900,0.8610,4.02,-1.26,2.87,239.838,-3.920,3.243,1,1515,1,80.0,1,0,1,55.0,0.8,115,1469,32,1891,-22910
142031,219861640,1,1,17,53.7185321,-1.3093390,101.528,10.408,-1.483,-2.482,0.000,0.1990,0.0810,0.9370,1.62,6.02,7.57,239.138,-11.990,3.651,1,1515,1,80.0,1,0,1,55.0,0.8,115,1469,32,1931,-17793
142099,219861720,1,1,17,53.7185311,-1.3093417,101.528,9.612,-1.403,-2.271,0.000,0.0310,0.0620,1.1980,-1.98,7.32,11.84,238.289,-1.482,3.820,1,1515,1,80.0,1,0,1,55.0,0.8,115,1469,32,1824,-25728
142188,219861800,1,1,17,53.7185301,-1.3093447,101.529,10.249,-1.419,-2.468,0.000,0.0710,0.0090,0.9810,-5.14,0.35,15.87,240.097,-4.140,3.692,1,1589,1,80.0,1,0,1,55.0,1.6,115,1469,32,1911,-21888
142254,219861880,1,1,17,53.7185290,-1.3093476,101.526,9.929,-1.440,-2.352,0.000,0.0740,0.0190,0.9700,-7.41,4.54,17.26,238.517,-4.363,3.327,1,1605,1,80.0,1,0,1,55.0,1.6,115,1469,32,1933,-19071
142339,219861960,1,1,17,53.7185280,-1.3093504,101.499,9.860,-1.443,-2.328,0.000,-0.0400,-0.0680,1.0350,-8.35,3.85,15.70,238.206,2.213,2.704,1,1605,1,80.5,1,0,1,55.0,1.6,117,1501,32,1933,-19071
142403,219862000,1,1,17,53.7185275,-1.3093519,101.517,9.900,-1.417,-2.357,0.000,-0.0500,-0.0700,1.0890,-7.88,3.44,14.55,238.988,2.629,2.393,1,1605,1,81.1,1,0,1,55.0,0.0,117,1501,32,1175,-14462
142492,219862120,1,1,17,53.7185257,-1.3093561,101.499,9.763,-1.493,-2.264,0.000,0.0000,-0.0530,1.0820,-5.02,3.37,8.53,236.589,-0.000,1.683,1,1605,1,81.1,1,0,1,55.0,0.0,117,1501,43,1175,-14462
142557,219862160,1,1,17,53.7185251,-1.3093575,101.510,10.058,-1.606,-2.286,0.000,-0.0150,0.0000,1.1050,-4.36,1.80,7.20,234.914,0.778,1.603,1,1375,1,84.2,1,0,1,55.0,0.0,117,1501,43,557,25214
142643,219862240,1,1,17,53.7185237,-1.3093605,101.544,10.915,-1.748,-2.478,0.000,0.0110,-0.0030,0.8990,-3.71,-4.03,5.55,234.803,-0.701,1.422,1,1375,1,82.7,1,0,1,55.0,0.0,117,1518,59,666,12159
142714,219862320,1,1,17,53.7185226,-1.3093633,101.544,10.328,-1.643,-2.352,0.000,0.0350,-0.0510,0.8750,-3.24,-0.10,4.76,235.054,-2.291,1.253,1,1117,1,82.7,1,0,1,55.0,0.0,117,1518,59,655,3198
142801,219862400,1,1,17,53.7185213,-1.3093659,101.538,10.116,-1.724,-2.219,0.000,-0.0190,-0.0270,1.1060,-2.52,0.84,3.31,232.145,0.984,1.214,1,1117,1,83.0,1,0,1,55.0,0.0,110,1529,59,655,3198
142868,219862480,1,1,17,53.7185200,-1.3093688,101.541,10.613,-1.793,-2.340,0.000,0.0260,-0.0160,1.0220,-1.28,0.26,2.06,232.540,-1.457,1.280,1,1238,1,83.0,1,0,1,55.0,0.0,110,1529,59,193,-30591
142956,219862560,1,1,17,53.7185187,-1.3093716,101.560,10.228,-1.722,-2.259,0.000,0.0430,0.0000,0.9620,0.63,1.51,0.76,232.685,-2.559,1.440,1,1371,1,84.2,1,0,1,55.0,0.0,110,1529,59,576,-7299
143019,219862640,1,1,17,53.7185173,-1.3093743,101.556,10.451,-1.835,-2.250,0.000,0.0510,-0.0010,0.9370,2.86,0.37,-0.55,230.798,-3.115,1.782,1,1371,1,84.2,1,0,1,55.0,0.0,110,1545,59,576,-7299
143110,219862720,1,1,17,53.7185160,-1.3093772,101.562,10.598,-1.810,-2.322,0.000,0.0150,-0.0030,0.8820,4.93,3.02,-0.73,232.057,-0.974,2.287,1,1378,1,83.8,1,0,1,55.0,0.0,110,1545,59,909,18046
143175,219862800,1,1,17,53.7185146,-1.3093798,101.565,10.393,-1.833,-2.231,0.000,-0.0330,0.0340,1.0010,6.55,4.36,-0.17,230.591,1.888,2.974,1,1378,1,83.8,1,0,1,55.0,0.0,110,1545,59,909,18046
143261,219862880,1,1,17,53.7185131,-1.3093826,101.564,10.908,-1.981,-2.293,0.000,-0.0850,0.0410,1.1750,7.27,1.98,1.99,229.174,4.138,3.766,1,1378,1,83.8,1,0,1,55.0,0.0,110,1562,59,909,18046
143326,219862920,1,1,17,53.7185123,-1.3093840,101.563,11.149,-2.020,-2.348,0.000,0.0050,0.0420,1.0280,7.68,0.87,3.46,229.299,-0.279,4.164,1,1230,1,87.0,1,0,1,55.0,0.0,110,1562,59,1914,21377
143414,219863040,1,1,17,53.7185101,-1.3093883,101.573,10.987,-1.988,-2.315,0.000,0.0490,0.0500,0.9470,9.42,-2.21,7.67,229.343,-2.962,5.436,1,1187,1,87.0,1,0,1,55.0,0.0,110,1562,59,1914,20862
143480,219863080,1,1,17,53.7185094,-1.3093896,101.596,10.613,-1.940,-2.220,0.000,0.0640,0.0560,0.9650,9.27,-2.37,9.24,228.858,-3.794,5.883,1,1187,1,87.0,1,0,1,55.0,0.0,110,1579,59,1914,20862
143567,219863200,1,1,17,53.7185070,-1.3093936,101.582,10.973,-2.045,-2.260,0.000,0.1080,0.0920,1.0280,7.37,-0.98,16.07,227.866,-5.997,7.142,1,1203,1,86.2,1,0,1,55.0,0.0,110,1579,59,3436,30334
143635,219863240,1,1,17,53.7185061,-1.3093948,101.595,10.926,-2.120,-2.172,0.000,0.1020,0.1020,1.0200,6.26,-0.82,18.65,225.695,-5.711,7.485,1,1234,1,84.8,1,0,1,55.0,0.0,112,1579,59,4135,15488
143721,219863280,1,1,17,53.7185053,-1.3093962,101.585,10.872,-2.125,-2.146,0.000,0.0930,0.1080,0.9990,5.29,-0.47,21.33,225.292,-5.319,7.791,1,1234,1,84.8,1,0,1,55.0,0.0,112,1596,59,4135,15488
143787,219863400,1,1,17,53.7185031,-1.3094000,101.603,10.530,-2.017,-2.118,0.000,0.0360,0.0700,0.9840,0.30,2.56,28.36,226.399,-2.095,8.198,1,1355,1,85.3,1,0,1,55.0,0.0,112,1596,59,4104,7294
143872,219863480,1,1,17,53.7185015,-1.3094025,101.597,10.692,-2.135,-2.065,0.000,0.0200,0.0280,0.9430,-1.47,3.92,30.61,224.050,-1.215,8.124,1,1355,1,87.5,1,0,1,55.0,0.0,112,1596,59,4239,7294
143939,219863560,1,1,17,53.7184998,-1.3094048,101.601,10.631,-2.166,-2.007,0.000,-0.0140,0.0040,0.9810,-2.91,6.38,31.26,222.823,0.818,7.919,1,1355,1,87.5,1,0,1,55.0,0.0,112,1612,59,4239,2429
144025,219863600,1,1,17,53.7184990,-1.3094060,101.601,10.721,-2.209,-1.997,0.000,-0.0160,0.0130,1.0110,-3.61,6.52,31.18,222.115,0.907,7.759,1,1464,1,89.8,1,0,1,55.0,0.0,112,1612,130,3744,29053
144091,219863720,1,1,17,53.7184961,-1.3094094,101.586,11.156,-2.459,-1.885,0.000,-0.0470,-0.0180,1.1070,-5.28,6.22,30.41,217.474,2.431,7.146,1,1433,1,91.5,1,0,1,55.0,0.0,112,1612,130,3744,29053
144179,219863800,1,1,17,53.7184943,-1.3094116,101.579,10.886,-2.432,-1.797,0.000,0.0530,0.0010,0.9490,-5.83,4.32,29.01,216.468,-3.197,6.642,1,1433,1,91.5,1,0,1,55.0,0.0,112,1631,130,3744,29053
144244,219863840,1,1,17,53.7184934,-1.3094126,101.555,10.548,-2.378,-1.711,0.000,0.0170,0.0040,0.9950,-6.98,6.39,28.86,215.734,-0.979,6.365,1,1437,1,91.5,1,0,1,55.0,0.0,112,1631,147,3181,-2689
144333,219863920,1,1,17,53.7184915,-1.3094146,101.514,10.451,-2.424,-1.597,0.000,-0.0170,0.0000,1.0410,-7.82,8.38,28.42,213.373,0.936,5.789,1,1257,1,94.1,1,0,1,55.0,0.0,108,1631,147,2515,-32641
144398,219864000,1,1,17,53.7184895,-1.3094163,101.519,10.984,-2.667,-1.482,0.000,0.0290,-0.0390,0.9710,-7.48,4.20,25.59,209.052,-1.711,5.137,1,1257,1,94.1,1,0,1,55.0,0.0,108,1648,147,2515,-32641
144487,219864080,1,1,17,53.7184875,-1.3094182,101.534,11.351,-2.747,-1.548,0.000,0.0160,-0.0220,1.0320,-7.67,3.77,23.49,209.403,-0.888,4.564,1,1171,1,94.1,1,0,1,55.0,0.0,108,1648,173,2163,-5251
144552,219864160,1,1,17,53.7184854,-1.3094200,101.533,11.326,-2.760,-1.509,0.000,0.0260,0.0220,1.0150,-8.88,3.73,22.86,208.664,-1.467,4.030,1,1156,1,94.1,1,0,1,55.0,0.0,110,1648,173,2163,-5251
144639,219864240,1,1,17,53.7184832,-1.3094218,101.532,11.876,-2.943,-1.490,0.000,0.0060,-0.0250,0.9870,-10.02,2.50,22.38,206.854,-0.348,3.327,1,1203,1,94.1,1,0,1,55.0,0.0,110,1668,173,2163,-5251
144706,219864320,1,1,17,53.7184810,-1.3094234,101.539,11.837,-2.986,-1.377,0.000,-0.0020,-0.0370,1.0330,-10.21,2.11,20.72,204.759,0.111,2.569,1,1250,1,95.6,1,0,1,55.0,0.0,110,1668,188,1640,-5251
144790,219864400,1,1,17,53.7184787,-1.3094248,101.555,12.121,-3.126,-1.250,0.000,0.0000,-0.0420,0.9950,-10.49,3.27,18.20,201.794,-0.000,1.812,1,1222,1,96.3,1,0,1,56.0,0.0,110,1668,188,1640,-5251
144859,219864480,1,1,17,53.7184765,-1.3094264,101.555,11.801,-3.032,-1.245,0.000,-0.0240,-0.0540,1.0020,-9.73,4.64,14.89,202.325,1.372,1.125,1,1214,1,96.6,1,0,1,56.0,0.0,110,1668,188,1044,3199
144946,219864560,1,1,17,53.7184742,-1.3094277,101.536,11.884,-3.110,-1.107,0.000,-0.0160,-0.0430,1.0370,-8.34,3.48,11.96,199.589,0.884,0.535,1,1214,1,98.4,1,0,1,56.0,0.0,110,1668,216,758,25982
145013,219864600,1,1,17,53.7184730,-1.3094284,101.545,12.010,-3.153,-1.089,0.000,0.0090,-0.0260,1.0070,-8.01,2.90,10.74,199.056,-0.512,0.306,1,1214,1,98.4,1,0,1,56.0,0.0,109,1668,216,758,-16512
145099,219864720,1,1,17,53.7184695,-1.3094302,101.568,12.197,-3.228,-1.028,0.000,0.0110,0.0380,0.9940,-9.55,0.85,9.81,197.665,-0.634,-0.292,1,1281,1,98.4,1,0,1,56.0,0.0,109,1706,216,758,-16512
145165,219864760,1,1,17,53.7184684,-1.3094311,101.572,12.301,-3.223,-1.135,0.000,-0.0250,0.0270,1.0580,-10.23,0.19,10.30,199.401,1.354,-0.532,1,1281,1,99.4,1,0,1,56.0,0.0,109,1706,226,31,25214
145252,219864880,1,1,17,53.7184646,-1.3094331,101.582,12.960,-3.432,-1.088,0.000,-0.0050,-0.0200,0.9820,-12.73,-0.45,10.10,197.597,0.292,-1.585,1,1261,1,101.6,1,0,1,56.0,0.0,110,1706,226,31,25214
145317,219864920,1,1,17,53.7184634,-1.3094337,101.597,12.722,-3.389,-1.003,0.000,-0.0090,-0.0370,0.9600,-12.96,-1.08,9.47,196.496,0.537,-1.980,1,1261,1,101.6,1,0,1,56.0,0.0,110,1725,226,-196,19583
145404,219865000,1,1,17,53.7184610,-1.3094349,101.592,12.798,-3.412,-0.997,0.000,0.0080,-0.0480,0.9890,-13.22,-1.80,7.30,196.293,-0.463,-2.809,1,1253,1,101.5,1,0,1,56.0,0.0,110,1725,247,-1150,25983
145471,219865080,1,1,17,53.7184585,-1.3094362,101.597,12.874,-3.429,-1.013,0.000,0.0010,-0.0530,1.0130,-13.53,-0.31,3.71,196.460,-0.057,-3.609,1,1242,1,102.4,1,0,1,56.0,0.0,109,1725,247,-1150,25983
145560,219865160,1,1,17,53.7184560,-1.3094375,101.633,13.079,-3.486,-1.023,0.000,-0.0150,-0.0220,1.0370,-13.91,-0.11,1.70,196.350,0.829,-4.325,1,1242,1,102.4,1,0,1,56.0,0.0,109,1746,247,-1640,-24705
145625,219865240,1,1,17,53.7184537,-1.3094387,101.652,12.316,-3.273,-0.995,0.000,0.0690,-0.0670,1.0130,-14.75,-0.17,0.33,196.902,-3.897,-5.151,1,1273,1,103.6,1,0,1,56.0,0.0,109,1746,12,-1640,-24705
145714,219865320,1,1,17,53.7184513,-1.3094398,101.664,12.611,-3.378,-0.927,0.000,0.0570,-0.1750,0.9980,-11.53,0.97,-3.74,195.339,-3.269,-5.998,1,1312,1,103.6,1,0,1,56.0,0.0,109,1746,12,-1640,-24705
145781,219865400,1,1,17,53.7184489,-1.3094408,101.703,12.578,-3.383,-0.873,0.000,0.0770,-0.1290,0.9280,-6.83,2.83,-10.88,194.477,-4.743,-6.474,1,1312,1,103.6,1,0,1,56.0,0.0,109,1765,19,-1841,-13439
145866,219865480,1,1,17,53.7184465,-1.3094421,101.703,12.553,-3.352,-0.961,0.000,0.0180,-0.0110,1.0650,-4.36,3.17,-15.95,196.000,-0.968,-6.407,1,1312,1,103.6,1,0,1,56.0,0.0,109,1765,19,-2339,-3970
145934,219865560,1,1,17,53.7184443,-1.3094434,101.734,12.272,-3.256,-1.008,0.000,0.1160,0.0360,0.9720,-3.68,1.89,-15.73,197.203,-6.806,-6.147,1,1464,1,103.8,1,0,1,56.0,0.0,109,1765,19,-2115,18306
146020,219865640,1,1,17,53.7184419,-1.3094444,101.768,12.233,-3.272,-0.919,0.000,0.0860,0.0010,1.0090,-3.84,1.63,-13.53,195.683,-4.872,-5.891,1,1457,1,102.2,1,0,1,56.0,0.0,109,1765,254,-2115,18306
146082,219865720,1,1,17,53.7184397,-1.3094456,101.788,11.761,-3.133,-0.925,0.000,0.1180,0.0000,0.9980,-3.80,1.52,-11.66,196.452,-6.743,-5.689,1,1457,1,102.2,1,0,1,56.0,0.0,109,1765,254,-1863,-22398
146172,219865760,1,1,17,53.7184387,-1.3094465,101.800,11.862,-3.116,-1.070,0.000,0.0640,0.0000,1.0840,-3.73,0.77,-11.14,198.951,-3.379,-5.596,1,1453,1,100.2,1,0,1,56.0,0.0,108,1765,254,-1863,-22398
146236,219865840,1,1,17,53.7184363,-1.3094480,101.844,12.658,-3.294,-1.231,0.000,0.0110,-0.0330,1.0260,-4.15,0.31,-11.50,200.491,-0.614,-5.506,1,1453,1,100.2,1,0,1,56.0,0.0,108,1805,254,-1763,-18050
146325,219865920,1,1,17,53.7184340,-1.3094492,101.875,12.078,-3.182,-1.062,0.000,0.0300,-0.0270,0.9630,-3.86,1.40,-12.78,198.454,-1.784,-5.389,1,1351,1,100.2,1,0,1,56.0,0.0,108,1805,234,-1897,-3969
146392,219866000,1,1,17,53.7184319,-1.3094506,101.891,11.772,-3.089,-1.073,0.000,0.0550,-0.0310,1.0100,-3.61,2.24,-13.63,199.152,-3.117,-5.254,1,1230,1,100.2,1,0,1,56.0,0.0,108,1805,234,-1897,-3969
146477,219866080,1,1,17,53.7184296,-1.3094526,101.900,12.470,-3.194,-1.340,0.000,0.0700,-0.0180,0.9730,-2.19,2.04,-14.04,202.752,-4.115,-5.040,1,1230,1,100.2,1,0,1,56.0,0.0,108,1825,234,-1726,-9088
146550,219866160,1,1,17,53.7184275,-1.3094534,101.947,11.596,-3.030,-1.092,0.000,0.0430,-0.0380,0.9820,-0.80,1.47,-14.84,199.814,-2.507,-4.763,1,1261,1,101.2,1,0,1,56.0,0.0,109,1825,238,-1726,-9088
146635,219866240,1,1,17,53.7184255,-1.3094549,102.025,11.552,-3.011,-1.109,0.000,0.0020,-0.0460,1.0000,1.23,0.05,-16.50,200.208,-0.115,-4.366,1,1261,1,101.2,1,0,1,56.0,0.0,109,1839,238,-1444,17024
146704,219866320,1,1,17,53.7184229,-1.3094559,102.039,12.834,-3.394,-1.091,0.000,0.0420,-0.0190,0.9440,4.70,1.43,-17.97,197.823,-2.547,-3.705,1,1265,1,101.5,1,0,1,56.0,0.0,109,1839,238,-1069,-2434
146791,219866400,1,1,17,53.7184204,-1.3094571,102.051,12.758,-3.402,-0.993,0.000,0.0380,0.0180,1.0400,7.08,3.38,-18.25,196.272,-2.093,-2.815,1,1277,1,101.5,1,0,1,56.0,0.0,109,1839,238,-1069,-2434
146854,219866480,1,1,17,53.7184183,-1.3094586,102.085,12.186,-3.223,-1.034,0.000,0.0520,0.0410,1.0200,9.06,2.01,-15.96,197.780,-2.918,-1.711,1,1277,1,101.5,1,0,1,56.0,0.0,109,1858,238,-484,13695
146942,219866560,1,1,17,53.7184162,-1.3094603,102.140,11.783,-3.037,-1.220,0.000,0.1310,0.0750,0.9430,9.81,2.21,-12.41,201.885,-7.909,-0.493,1,1445,1,103.2,1,0,1,56.0,0.0,109,1858,8,-484,13695
147008,219866600,1,1,17,53.7184151,-1.3094611,102.164,11.916,-3.034,-1.324,0.000,0.0220,0.0830,1.0650,9.32,0.63,-10.49,203.576,-1.183,0.096,1,1617,1,101.0,1,0,1,56.0,0.0,109,1858,8,501,-18814
147094,219866720,1,1,17,53.7184116,-1.3094640,102.127,12.042,-3.026,-1.425,0.000,0.1250,0.0870,0.9330,7.30,-0.73,-2.97,205.213,-7.631,1.691,1,1617,-1,101.0,1,0,1,56.0,0.0,109,1879,8,1195,641
147160,219866760,1,1,17,53.7184106,-1.3094655,102.130,12.190,-2.968,-1.630,0.000,0.1530,0.0730,1.0490,6.16,-0.14,-0.45,208.771,-8.298,2.104,1,1542,-1,99.4,1,0,1,56.0,0.0,109,1879,226,1195,641
147249,219866840,1,1,17,53.7184087,-1.3094677,102.149,11.768,-2.758,-1.755,0.000,0.1750,0.0850,1.0730,3.71,-2.05,4.24,212.475,-9.263,2.767,1,1519,-1,99.4,1,0,1,56.0,0.0,109,1879,226,1771,25729
147315,219866920,1,1,17,53.7184069,-1.3094703,102.196,11.675,-2.622,-1.908,0.000,0.2430,0.0770,0.9070,0.83,-1.30,9.06,216.050,-14.998,3.165,1,1519,-1,94.4,1,0,1,56.0,0.0,108,1879,226,1771,25729
147399,219867000,1,1,17,53.7184046,-1.3094713,102.149,10.742,-2.576,-1.506,0.000,0.2090,0.0150,1.0150,-2.80,-2.34,12.03,210.301,-11.635,3.145,1,1410,-1,92.4,1,0,1,56.0,0.0,108,1879,156,1771,25729
147466,219867040,1,1,17,53.7184036,-1.3094721,102.119,9.976,-2.435,-1.323,0.000,0.2640,0.0220,0.9050,-3.63,-2.36,12.77,208.525,-16.263,3.093,1,1386,-1,92.4,1,0,1,56.0,0.0,108,1879,156,1357,6782
147556,219867160,1,1,17,53.7184010,-1.3094753,102.071,9.655,-2.256,-1.451,0.000,0.3150,0.0000,0.9550,-6.20,1.97,12.51,212.755,-18.255,2.640,1,1386,-1,85.9,1,0,1,56.0,0.0,108,1915,156,1357,6782
147620,219867240,1,1,17,53.7184001,-1.3094770,102.229,8.680,-1.915,-1.464,0.000,0.3090,-0.0420,1.1260,-6.25,-1.17,10.79,217.395,-15.345,2.227,1,1460,-1,83.0,1,0,1,56.0,0.0,108,1915,62,1357,6782
147708,219867320,1,1,17,53.7183980,-1.3094778,102.118,8.716,-2.165,-1.084,0.000,0.4030,-0.0470,0.9610,-4.63,-1.55,8.37,206.591,-22.751,1.902,1,1578,-1,68.9,1,0,1,56.0,0.0,108,1915,62,596,-29824
147773,219867400,1,1,17,53.7183967,-1.3094795,102.065,7.052,-1.698,-0.977,0.000,0.4290,-0.0550,0.9230,-3.01,-0.02,6.71,209.932,-24.928,1.684,1,1578,-1,68.9,1,0,1,56.0,0.0,108,1928,62,596,-29824
147863,219867480,1,1,17,53.7183958,-1.3094806,102.130,6.487,-1.509,-0.985,0.000,0.4420,-0.0580,1.0090,-0.29,-0.34,5.57,213.133,-23.656,1.648,1,1515,-1,61.9,1,0,1,56.0,0.0,108,1928,107,1133,23678
147930,219867560,1,1,17,53.7183952,-1.3094814,102.188,5.090,-1.168,-0.796,0.000,0.5240,-0.0200,0.9450,2.68,-1.09,4.33,214.277,-29.008,1.912,1,1460,-1,55.9,1,0,1,56.0,0.0,106,1938,107,1133,23678
148015,219867640,1,1,17,53.7183944,-1.3094819,102.202,4.270,-1.025,-0.596,0.000,0.5230,0.0060,1.0450,3.54,-2.10,3.36,210.157,-26.587,2.368,1,1335,-1,55.9,1,0,1,56.0,0.0,106,1938,107,1200,-3969
148081,219867680,1,1,17,53.7183941,-1.3094823,102.184,3.539,-0.862,-0.473,0.000,0.6210,0.0200,0.9530,4.05,-2.54,2.55,208.765,-33.089,2.628,1,1335,-1,43.9,1,0,1,56.0,0.0,106,1938,183,1200,-3969
148167,219867800,1,1,17,53.7183941,-1.3094824,102.208,0.270,-0.064,-0.039,0.000,0.6950,0.0470,0.8410,3.74,-0.06,0.79,211.489,-39.570,3.478,1,1335,-1,43.9,1,0,1,56.0,0.0,106,1938,183,1248,28796
148234,219867840,1,1,17,53.7183942,-1.3094823,102.205,0.378,-0.090,-0.055,0.000,0.6830,0.1000,0.7150,3.43,1.92,0.42,211.489,-43.689,3.828,1,1335,-1,43.9,1,0,1,56.0,0.0,106,1942,183,1105,28796
148319,219867920,1,1,17,53.7183943,-1.3094820,102.160,1.544,0.194,0.383,0.000,0.3270,0.0910,0.9410,2.40,9.18,0.12,63.145,-19.162,4.356,1,1320,-1,30.6,1,0,1,56.0,0.0,106,1942,50,1105,28796
148387,219868000,1,1,17,53.7183946,-1.3094819,102.117,1.699,0.400,0.251,0.000,0.0510,0.0880,1.1290,1.22,11.78,0.53,32.097,-2.586,4.731,1,1320,-1,0.0,1,0,1,56.0,0.0,109,1942,50,593,32636
148473,219868080,1,1,17,53.7183948,-1.3094817,102.123,1.102,0.275,0.135,0.000,-0.0820,0.1320,1.0310,-0.47,10.19,0.52,26.114,4.547,5.040,1,1320,-1,0.0,1,0,1,56.0,0.0,109,1942,50,593,32636
148540,219868160,1,1,17,53.7183948,-1.3094816,102.121,0.544,0.127,0.082,0.000,-0.1990,0.1130,1.0510,-2.79,6.73,-0.06,32.760,10.722,5.150,1,1507,-1,0.0,1,0,1,56.0,0.0,109,1942,50,101,-15494
148626,219868240,1,1,17,53.7183948,-1.3094818,102.099,0.194,0.045,0.029,0.000,-0.1280,0.1140,1.0720,-5.03,2.41,-0.22,32.760,6.809,5.084,1,1507,-1,0.0,1,0,1,56.0,0.0,109,1942,50,-372,-31364
148692,219868320,1,1,17,53.7183948,-1.3094819,102.112,0.274,0.064,0.041,0.000,-0.0320,0.1280,1.0750,-7.24,0.39,0.59,32.760,1.705,4.901,1,1507,-1,0.0,1,0,1,56.0,0.0,108,1942,50,-372,-31364
148783,219868400,1,1,17,53.7183947,-1.3094819,102.109,0.367,0.086,0.055,0.000,0.0330,0.1010,0.9720,-10.04,-0.96,0.82,32.760,-1.944,4.463,1,1429,-1,0.0,1,0,1,56.0,0.0,108,1942,50,-817,-6278
148848,219868480,1,1,17,53.7183947,-1.3094820,102.099,0.346,0.081,0.052,0.000,0.0960,0.1080,0.9430,-11.94,-2.17,0.88,32.760,-5.813,3.890,1,1441,-1,0.0,1,0,1,56.0,0.0,108,1942,50,-1088,6523
148935,219868560,1,1,17,53.7183946,-1.3094821,102.083,0.252,0.059,0.038,0.000,0.1330,0.0840,0.9420,-14.32,-1.35,1.04,32.760,-8.036,3.101,1,1402,-1,0.0,1,0,1,56.0,0.0,108,1942,0,-1455,24955
149000,219868600,1,1,17,53.7183946,-1.3094823,102.075,0.324,0.076,0.049,0.000,0.1200,0.0680,0.9770,-14.96,-0.49,1.11,32.760,-7.002,2.658,1,1402,-1,0.0,1,0,1,56.0,0.0,108,1942,0,-1455,24955
149090,219868680,1,1,17,53.7183946,-1.3094823,102.044,0.032,0.008,0.005,0.000,0.0890,0.0120,0.9910,-15.39,0.91,0.77,32.760,-5.132,1.655,1,1441,-1,0.0,1,0,1,56.0,0.0,108,1942,0,-1774,-8577
149156,219868760,1,1,17,53.7183946,-1.3094825,102.019,0.349,0.082,0.052,0.000,0.0190,-0.0460,1.0290,-14.08,0.94,0.79,32.760,-1.058,0.657,1,1441,-1,0.0,1,0,1,56.0,0.0,108,1943,0,-1693,-17278
149243,219868840,1,1,17,53.7183946,-1.3094828,102.004,0.684,0.091,-0.167,0.000,0.0380,-0.0940,1.0080,-12.38,0.72,0.75,298.472,-2.159,-0.305,1,1472,-1,0.0,1,0,1,56.0,0.0,108,1943,0,-1038,19587
149310,219868920,1,1,17,53.7183947,-1.3094833,101.989,1.130,0.094,-0.300,0.000,0.0250,-0.1070,1.0370,-8.74,0.93,0.79,287.473,-1.381,-1.036,1,1472,-1,0.0,1,0,1,56.0,0.0,108,1943,0,-1038,19587
149398,219869000,1,1,17,53.7183948,-1.3094837,101.988,1.138,0.081,-0.305,0.000,0.0590,-0.1090,0.9850,-6.12,0.81,0.52,284.882,-3.428,-1.468,1,1421,-1,0.0,1,0,1,56.0,0.0,108,1943,0,-478,-21628
149464,219869080,1,1,17,53.7183949,-1.3094838,101.982,0.644,0.048,-0.172,0.000,0.0800,-0.0810,0.9760,-3.21,0.51,0.51,285.637,-4.686,-1.673,1,1406,-1,0.0,1,0,1,56.0,0.0,108,1943,0,173,-21628
149550,219869160,1,1,17,53.7183949,-1.3094838,101.970,0.198,0.015,-0.053,0.000,0.0990,-0.0590,0.9670,-1.19,0.42,0.40,285.637,-5.845,-1.645,1,1406,-1,0.0,1,0,1,56.0,0.0,108,1943,0,243,-21628
149617,219869240,1,1,17,53.7183949,-1.3094836,101.967,0.176,0.013,-0.047,0.000,0.0600,-0.0410,1.0150,-0.16,0.60,0.41,285.637,-3.383,-1.451,1,1492,-1,0.0,1,0,1,56.0,0.0,108,1943,0,302,-25728
149709,219869320,1,1,17,53.7183950,-1.3094836,101.964,0.119,0.009,-0.032,0.000,0.0740,-0.0170,0.9880,0.14,0.66,0.38,285.637,-4.283,-1.225,1,1453,-1,0.0,1,0,1,56.0,0.0,107,1943,0,302,-25728
149773,219869400,1,1,17,53.7183950,-1.3094835,101.953,0.216,0.016,-0.058,0.000,0.0160,-0.0410,1.0450,-0.14,0.93,0.21,285.637,-0.877,-1.005,1,1453,-1,0.0,1,0,1,56.0,0.0,107,1943,0,302,-30593
149860,219869480,1,1,17,53.7183950,-1.3094834,101.944,0.241,0.018,-0.065,0.000,0.0480,-0.0140,0.9740,-0.26,0.64,0.20,285.637,-2.821,-0.790,1,1453,1,0.0,1,0,1,56.0,0.0,107,1943,0,302,-30593
149923,219869560,1,1,17,53.7183950,-1.3094834,101.944,0.220,0.016,-0.059,0.000,0.0140,-0.0160,1.0070,-0.37,0.49,0.33,285.637,-0.797,-0.558,1,1398,1,0.0,1,0,1,56.0,0.0,107,1943,0,481,-12673
150011,219869640,1,1,17,53.7183951,-1.3094833,101.943,0.101,0.008,-0.027,0.000,0.0450,0.0050,0.9680,-0.39,0.47,0.49,285.637,-2.662,-0.335,1,1398,1,0.0,1,0,1,56.0,0.0,107,1943,0,481,-12673
150075,219869680,1,1,17,53.7183951,-1.3094833,101.932,0.198,0.015,-0.053,0.000,0.0120,-0.0130,1.0190,-0.43,0.91,0.49,285.637,-0.675,-0.235,1,1238,1,0.0,1,0,1,56.0,0.0,107,1943,0,367,30848
150161,219869800,1,1,17,53.7183951,-1.3094832,101.937,0.277,0.021,-0.074,0.000,0.0140,-0.0070,0.9990,-0.48,1.68,0.51,285.637,-0.803,0.054,1,1144,1,0.0,1,0,1,56.0,0.0,107,1943,0,367,30848
150231,219869840,1,1,17,53.7183951,-1.3094832,101.937,0.414,0.031,-0.111,0.000,-0.0030,0.0010,1.0130,-0.47,1.74,0.56,285.637,0.170,0.161,1,1144,1,0.0,1,0,1,56.0,0.0,108,1943,0,397,-25985
150317,219869920,1,1,17,53.7183951,-1.3094832,101.935,0.414,0.031,-0.111,0.000,-0.0250,0.0090,1.0170,-0.77,1.26,0.67,285.637,1.408,0.366,1,1207,1,0.0,1,0,1,56.0,0.0,108,1943,0,453,12926
150381,219870000,1,1,17,53.7183950,-1.3094833,101.945,0.691,-0.143,-0.128,0.000,-0.0260,0.0030,1.0190,-1.16,0.84,0.74,221.887,1.462,0.523,1,1160,1,0.0,1,0,1,56.0,0.0,108,1943,0,453,12926
150469,219870080,1,1,17,53.7183950,-1.3094833,101.959,0.724,-0.179,-0.091,0.000,-0.0150,0.0090,1.0090,-1.14,0.84,0.75,206.792,0.852,0.660,1,1160,1,0.0,1,0,1,56.0,0.0,110,1943,0,227,-1408
150535,219870120,1,1,17,53.7183949,-1.3094835,101.956,0.976,-0.235,-0.134,0.000,-0.0210,0.0060,1.0030,-1.07,0.97,0.78,209.674,1.199,0.737,1,1179,1,0.0,1,0,1,56.0,0.0,110,1943,0,308,-6274
150623,219870200,1,1,17,53.7183948,-1.3094837,101.974,1.102,-0.237,-0.194,0.000,-0.0360,0.0020,1.0120,-1.30,1.43,0.87,219.344,2.037,0.866,1,1300,1,0.0,1,0,1,56.0,0.0,110,1943,0,386,4224
150690,219870280,1,1,17,53.7183947,-1.3094842,101.974,1.710,-0.311,-0.359,0.000,-0.0690,-0.0010,1.0460,-1.49,1.79,1.10,229.097,3.774,1.004,1,1300,1,0.0,1,0,1,56.0,0.0,110,1946,0,386,4224
150775,219870400,1,1,17,53.7183943,-1.3094846,101.980,1.717,-0.397,-0.264,0.000,-0.0180,0.0220,0.9990,-2.07,1.41,1.47,213.601,1.032,1.139,1,1378,1,5.8,1,0,1,56.0,0.0,110,1946,58,313,-2944
150846,219870440,1,1,17,53.7183943,-1.3094846,101.990,1.220,-0.288,-0.180,0.000,-0.0250,0.0170,1.0140,-2.19,1.48,1.60,211.990,1.412,1.175,1,1378,1,8.8,1,0,1,56.0,0.0,110,1946,58,313,-2944
150929,219870560,1,1,17,53.7183939,-1.3094854,102.003,2.257,-0.459,-0.427,0.000,-0.0210,0.0130,1.0080,-2.82,1.26,1.89,222.888,1.193,1.227,1,1378,1,8.8,1,0,1,56.0,0.0,110,1946,88,313,-2944
150995,219870600,1,1,17,53.7183938,-1.3094857,102.022,2.772,-0.595,-0.489,0.000,-0.0070,0.0310,0.9670,-2.95,1.24,2.00,219.438,0.415,1.249,1,1378,1,13.4,1,0,1,56.0,0.0,110,1946,134,196,18045
151083,219870680,1,1,17,53.7183935,-1.3094861,102.037,2.167,-0.470,-0.376,0.000,-0.0400,0.0090,1.0200,-3.43,1.36,2.13,218.646,2.246,1.230,1,1335,1,15.5,1,0,1,56.0,0.0,110,1946,134,196,18045
151150,219870760,1,1,17,53.7183931,-1.3094864,102.014,2.225,-0.533,-0.314,0.000,-0.0300,-0.0120,1.0320,-3.25,1.09,2.25,210.497,1.665,1.161,1,1375,1,15.5,1,0,1,56.0,0.0,110,1953,134,246,-8577
151236,219870840,1,1,17,53.7183925,-1.3094869,102.021,2.988,-0.754,-0.346,0.000,-0.0160,-0.0140,1.0230,-2.33,0.95,2.42,204.635,0.896,1.141,1,1375,1,19.5,1,0,1,56.0,0.0,110,1953,195,442,-26752
151302,219870920,1,1,17,53.7183922,-1.3094875,102.051,2.714,-0.639,-0.401,0.000,-0.0120,-0.0070,0.9970,-1.56,1.18,2.59,212.116,0.690,1.186,1,1371,1,21.0,1,0,1,56.0,0.0,110,1953,195,562,29056
151390,219871000,1,1,17,53.7183918,-1.3094880,102.069,2.999,-0.672,-0.492,0.000,-0.0110,0.0110,0.9930,-1.07,1.65,3.24,216.220,0.635,1.319,1,1386,1,21.0,1,0,1,56.0,0.0,110,1958,195,562,29056
151457,219871080,1,1,17,53.7183912,-1.3094884,102.077,3.514,-0.860,-0.462,0.000,-0.0250,0.0120,1.0230,-1.01,1.88,4.15,208.248,1.400,1.466,1,1359,1,24.3,1,0,1,56.0,0.0,110,1958,243,562,29056
151542,219871160,1,1,17,53.7183907,-1.3094888,102.082,2.873,-0.733,-0.316,0.000,-0.0250,0.0140,1.0150,-1.03,2.05,5.09,203.316,1.411,1.599,1,1363,1,25.8,1,0,1,56.0,0.0,110,1958,243,954,-24450
151605,219871240,1,1,17,53.7183901,-1.3094894,102.076,3.679,-0.906,-0.473,0.000,-0.0440,-0.0130,1.0170,-0.64,2.18,5.55,207.555,2.477,1.719,1,1363,1,25.8,1,0,1,56.0,0.0,110,1963,243,954,-24450
151695,219871280,1,1,17,53.7183896,-1.3094896,102.074,4.244,-1.071,-0.493,0.000,-0.0450,-0.0160,1.0090,-0.19,1.86,5.60,204.711,2.554,1.785,1,1410,1,29.1,1,0,1,56.0,0.0,110,1963,35,1419,-12672
151758,219871360,1,1,17,53.7183888,-1.3094901,102.060,3.751,-0.963,-0.398,0.000,-0.0420,-0.0030,1.0320,0.92,0.05,5.83,202.450,2.331,1.999,1,1328,1,29.1,1,0,1,56.0,0.0,110,1963,35,1419,-12672
151843,219871480,1,1,17,53.7183878,-1.3094906,102.100,4.439,-1.166,-0.402,0.000,0.0000,0.0530,0.9900,0.52,-0.71,6.68,199.019,-0.000,2.443,1,1328,1,31.8,1,0,1,56.0,0.0,111,1963,35,1217,-11905
151908,219871520,1,1,17,53.7183874,-1.3094908,102.106,4.378,-1.146,-0.405,0.000,-0.0290,0.0460,1.0220,-0.16,-0.18,7.10,199.474,1.625,2.564,1,1292,1,31.8,1,0,1,56.0,0.0,111,1963,35,1217,-11905
151995,219871600,1,1,17,53.7183866,-1.3094916,102.090,4.662,-1.178,-0.538,0.000,-0.0070,0.0530,1.0020,-2.03,0.33,8.49,204.543,0.400,2.724,1,1292,1,34.5,1,0,1,56.0,0.0,111,1963,89,1105,28284
152059,219871680,1,1,17,53.7183858,-1.3094921,102.129,4.151,-1.089,-0.378,0.000,-0.0050,0.0620,0.9970,-3.79,0.51,9.74,199.160,0.287,2.757,1,1355,1,34.5,1,0,1,56.0,0.0,111,1963,89,1105,28284
152148,219871760,1,1,17,53.7183852,-1.3094929,102.161,4.453,-1.107,-0.552,0.000,0.0060,0.0450,0.9870,-5.44,1.01,10.85,206.503,-0.348,2.603,1,1355,1,34.5,1,0,1,56.0,0.0,111,1979,89,1035,23933
152212,219871840,1,1,17,53.7183841,-1.3094938,102.126,5.119,-1.258,-0.662,0.000,0.0010,0.0100,1.0040,-5.95,1.31,11.71,207.759,-0.057,2.334,1,1355,1,34.5,1,0,1,56.0,0.0,111,1979,89,1035,23933
152299,219871920,1,1,17,53.7183832,-1.3094944,102.131,4.889,-1.275,-0.467,0.000,0.0020,-0.0260,0.9950,-5.92,1.51,11.98,200.123,-0.115,1.989,1,1390,1,34.5,1,0,1,56.0,0.0,111,1979,89,1035,23933
152365,219871960,1,1,17,53.7183829,-1.3094948,102.167,4.730,-1.227,-0.471,0.000,0.0000,-0.0610,0.9920,-4.54,1.31,11.60,201.013,-0.000,1.826,1,1390,1,34.5,1,0,1,56.0,0.0,111,1987,89,1209,11394
152452,219872040,1,1,17,53.7183820,-1.3094954,102.194,4.838,-1.261,-0.466,0.000,-0.0050,-0.0690,1.0150,-2.35,1.34,10.64,200.277,0.282,1.607,1,1386,1,41.3,1,0,1,56.0,0.0,111,1987,157,1209,11394
152517,219872120,1,1,17,53.7183810,-1.3094961,102.213,5.234,-1.373,-0.480,0.000,-0.0150,-0.0260,1.0630,-0.69,1.35,9.87,199.259,0.808,1.643,1,1386,1,41.3,1,0,1,56.0,0.0,111,1987,157,1500,20096
152603,219872200,1,1,17,53.7183799,-1.3094966,102.246,5.933,-1.596,-0.412,0.000,-0.0180,-0.0050,1.0750,-0.26,0.50,10.64,194.486,0.959,1.821,1,1386,1,43.1,1,0,1,56.0,0.0,110,1987,157,1844,-1663
152670,219872280,1,1,17,53.7183789,-1.3094973,102.258,5.274,-1.396,-0.445,0.000,0.0260,-0.0140,0.9670,0.19,0.14,11.12,197.675,-1.540,1.958,1,1406,1,43.1,1,0,1,56.0,0.0,110,1987,157,1844,-1663
152757,219872360,1,1,17,53.7183778,-1.3094976,102.248,5.112,-1.386,-0.308,0.000,0.0100,-0.0140,0.9460,0.75,1.28,11.08,192.544,-0.606,2.132,1,1406,1,43.1,1,0,1,56.0,0.0,110,1987,157,1886,-17537
152825,219872440,1,1,17,53.7183767,-1.3094982,102.219,5.368,-1.451,-0.343,0.000,0.0270,0.0340,0.9910,0.31,2.31,12.06,193.282,-1.561,2.385,1,1375,1,46.2,1,0,1,56.0,0.0,110,2007,157,2087,32126
152911,219872520,1,1,17,53.7183756,-1.3094988,102.281,5.962,-1.613,-0.373,0.000,0.0440,0.0520,0.9900,-0.71,3.25,14.05,193.011,-2.545,2.599,1,1425,1,46.2,1,0,1,56.0,0.0,110,2007,157,2087,32126
152976,219872600,1,1,17,53.7183742,-1.3094992,102.213,5.875,-1.597,-0.338,0.000,0.0040,0.0030,0.9950,-1.62,2.46,16.19,191.966,-0.230,2.637,1,1417,1,46.2,1,0,1,57.0,0.0,110,2007,157,2233,-1921
153060,219872680,1,1,17,53.7183733,-1.3094998,102.286,5.710,-1.551,-0.333,0.000,-0.0150,-0.0220,1.0220,-1.72,1.13,17.16,192.122,0.841,2.625,1,1417,1,49.6,1,0,1,57.0,0.0,111,2014,157,2233,-1921
153128,219872720,1,1,17,53.7183726,-1.3094999,102.290,5.933,-1.636,-0.198,0.000,0.0030,-0.0140,0.9960,-1.62,0.82,17.39,186.890,-0.173,2.618,1,1414,1,50.3,1,0,1,57.0,0.0,111,2017,157,2361,-9087
153214,219872800,1,1,17,53.7183712,-1.3095002,102.271,6.592,-1.823,-0.173,0.000,0.0070,0.0020,1.0230,-2.07,1.33,18.24,185.411,-0.392,2.619,1,1414,1,50.3,1,0,1,57.0,0.0,111,2017,247,2443,30078
153280,219872880,1,1,17,53.7183698,-1.3095005,102.195,5.954,-1.640,-0.211,0.000,0.0550,0.0210,0.9560,-2.85,1.76,19.17,187.328,-3.293,2.582,1,1460,1,50.4,1,0,1,57.0,0.0,110,2017,247,2443,30078
153367,219872960,1,1,17,53.7183686,-1.3095007,102.260,6.808,-1.884,-0.160,0.000,-0.0070,-0.0180,1.0020,-4.27,1.97,20.08,184.844,0.400,2.445,1,1460,1,50.4,1,0,1,57.0,0.0,110,2027,247,2238,-14720
153432,219873040,1,1,17,53.7183676,-1.3095013,102.293,5.573,-1.522,-0.282,0.000,0.0060,-0.0030,1.0360,-4.86,1.81,20.73,190.489,-0.332,2.237,1,1378,1,52.5,1,0,1,57.0,0.0,110,2027,13,2238,-14720
153520,219873120,1,1,17,53.7183663,-1.3095014,102.313,6.401,-1.774,-0.123,0.000,0.0310,-0.0070,1.0310,-5.55,1.24,21.02,183.959,-1.722,1.957,1,1378,1,52.5,1,0,1,57.0,0.0,111,2027,13,2241,-10370
153585,219873200,1,1,17,53.7183650,-1.3095012,102.321,6.448,-1.790,0.072,0.000,0.0090,-0.0220,0.9870,-6.96,0.89,21.05,177.690,-0.522,1.600,1,1378,1,52.5,1,0,1,57.0,0.0,111,2037,13,2297,-32385
153672,219873280,1,1,17,53.7183636,-1.3095013,102.313,7.168,-1.990,-0.067,0.000,0.0590,-0.0020,0.9390,-7.61,0.42,21.09,181.924,-3.595,1.180,1,1472,1,53.6,1,0,1,57.0,0.0,111,2037,24,2297,-32385
153738,219873360,1,1,17,53.7183622,-1.3095014,102.344,7.150,-1.984,-0.085,0.000,-0.0010,-0.0540,1.0680,-8.43,0.61,20.34,182.451,0.054,0.655,1,1402,1,53.6,1,0,1,57.0,0.0,111,2037,24,2034,10112
153825,219873440,1,1,17,53.7183609,-1.3095012,102.360,6.743,-1.868,0.130,0.000,0.0290,-0.0490,0.9980,-9.15,0.67,18.35,176.010,-1.664,0.094,1,1402,1,53.6,1,0,1,57.0,0.0,111,2049,24,1623,-1152
153896,219873520,1,1,17,53.7183596,-1.3095011,102.377,6.678,-1.854,0.064,0.000,0.0500,-0.0150,0.9590,-10.53,1.98,16.83,178.022,-2.985,-0.500,1,1433,1,56.4,1,0,1,57.0,0.0,110,2049,41,649,-31614
153984,219873600,1,1,17,53.7183582,-1.3095012,102.362,6.365,-1.768,-0.002,0.000,0.0210,-0.0490,0.9460,-12.28,2.57,14.89,180.063,-1.272,-1.272,1,1433,1,56.4,1,0,1,57.0,0.0,110,2059,41,64,640
154047,219873680,1,1,17,53.7183566,-1.3095009,102.361,7.758,-2.146,0.198,0.000,0.0020,-0.0890,0.9860,-12.08,1.73,11.94,174.727,-0.116,-2.093,1,1449,1,57.2,1,0,1,57.0,0.0,110,2059,60,64,640
154136,219873760,1,1,17,53.7183558,-1.3095008,102.475,6.145,-1.701,0.141,0.000,0.0020,-0.1380,1.0410,-10.83,2.62,7.12,175.273,-0.110,-2.914,1,1343,1,57.2,1,0,1,57.0,0.0,110,2059,60,-162,7041
154200,219873800,1,1,17,53.7183553,-1.3095006,102.501,5.652,-1.562,0.157,0.000,-0.0240,-0.1570,1.0510,-8.91,1.92,3.03,174.268,1.308,-3.250,1,1343,1,58.5,1,0,1,57.0,0.0,110,2071,60,-162,7041
154285,219873880,1,1,17,53.7183538,-1.3095002,102.480,6.757,-1.852,0.308,0.000,0.0270,-0.1020,1.0350,-5.93,0.87,-3.74,170.553,-1.494,-3.652,1,1390,1,59.3,1,0,1,57.0,0.0,110,2071,81,-960,12413
154353,219873960,1,1,17,53.7183519,-1.3094998,102.429,8.543,-2.341,0.389,0.000,0.0460,-0.0640,0.9810,-2.59,5.85,-10.16,170.558,-2.685,-3.747,1,1390,1,59.3,1,0,1,57.0,0.0,110,2071,81,-1544,3966
154436,219874040,1,1,15,53.7183508,-1.3094993,102.469,6.494,-1.769,0.351,0.000,-0.0250,-0.0150,1.0110,-0.50,3.96,-13.79,168.769,1.417,-3.521,1,1449,1,60.4,1,0,1,57.0,0.0,110,2071,81,-1544,3966
154504,219874120,1,1,17,53.7183492,-1.3094991,102.481,7.909,-2.183,0.248,0.000,0.0310,0.0070,0.9960,-0.67,0.97,-14.75,173.514,-1.783,-3.180,1,1449,1,60.4,1,0,1,57.0,0.0,110,2083,81,-1651,29570
154591,219874200,1,1,17,53.7183483,-1.3094988,102.545,5.692,-1.570,0.188,0.000,0.0620,-0.0080,1.0160,-0.47,0.39,-14.72,173.166,-3.492,-2.851,1,1437,1,61.2,1,0,1,57.0,0.0,110,2083,100,-1651,29570
154654,219874280,1,1,17,53.7183468,-1.3094987,102.553,6.689,-1.853,0.130,0.000,0.0560,0.0020,0.9920,0.72,-0.42,-14.44,175.979,-3.231,-2.450,1,1437,1,61.2,1,0,1,57.0,0.0,110,2083,100,-1659,-15487
154743,219874360,1,1,17,53.7183455,-1.3094985,102.604,7.150,-1.976,0.196,0.000,0.0040,0.0110,1.0290,0.77,-0.58,-14.08,174.337,-0.223,-2.013,1,1437,1,59.7,1,0,1,57.0,0.0,110,2083,100,-1659,-15487
154810,219874400,1,1,17,53.7183448,-1.3094982,102.654,7.394,-2.040,0.238,0.000,0.0320,0.0140,1.0070,0.36,-0.35,-13.74,173.357,-1.820,-1.817,1,1437,1,59.7,1,0,1,57.0,0.0,110,2083,100,-1446,-24705
154893,219874520,1,1,17,53.7183431,-1.3094986,102.706,6.487,-1.801,-0.062,0.000,0.0960,0.0250,0.9940,0.47,1.38,-11.45,181.985,-5.516,-1.183,1,1507,1,59.7,1,0,1,57.0,0.0,110,2083,100,-1206,-127
154960,219874560,1,1,17,53.7183428,-1.3094986,102.759,5.702,-1.582,-0.077,0.000,0.0770,0.0150,1.0770,0.25,0.88,-10.82,182.776,-4.089,-1.008,1,1507,1,59.3,1,0,1,57.0,0.0,109,2106,100,-1206,-127
155047,219874640,1,1,17,53.7183421,-1.3094988,102.822,5.033,-1.394,-0.105,0.000,0.1390,0.0340,1.0300,-0.80,-1.03,-9.04,184.304,-7.686,-0.688,1,1566,1,59.1,1,0,1,57.0,0.0,109,2106,100,-1161,13695
155115,219874720,1,1,17,53.7183414,-1.3094989,102.924,4.709,-1.306,-0.067,0.000,0.1390,0.0460,0.9140,-1.59,-1.24,-7.02,182.945,-8.647,-0.417,1,1417,-1,56.7,1,0,1,57.0,0.0,108,2106,55,-1161,13695
155200,219874800,1,1,16,53.7183406,-1.3094988,102.973,4.572,-1.270,-0.019,0.000,0.1040,0.0180,0.9540,-2.63,0.48,-5.37,180.857,-6.222,-0.271,1,1417,-1,56.7,1,0,1,57.0,0.0,108,2117,55,-1161,13695
155268,219874880,1,1,16,53.7183393,-1.3094985,102.948,4.932,-1.364,0.127,0.000,0.1270,0.0050,1.0390,-3.32,0.11,-4.01,174.682,-6.969,-0.230,1,1417,-1,51.4,1,0,1,57.0,0.0,108,2117,55,-660,13695
155357,219874960,1,1,17,53.7183385,-1.3094989,103.018,5.008,-1.390,-0.038,0.000,0.1670,-0.0090,0.9840,-4.08,-0.39,-3.62,181.583,-9.632,-0.295,1,1417,-1,49.5,1,0,1,57.0,0.0,108,2117,55,-660,13695
155422,219875040,1,1,17,53.7183381,-1.3094997,103.076,4.072,-1.097,-0.274,0.000,0.1380,-0.0280,0.9860,-3.92,0.69,-3.43,194.014,-7.967,-0.383,1,1417,-1,49.5,1,0,1,57.0,0.0,108,2127,55,-574,13695
155509,219875120,1,1,16,53.7183374,-1.3094990,103.111,3.553,-0.987,-0.007,0.000,0.1690,-0.0030,0.9820,-4.10,0.70,-3.11,180.396,-9.765,-0.463,1,1515,-1,46.8,1,0,1,57.0,0.0,108,2127,55,-506,-19841
155576,219875200,1,1,17,53.7183366,-1.3094999,103.146,3.884,-1.065,-0.173,0.000,0.2100,0.0170,1.0300,-4.38,-0.70,-2.52,189.218,-11.524,-0.494,1,1515,-1,46.8,1,0,1,58.0,0.0,108,2127,55,-450,-19841
155662,219875280,1,1,17,53.7183358,-1.3095000,103.191,3.974,-1.090,-0.174,0.000,0.2700,-0.0230,1.0140,-5.00,-1.62,-2.29,189.045,-14.910,-0.664,1,1515,-1,46.8,1,0,1,58.0,0.0,108,2135,55,-450,-19841
155728,219875320,1,1,17,53.7183349,-1.3094997,103.187,5.098,-1.414,-0.067,0.000,0.2860,-0.0300,0.9820,-4.42,-1.52,-2.06,182.721,-16.238,-0.734,1,1484,-1,40.1,1,0,1,58.0,0.0,108,2135,55,-576,-8061
155814,219875440,1,1,15,53.7183342,-1.3095002,103.255,2.905,-0.806,-0.040,0.000,0.3140,-0.0280,0.9190,-2.51,-0.25,-1.13,182.843,-18.864,-0.843,1,1476,-1,34.5,1,0,1,58.0,0.0,108,2135,55,-168,-6014
155880,219875480,1,1,16,53.7183339,-1.3095000,103.293,3.352,-0.929,0.054,0.000,0.2930,-0.0390,0.9960,-1.91,-0.67,-0.80,176.693,-16.393,-0.821,1,1476,-1,34.5,1,0,1,58.0,0.0,108,2141,55,-168,-6014
155965,219875560,1,1,17,53.7183335,-1.3094999,103.288,2.142,-0.587,0.095,0.000,0.3370,-0.0490,1.0370,-1.34,-1.91,-0.53,170.859,-18.003,-0.765,1,1429,-1,34.5,1,0,1,58.0,0.0,108,2141,55,215,6786
156033,219875640,1,1,17,53.7183337,-1.3094998,103.328,0.882,-0.227,0.092,0.000,0.4730,-0.0270,0.9830,-0.77,-3.47,0.15,157.877,-25.696,-0.587,1,1453,-1,34.5,1,0,1,58.0,0.0,108,2141,55,187,13440
156120,219875720,1,1,17,53.7183337,-1.3094998,103.332,0.284,-0.071,0.035,0.000,0.4740,-0.0220,0.8250,-1.14,0.30,0.36,153.885,-29.879,-0.466,1,1472,-1,24.8,1,0,1,58.0,0.0,108,2141,55,246,-22143
156188,219875800,1,1,17,53.7183339,-1.3094999,103.319,0.659,0.049,0.176,0.000,0.2700,0.0270,0.8810,-1.76,5.77,0.84,74.380,-17.039,-0.292,1,1496,-1,24.8,1,0,1,58.0,0.0,108,2141,55,187,17278
156275,219875880,1,1,17,53.7183341,-1.3094997,103.300,0.958,0.251,0.089,0.000,0.1150,0.0240,1.0000,-3.67,7.66,1.13,19.508,-6.560,-0.254,1,1460,-1,24.8,1,0,1,58.0,0.0,108,2141,55,-176,30333
156341,219875920,1,1,17,53.7183341,-1.3094997,103.299,0.796,0.211,0.065,0.000,0.0530,0.0230,1.0050,-4.08,8.51,1.17,17.119,-3.019,-0.258,1,1460,-1,24.8,1,0,1,58.0,0.0,108,2144,55,-176,30333
156428,219876040,1,1,17,53.7183340,-1.3094998,103.276,0.450,0.123,0.022,0.000,-0.1370,-0.0080,1.0210,-5.98,5.87,0.43,10.308,7.642,-0.504,1,1371,-1,24.8,1,0,1,58.0,0.0,108,2144,55,-467,-29058
156494,219876120,1,1,17,53.7183341,-1.3094999,103.288,0.400,0.108,-0.027,0.000,-0.1180,-0.0530,1.1190,-5.88,1.46,-0.12,345.773,6.020,-0.783,1,1472,-1,0.0,1,0,1,58.0,0.0,108,2144,55,-299,-31871
156580,219876200,1,1,17,53.7183340,-1.3094999,103.304,0.122,0.033,-0.008,0.000,0.0080,-0.0510,1.0550,-4.23,-1.99,0.06,345.773,-0.434,-1.007,1,1472,-1,0.0,1,0,1,58.0,0.0,108,2144,55,-299,-31871
156644,219876280,1,1,17,53.7183340,-1.3094998,103.312,0.068,0.018,-0.005,0.000,0.0420,-0.0590,0.9870,-3.01,-2.43,0.38,345.773,-2.437,-1.095,1,1457,-1,0.0,1,0,1,58.0,0.0,108,2144,55,39,-26494
156732,219876360,1,1,17,53.7183341,-1.3094999,103.320,0.356,0.096,-0.024,0.000,0.1180,-0.0330,0.9380,-2.50,-1.60,0.47,345.773,-7.170,-1.112,1,1386,-1,0.0,1,0,1,58.0,0.0,108,2144,55,39,-26494
156800,219876400,1,1,17,53.7183340,-1.3094999,103.308,0.007,0.002,-0.000,0.000,0.1080,-0.0250,0.9730,-2.26,-0.57,0.52,345.773,-6.334,-1.082,1,1375,-1,0.0,1,0,1,58.0,0.0,108,2144,55,187,16513
156886,219876520,1,1,17,53.7183341,-1.3094998,103.317,0.209,0.056,-0.014,0.000,0.0660,-0.0160,0.9750,-2.50,1.02,0.53,345.773,-3.873,-1.006,1,1375,-1,0.0,1,0,1,58.0,0.0,108,2144,0,126,-8575
156953,219876560,1,1,17,53.7183341,-1.3094998,103.312,0.342,0.092,-0.023,0.000,0.0510,-0.0240,0.9810,-2.52,1.21,0.58,345.773,-2.976,-0.988,1,1351,-1,0.0,1,0,1,58.0,0.0,106,2144,0,-123,-8575
157041,219876640,1,1,17,53.7183342,-1.3094998,103.326,0.299,0.080,-0.020,0.000,0.0370,-0.0330,1.0050,-2.42,1.72,0.59,345.773,-2.108,-0.962,1,1363,-1,0.0,1,0,1,58.0,0.0,106,2144,0,-123,-8575
157106,219876720,1,1,17,53.7183342,-1.3094998,103.331,0.151,0.041,-0.010,0.000,0.0350,-0.0420,1.0280,-1.85,1.54,0.56,345.773,-1.950,-0.925,1,1367,-1,0.0,1,0,1,58.0,0.0,106,2144,0,76,26495
157195,219876800,1,1,17,53.7183343,-1.3094998,103.349,0.274,0.074,-0.019,0.000,0.0420,-0.0350,1.0070,-1.27,1.04,0.47,345.773,-2.388,-0.840,1,1343,-1,0.0,1,0,1,58.0,0.0,107,2144,0,414,2176
157260,219876880,1,1,17,53.7183344,-1.3094999,103.358,0.205,0.055,-0.014,0.000,0.0680,-0.0110,0.9760,-1.29,0.92,0.53,345.773,-3.985,-0.688,1,1343,-1,0.0,1,0,1,58.0,0.0,107,2144,0,414,2176
157346,219876920,1,1,16,53.7183344,-1.3094999,103.357,0.248,0.067,-0.017,0.000,0.0660,-0.0070,0.9860,-1.58,1.03,0.51,345.773,-3.830,-0.619,1,1406,-1,0.0,1,0,1,58.0,0.0,107,2144,0,297,-19841
157410,219877040,1,1,16,53.7183344,-1.3094999,103.361,0.158,0.043,-0.011,0.000,0.0360,-0.0100,1.0040,-2.50,1.24,0.52,345.773,-2.054,-0.512,1,1410,-1,0.0,1,0,1,58.0,0.0,107,2144,0,297,-19841
157499,219877120,1,1,16,53.7183345,-1.3094999,103.365,0.108,0.029,-0.007,0.000,0.0340,-0.0130,1.0220,-3.10,1.09,0.51,345.773,-1.905,-0.502,1,1410,-1,0.0,1,0,1,58.0,0.0,107,2144,0,34,-14975
157570,219877160,1,1,16,53.7183346,-1.3095000,103.369,0.119,0.032,-0.008,0.000,0.0410,-0.0150,0.9990,-3.16,0.95,0.50,345.773,-2.350,-0.507,1,1351,-1,0.0,1,0,1,58.0,0.0,107,2144,0,34,-14975
157654,219877280,1,1,16,53.7183347,-1.3095001,103.384,0.104,0.028,-0.007,0.000,0.0430,-0.0210,0.9960,-2.94,0.80,0.42,345.773,-2.472,-0.533,1,1421,-1,0.0,1,0,1,58.0,0.0,107,2144,0,-118,-14975
157720,219877320,1,1,16,53.7183347,-1.3095000,103.387,0.230,0.062,-0.016,0.000,0.0310,-0.0260,1.0320,-3.02,0.78,0.32,345.773,-1.721,-0.544,1,1492,-1,0.0,1,0,1,58.0,0.0,107,2144,0,-118,-14975
157807,219877400,1,1,16,53.7183348,-1.3095001,103.397,0.104,0.028,-0.007,0.000,0.0480,0.0000,1.0060,-3.65,0.49,0.35,345.773,-2.732,-0.561,1,1492,-1,0.0,1,0,1,58.0,0.0,107,2144,0,-120,21630
157874,219877480,1,1,16,53.7183348,-1.3095002,103.400,0.119,0.032,-0.008,0.000,0.0580,-0.0020,0.9910,-4.44,0.65,0.66,345.773,-3.350,-0.630,1,1429,-1,0.0,1,0,1,58.0,0.0,107,2144,0,-165,21630
157960,219877560,1,1,16,53.7183348,-1.3095002,103.403,0.086,0.023,-0.006,0.000,0.0620,-0.0200,0.9890,-4.54,0.89,0.67,345.773,-3.587,-0.757,1,1425,-1,0.0,1,0,1,58.0,0.0,107,2144,0,-165,21630
158027,219877640,1,1,16,53.7183349,-1.3095003,103.420,0.140,0.038,-0.010,0.000,0.0510,-0.0360,0.9980,-4.11,0.84,0.56,345.773,-2.925,-0.891,1,1425,-1,0.0,1,0,1,58.0,0.0,107,2144,0,-165,3457
158115,219877720,1,1,16,53.7183349,-1.3095003,103.433,0.094,0.025,-0.006,0.000,0.0290,-0.0400,1.0270,-3.43,0.64,0.55,345.773,-1.617,-0.966,1,1472,-1,0.0,1,0,1,58.0,0.0,107,2144,0,-22,28545
158181,219877800,1,1,16,53.7183349,-1.3095004,103.441,0.076,0.020,-0.005,0.000,0.0520,-0.0300,0.9940,-3.60,0.64,0.43,345.773,-2.995,-1.033,1,1445,-1,0.0,1,0,1,58.0,0.0,107,2144,0,-22,28545
158268,219877880,1,1,16,53.7183350,-1.3095004,103.462,0.079,0.021,-0.005,0.000,0.0500,-0.0340,0.9910,-3.42,0.79,0.54,345.773,-2.888,-1.075,1,1445,-1,0.0,1,0,1,58.0,0.0,107,2144,0,-20,16257
158336,219877920,1,1,16,53.7183351,-1.3095005,103.464,0.162,0.044,-0.011,0.000,0.0560,-0.0350,0.9810,-3.32,0.81,0.53,345.773,-3.267,-1.100,1,1378,-1,0.0,1,0,1,58.0,0.0,107,2144,0,-20,-22911
158422,219878040,1,1,16,53.7183352,-1.3095006,103.483,0.097,0.026,-0.007,0.000,0.0350,-0.0430,1.0170,-3.01,0.92,0.47,345.773,-1.971,-1.160,1,1441,-1,0.0,1,0,1,58.0,0.0,107,2144,0,-20,-22911
158486,219878120,1,1,16,53.7183352,-1.3095006,103.486,0.047,0.013,-0.003,0.000,0.0300,-0.0360,1.0290,-2.93,0.92,0.49,345.773,-1.670,-1.162,1,1441,-1,0.0,1,0,1,58.0,0.0,107,2144,0,-84,-17024
158572,219878200,1,1,16,53.7183353,-1.3095006,103.503,0.133,0.036,-0.009,0.000,0.0550,-0.0270,0.9910,-3.27,0.76,0.47,345.773,-3.177,-1.187,1,1328,-1,0.0,1,0,1,58.0,0.0,107,2144,0,-84,-17024
158640,219878240,1,1,16,53.7183353,-1.3095006,103.502,0.050,0.014,-0.003,0.000,0.0580,-0.0200,0.9890,-3.21,0.75,0.53,345.773,-3.356,-1.187,1,1367,-1,0.0,1,0,1,58.0,0.0,107,2144,0,-25,-12417
158724,219878320,1,1,16,53.7183353,-1.3095006,103.508,0.119,0.032,-0.008,0.000,0.0580,-0.0260,0.9820,-3.33,0.81,0.51,345.773,-3.380,-1.219,1,1367,-1,0.0,1,0,1,58.0,0.0,107,2144,0,-84,-17793
158794,219878400,1,1,16,53.7183354,-1.3095008,103.521,0.144,0.039,-0.010,0.000,0.0360,-0.0420,1.0260,-3.19,0.81,0.50,345.773,-2.010,-1.249,1,1445,-1,0.0,1,0,1,58.0,0.0,107,2144,0,53,-28288
158882,219878480,1,1,16,53.7183355,-1.3095008,103.530,0.148,0.040,-0.010,0.000,0.0430,-0.0350,1.0120,-3.20,0.81,0.53,345.773,-2.433,-1.287,1,1390,-1,0.0,1,0,1,58.0,0.0,107,2144,0,53,-28288
158948,219878560,1,1,16,53.7183355,-1.3095008,103.531,0.025,0.007,-0.002,0.000,0.0510,-0.0340,0.9980,-3.43,0.87,0.47,345.773,-2.925,-1.332,1,1402,-1,0.0,1,0,1,58.0,0.0,107,2144,0,-48,31873
159036,219878640,1,1,16,53.7183355,-1.3095008,103.530,0.058,0.016,-0.004,0.000,0.0430,-0.0370,1.0060,-3.22,0.84,0.51,345.773,-2.448,-1.365,1,1402,-1,0.0,1,0,1,58.0,0.0,107,2144,0,39,-16511
159102,219878720,1,1,16,53.7183356,-1.3095008,103.538,0.241,0.065,-0.016,0.000,0.0440,-0.0320,0.9950,-3.17,0.84,0.51,345.773,-2.532,-1.386,1,1386,-1,0.0,1,0,1,58.0,0.0,107,2144,0,39,-16511
159188,219878800,1,1,16,53.7183355,-1.3095008,103.529,0.025,0.007,-0.002,0.000,0.0470,-0.0350,1.0040,-3.32,0.88,0.47,345.773,-2.680,-1.419,1,1449,-1,0.0,1,0,1,58.0,0.0,107,2144,0,-81,4225
159255,219878880,1,1,16,53.7183355,-1.3095008,103.536,0.140,0.038,-0.010,0.000,0.0350,-0.0480,1.0160,-3.41,0.88,0.44,345.773,-1.973,-1.460,1,1367,-1,0.0,1,0,1,58.0,0.0,106,2144,0,-81,4225
159340,219878920,1,1,16,53.7183355,-1.3095008,103.533,0.130,0.035,-0.009,0.000,0.0470,-0.0350,0.9900,-3.47,0.82,0.44,345.773,-2.718,-1.482,1,1488,-1,0.0,1,0,1,58.0,0.0,106,2144,0,-81,4225
159405,219879040,1,1,16,53.7183355,-1.3095008,103.525,0.047,0.013,-0.003,0.000,0.0420,-0.0340,1.0050,-3.08,0.77,0.55,345.773,-2.393,-1.481,1,1488,-1,0.0,1,0,1,58.0,0.0,106,2144,0,-76,-3969
159491,219879080,1,1,16,53.7183355,-1.3095008,103.532,0.090,0.024,-0.006,0.000,0.0530,-0.0310,0.9830,-3.27,0.79,0.50,345.773,-3.086,-1.490,1,1449,-1,0.0,1,0,1,58.0,0.0,106,2144,0,-76,-3969
159556,219879160,1,1,16,53.7183354,-1.3095007,103.518,0.036,0.010,-0.002,0.000,0.0470,-0.0410,1.0100,-3.25,0.78,0.50,345.773,-2.664,-1.516,1,1449,-1,0.0,1,0,1,58.0,0.0,106,2144,0,39,-23936
159648,219879280,1,1,16,53.7183354,-1.3095006,103.515,0.029,0.008,-0.002,0.000,0.0440,-0.0420,1.0050,-3.15,0.86,0.48,345.773,-2.507,-1.561,1,1414,-1,0.0,1,0,1,58.0,0.0,106,2144,0,39,-23936
159719,219879320,1,1,16,53.7183354,-1.3095006,103.510,0.040,0.011,-0.003,0.000,0.0460,-0.0350,0.9990,-3.11,0.86,0.49,345.773,-2.636,-1.566,1,1351,0,0.0,1,0,1,58.0,0.0,106,2144,0,39,-23936
159803,219879400,1,1,16,53.7183354,-1.3095006,103.510,0.076,0.020,-0.005,0.000,0.0520,-0.0330,0.9870,-3.15,0.82,0.47,345.773,-3.016,-1.587,1,1351,0,0.0,1,0,1,58.0,0.0,106,2144,0,59,-30847
159872,219879480,1,1,16,53.7183354,-1.3095005,103.512,0.083,0.022,-0.006,0.000,0.0550,-0.0340,0.9940,-3.10,0.78,0.48,345.773,-3.167,-1.592,1,1328,0,0.0,1,0,1,58.0,0.0,106,2144,0,59,-30847
159958,219879560,1,1,16,53.7183354,-1.3095006,103.515,0.112,0.030,-0.008,0.000,0.0440,-0.0530,1.0040,-3.08,0.94,0.44,345.773,-2.509,-1.631,1,1378,0,0.0,1,0,1,58.0,0.0,106,2144,0,-90,9857
160025,219879640,1,1,16,53.7183354,-1.3095005,103.517,0.205,0.055,-0.014,0.000,0.0550,-0.0540,0.9880,-2.28,0.92,0.26,345.773,-3.186,-1.628,1,1378,0,0.0,1,0,1,58.0,0.0,106,2144,0,-90,9857
160112,219879720,1,1,16,53.7183354,-1.3095004,103.518,0.115,0.031,-0.008,0.000,0.0250,-0.0330,1.0390,-1.82,0.54,0.16,345.773,-1.378,-1.551,1,1324,0,0.0,1,0,1,58.0,0.0,105,2144,0,-90,9857
160178,219879800,1,1,16,53.7183353,-1.3095005,103.516,0.126,0.034,-0.009,0.000,0.0420,-0.0140,1.0060,-2.69,0.00,0.36,345.773,-2.391,-1.467,1,1324,0,0.0,1,0,1,58.0,0.0,105,2144,0,218,24446
160266,219879880,1,1,16,53.7183354,-1.3095005,103.531,0.122,0.033,-0.008,0.000,0.0600,-0.0380,0.9800,-3.24,0.44,0.55,345.773,-3.504,-1.477,1,1394,0,0.0,1,0,1,58.0,0.0,105,2144,0,-14,5759
160333,219879920,1,1,16,53.7183354,-1.3095005,103.531,0.083,0.022,-0.006,0.000,0.0550,-0.0600,0.9850,-2.90,0.75,0.53,345.773,-3.196,-1.506,1,1375,0,0.0,1,0,1,58.0,0.0,106,2144,0,-14,5759
160417,219880040,1,1,16,53.7183354,-1.3095004,103.535,0.169,0.046,-0.012,0.000,0.0340,-0.1020,1.0200,0.62,1.38,0.34,345.773,-1.909,-1.431,1,1234,0,0.0,1,0,1,58.0,0.0,106,2144,0,263,-11132
160483,219880120,1,1,16,53.7183354,-1.3095002,103.538,0.349,0.094,-0.024,0.000,0.0410,-0.0980,1.0150,3.86,1.83,0.09,345.773,-2.313,-1.100,1,1250,0,0.0,1,0,1,58.0,0.0,106,2144,0,655,-12925
160571,219880160,1,1,16,53.7183354,-1.3095002,103.544,0.313,0.084,-0.021,0.000,0.0410,-0.0630,0.9970,5.27,1.80,0.13,345.773,-2.355,-0.818,1,1250,0,0.0,1,0,1,58.0,0.0,106,2144,0,655,-12925
160636,219880240,1,1,16,53.7183353,-1.3095000,103.548,0.353,0.095,-0.024,0.000,0.0590,-0.0260,0.9920,6.80,1.62,0.07,345.773,-3.404,-0.139,1,1355,0,0.0,1,0,1,58.0,0.0,106,2144,0,1505,-12925
160722,219880360,1,1,16,53.7183353,-1.3094998,103.562,0.511,0.138,-0.035,0.000,0.0450,0.0630,0.9930,6.29,1.23,0.55,345.773,-2.595,1.179,1,1355,0,0.0,1,0,1,58.0,0.0,106,2144,0,1505,-12925
160789,219880400,1,1,16,53.7183354,-1.3094998,103.575,0.457,0.123,-0.031,0.000,0.0470,0.0840,0.9900,4.90,1.43,0.54,345.773,-2.718,1.569,1,1398,0,0.0,1,0,1,58.0,0.0,106,2144,0,1340,3710
160877,219880480,1,1,16,53.7183353,-1.3094998,103.572,0.068,0.018,-0.005,0.000,0.0370,0.0870,1.0170,1.58,1.89,0.14,345.773,-2.084,2.137,1,1382,0,0.0,1,0,1,58.0,0.0,106,2144,0,691,-25218
160943,219880560,1,1,16,53.7183353,-1.3094998,103.580,0.133,0.036,-0.009,0.000,0.0160,0.0760,1.0250,-0.70,1.20,0.09,345.773,-0.894,2.457,1,1382,0,0.0,1,0,1,58.0,0.0,106,2144,0,691,-25218
161029,219880640,1,1,16,53.7183353,-1.3094998,103.602,0.212,0.057,-0.015,0.000,0.0430,0.0590,0.9930,-2.50,-0.09,0.30,345.773,-2.480,2.603,1,1375,0,0.0,1,0,1,58.0,0.0,106,2144,0,691,-25218
161095,219880720,1,1,16,53.7183352,-1.3094998,103.602,0.263,0.071,-0.018,0.000,0.0740,0.0430,0.9620,-3.45,0.04,0.35,345.773,-4.399,2.599,1,1343,0,0.0,1,0,1,58.0,0.0,106,2145,0,-140,1149
161181,219880800,1,1,16,53.7183353,-1.3094998,103.602,0.058,0.016,-0.004,0.000,0.0390,0.0340,1.0020,-3.39,0.57,0.59,345.773,-2.229,2.567,1,1343,0,0.0,1,0,1,58.0,0.0,106,2145,0,-140,1149
161246,219880880,1,1,16,53.7183353,-1.3094998,103.611,0.137,0.037,-0.009,0.000,0.0590,0.0410,0.9810,-3.65,0.90,0.48,345.773,-3.442,2.506,1,1343,0,0.0,1,0,1,58.0,0.0,106,2145,0,25,-24706
161333,219880920,1,1,16,53.7183352,-1.3094998,103.614,0.122,0.033,-0.008,0.000,0.0520,0.0310,0.9830,-3.84,0.97,0.37,345.773,-3.028,2.467,1,1343,0,0.0,1,0,1,58.0,0.0,106,2145,0,25,-24706
161400,219881000,1,1,16,53.7183352,-1.3094998,103.616,0.068,0.018,-0.005,0.000,0.0420,0.0160,1.0050,-3.51,1.05,0.43,345.773,-2.393,2.370,1,1378,0,0.0,1,0,1,58.0,0.0,106,2145,0,-106,-128
161483,219881080,1,1,16,53.7183352,-1.3094998,103.625,0.083,0.022,-0.006,0.000,0.0430,0.0250,1.0020,-3.18,1.04,0.42,345.773,-2.457,2.318,1,1363,0,0.0,1,0,1,58.0,0.0,106,2145,0,-17,-11392
161551,219881160,1,1,16,53.7183352,-1.3094998,103.627,0.104,0.028,-0.007,0.000,0.0480,0.0270,0.9970,-2.92,0.90,0.41,345.773,-2.756,2.296,1,1363,0,0.0,1,0,1,58.0,0.0,106,2145,0,-17,-11392
161637,219881240,1,1,16,53.7183351,-1.3094998,103.629,0.094,0.025,-0.006,0.000,0.0420,0.0260,1.0020,-2.72,0.84,0.46,345.773,-2.400,2.299,1,1371,0,0.0,1,0,1,58.0,0.0,106,2145,0,-56,5246
161704,219881320,1,1,16,53.7183350,-1.3094998,103.636,0.130,0.035,-0.009,0.000,0.0410,0.0270,0.9990,-2.66,0.84,0.46,345.773,-2.350,2.314,1,1371,0,0.0,1,0,1,58.0,0.0,106,2145,0,92,12413
161791,219881400,1,1,16,53.7183351,-1.3094998,103.656,0.050,0.014,-0.003,0.000,0.0400,0.0390,1.0000,-2.59,0.86,0.53,345.773,-2.291,2.355,1,1371,0,0.0,1,0,1,58.0,0.0,107,2145,0,92,12413
161856,219881480,1,1,16,53.7183350,-1.3094998,103.660,0.112,0.030,-0.008,0.000,0.0280,0.0350,1.0290,-2.65,0.83,0.60,345.773,-1.559,2.369,1,1371,0,0.0,1,0,1,58.0,0.0,107,2145,0,126,24958
161945,219881560,1,1,16,53.7183350,-1.3094998,103.659,0.072,0.019,-0.005,0.000,0.0600,0.0490,0.9760,-3.02,0.89,0.47,345.773,-3.518,2.368,1,1289,0,0.0,1,0,1,58.0,0.0,106,2145,0,-90,-32641
162012,219881600,1,1,16,53.7183349,-1.3094998,103.653,0.115,0.031,-0.008,0.000,0.0280,0.0350,1.0170,-3.01,0.89,0.58,345.773,-1.577,2.367,1,1289,0,0.0,1,0,1,58.0,0.0,106,2145,0,-90,-32641
162095,219881720,1,1,16,53.7183350,-1.3094998,103.684,0.050,0.014,-0.003,0.000,0.0550,0.0440,0.9750,-3.34,0.90,0.45,345.773,-3.229,2.341,1,1300,0,0.0,1,0,1,58.0,0.0,106,2145,0,-123,-21121
162164,219881760,1,1,16,53.7183350,-1.3094998,103.684,0.076,0.020,-0.005,0.000,0.0320,0.0320,1.0130,-3.15,0.89,0.57,345.773,-1.809,2.332,1,1375,0,0.0,1,0,1,59.0,0.0,106,2145,0,-22,-387
162251,219881840,1,1,16,53.7183350,-1.3094998,103.693,0.068,0.018,-0.005,0.000,0.0490,0.0260,0.9940,-3.36,0.82,0.44,345.773,-2.822,2.282,1,1375,0,0.0,1,0,1,59.0,0.0,106,2145,0,-22,-387
162315,219881920,1,1,16,53.7183349,-1.3094998,103.705,0.083,0.022,-0.006,0.000,0.0410,0.0170,1.0060,-3.21,0.83,0.48,345.773,-2.334,2.231,1,1394,0,0.0,1,0,1,59.0,0.0,106,2145,0,64,-2690
162403,219882040,1,1,16,53.7183349,-1.3094998,103.700,0.176,0.047,-0.012,0.000,0.0400,0.0220,1.0020,-3.11,0.84,0.45,345.773,-2.286,2.182,1,1347,0,0.0,1,0,1,59.0,0.0,106,2145,0,45,-2690
162469,219882080,1,1,16,53.7183348,-1.3094998,103.698,0.065,0.017,-0.004,0.000,0.0420,0.0220,1.0040,-3.11,0.80,0.46,345.773,-2.395,2.167,1,1347,0,0.0,1,0,1,59.0,0.0,106,2145,0,0,-22912
162559,219882160,1,1,16,53.7183348,-1.3094999,103.702,0.090,0.024,-0.006,0.000,0.0480,0.0360,0.9910,-2.93,0.88,0.51,345.773,-2.773,2.161,1,1328,0,0.0,1,0,1,59.0,0.0,106,2145,0,-22,-24960
162625,219882240,1,1,16,53.7183349,-1.3094999,103.718,0.173,0.047,-0.012,0.000,0.0510,0.0170,0.9950,-3.24,0.77,0.39,345.773,-2.934,2.132,1,1304,0,0.0,1,0,1,59.0,0.0,106,2145,0,-73,-24960
162715,219882320,1,1,16,53.7183349,-1.3094999,103.725,0.061,0.016,-0.004,0.000,0.0620,0.0370,0.9800,-3.19,0.82,0.44,345.773,-3.620,2.141,1,1343,0,0.0,1,0,1,59.0,0.0,106,2145,0,-3,-24960
162782,219882400,1,1,16,53.7183349,-1.3094999,103.721,0.029,0.008,-0.002,0.000,0.0380,0.0230,1.0130,-3.24,0.81,0.49,345.773,-2.148,2.127,1,1328,0,0.0,1,0,1,59.0,0.0,106,2145,0,-64,-24960
162867,219882480,1,1,16,53.7183348,-1.3095000,103.712,0.086,0.023,-0.006,0.000,0.0400,0.0320,0.9910,-3.23,0.90,0.47,345.773,-2.311,2.110,1,1355,0,0.0,1,0,1,59.0,0.0,106,2145,0,-31,13181
